"ID","GPA","X2553_GPAX","entry2553_GPAX","EnrolledYear","Semester"
5313404454,2.92,2.24,3.71,2555,2
5313404454,2.44,2.44,3.71,2553,1
5313404454,2.39,2.01,3.71,2555,1
5313404454,2,1.91,3.71,2554,3
5313404454,2.44,2.32,3.71,2556,1
5313404454,2,2.37,3.71,2556,2
5313404454,1.69,2.26,3.71,2554,1
5313404454,2.74,2.59,3.71,2553,2
5313404454,0.95,1.9,3.71,2554,2
5313400771,2.4,2.81,3.08,2554,1
5313400771,3.07,3.07,3.08,2553,1
5313400771,3,3.03,3.08,2553,2
5313400771,2.09,2.64,3.08,2554,2
5313400771,2.4,2.58,3.08,2555,1
5313400771,2.42,2.44,3.08,2556,2
5313400771,1.88,2.46,3.08,2555,2
5313400771,2.36,2.44,3.08,2556,1
5313401005,2,2.21,3.53,2556,2
5313401005,1.91,2.1,3.53,2554,2
5313401005,2.65,2.47,3.53,2553,2
5313401005,2.29,2.29,3.53,2553,1
5313401005,2.35,2.31,3.53,2557,1
5313401005,1.32,2.05,3.53,2554,1
5313401005,1.94,2.19,3.53,2556,1
5313401005,2.2,2.12,3.53,2555,2
5313401005,1.6,2.03,3.53,2555,1
5313407200,0.14,1.09,3.37,2553,2
5313407200,2.04,2.04,3.37,2553,1
5313401048,2.15,2.04,3.07,2555,2
5313401048,1.08,1.96,3.07,2556,2
5313401048,1.67,2.01,3.07,2556,3
5313401048,1.59,2.01,3.07,2556,1
5313401048,1.82,2.01,3.07,2555,1
5313401048,2.1,2.06,3.07,2554,2
5313401048,1.25,1.99,3.07,2554,3
5313401048,1.86,2.04,3.07,2554,1
5313401048,2.07,2.07,3.07,2553,1
5313401048,2.27,2.17,3.07,2553,2
5313401077,2.68,2.62,3,2556,1
5313401077,1.87,2.35,3,2555,1
5313401077,2.9,2.47,3,2555,2
5313401077,2.5,2.66,3,2556,2
5313401077,2.58,2.41,3,2554,2
5313401077,2.21,2.2,3,2553,2
5313401077,1.84,2.2,3,2554,1
5313401077,2.19,2.19,3,2553,1
5313404724,3,3.11,2.89,2553,3
5313404724,3.14,3.13,2.89,2553,2
5313404724,3.1,3.1,2.89,2553,1
5313404724,2.38,2.9,2.89,2556,2
5313404724,2.75,2.94,2.89,2556,1
5313404724,2.93,3.03,2.89,2554,2
5313404724,2.36,2.96,2.89,2555,2
5313404724,3.03,3.08,2.89,2555,1
5313404724,2.98,3.06,2.89,2554,1
5313404724,4,3.1,2.89,2554,3
5313401084,3.05,2.73,2.94,2554,2
5313401084,2.7,2.79,2.94,2555,2
5313401084,2.98,2.81,2.94,2555,1
5313401084,3,2.76,2.94,2554,3
5313401084,2.72,2.61,2.94,2554,1
5313401084,2.62,2.53,2.94,2553,2
5313401084,2.44,2.44,2.94,2553,1
5313401093,3.43,3.38,2.53,2553,2
5313401093,3.33,3.33,2.53,2553,1
5313401093,1.8,2.81,2.53,2555,2
5313401093,2.58,2.94,2.53,2555,1
5313401093,2,2.91,2.53,2556,3
5313401093,2.5,2.92,2.53,2554,3
5313401093,2.93,2.9,2.53,2556,1
5313401093,2.64,2.87,2.53,2556,2
5313401093,2.5,3.05,2.53,2554,1
5313401093,2.25,2.95,2.53,2554,2
5313401499,3,2.74,3.34,2554,2
5313401499,3.44,2.89,3.34,2556,1
5313401499,2.74,2.74,3.34,2553,1
5313401499,2.6,2.68,3.34,2553,2
5313401499,2.58,2.64,3.34,2554,1
5313401499,3.08,2.82,3.34,2555,2
5313401499,3.63,2.79,3.34,2554,3
5313401499,2.58,2.75,3.34,2555,1
5313401513,2.8,2.88,3.42,2553,2
5313401513,2.45,2.6,3.42,2554,2
5313401513,2.25,2.66,3.42,2554,1
5313401513,2.45,2.57,3.42,2555,1
5313401513,2.95,2.95,3.42,2553,1
5313401513,2.4,2.49,3.42,2556,1
5313401513,2.18,2.5,3.42,2555,2
5313402006,2.66,2.66,3.61,2553,1
5313402006,1.4,2.27,3.61,2554,1
5313402006,1,2.63,3.61,2553,3
5313402006,2.45,2.55,3.61,2553,2
5313402006,1.93,2.17,3.61,2554,2
5313402006,0,2.34,3.61,2557,2
5313402006,1.84,2.38,3.61,2557,1
5313402006,1.09,1.98,3.61,2555,1
5313402006,2.14,2.19,3.61,2555,2
5313402006,2.07,2.22,3.61,2556,1
5313402006,2.09,2.34,3.61,2556,2
5313402006,0,2.17,3.61,2554,3
5313402006,1.75,2.32,3.61,2556,3
5313405524,0,1.64,2.35,2557,2
5313405524,0.82,1.57,2.35,2554,1
5313405524,1.87,1.96,2.35,2553,2
5313405524,2.06,2.06,2.35,2553,1
5313405524,1.69,2.01,2.35,2555,2
5313405524,2.77,1.85,2.35,2554,2
5313405524,0,1.77,2.35,2557,1
5313405524,0.5,1.86,2.35,2556,3
5313405524,0,1.87,2.35,2556,2
5313405524,1.24,1.92,2.35,2556,1
5313405524,2.27,2.08,2.35,2555,1
5313405524,2.84,2.04,2.35,2554,3
5313402511,2.41,2.18,3.07,2555,2
5313402511,2.68,2.55,3.07,2553,2
5313402511,2.45,2.45,3.07,2553,1
5313402511,3.21,2.33,3.07,2556,1
5313402511,1.75,2.16,3.07,2554,2
5313402511,1.84,2.3,3.07,2554,1
5313402511,2.11,2.12,3.07,2555,1
5313402511,1.5,2.13,3.07,2554,3
5313405548,3.08,2.75,2.97,2554,1
5313405548,2.53,2.55,2.97,2553,2
5313405548,2.56,2.56,2.97,2553,1
5313405548,3,2.86,2.97,2554,3
5313405548,3.15,2.85,2.97,2554,2
5313406408,2.53,2.46,2.31,2553,2
5313406408,3.67,2.81,2.31,2556,1
5313406408,2.43,2.45,2.31,2554,1
5313406408,2.74,2.53,2.31,2554,2
5313406408,2.37,2.37,2.31,2553,1
5313406408,3.63,2.87,2.31,2556,2
5313406408,2.74,2.58,2.31,2555,1
5313406408,3.1,2.67,2.31,2555,2
5313410645,2.47,2.47,3.09,2553,1
5313410645,2.4,2.43,3.09,2553,2
5313410645,1.5,1.76,3.09,2554,3
5313410645,1.23,2.12,3.09,2554,1
5313410645,0.8,1.78,3.09,2554,2
5313410645,2.73,2.24,3.09,2555,2
5313410645,2.79,2.58,3.09,2556,2
5313410645,3.25,2.42,3.09,2556,1
5313410645,2.25,2.02,3.09,2555,1
5313410645,2.47,2.47,3.2,2553,1
5313410645,2.4,2.43,3.2,2553,2
5313410645,1.5,1.76,3.2,2554,3
5313410645,1.23,2.12,3.2,2554,1
5313410645,0.8,1.78,3.2,2554,2
5313410645,2.73,2.24,3.2,2555,2
5313410645,2.79,2.58,3.2,2556,2
5313410645,3.25,2.42,3.2,2556,1
5313410645,2.25,2.02,3.2,2555,1
5313403837,1.5,2.28,2.64,2555,2
5313403837,2.22,2.33,2.64,2556,1
5313403837,0,2.31,2.64,2556,3
5313403837,2.19,2.36,2.64,2556,2
5313403837,1.88,2.19,2.64,2554,2
5313403837,2.3,2.37,2.64,2555,1
5313403837,2,2.18,2.64,2554,3
5313403837,2.42,2.59,2.64,2553,2
5313403837,1.74,2.31,2.64,2554,1
5313403837,2.75,2.75,2.64,2553,1
5313400776,0.78,0.78,2.86,2553,1
5313401288,3.58,3.67,3.4,2553,2
5313401288,3.5,3.63,3.4,2555,2
5313401288,3.55,3.62,3.4,2556,1
5313401288,3.79,3.79,3.4,2553,1
5313401288,3.45,3.62,3.4,2554,2
5313401288,3.79,3.66,3.4,2555,1
5313401288,3.7,3.68,3.4,2554,1
5313404809,3.29,3.21,3.61,2555,2
5313404809,3.1,3.19,3.61,2555,1
5313404809,3.61,3.21,3.61,2554,2
5313404809,3.36,3.06,3.61,2554,1
5313404809,2.79,2.79,3.61,2553,1
5313404809,2.98,2.9,3.61,2553,2
5313406686,2.5,2.1,2.79,2554,3
5313406686,2.12,2.1,2.79,2555,1
5313406686,2.15,1.98,2.79,2554,2
5313406686,1.64,1.92,2.79,2554,1
5313406686,2.42,2.16,2.79,2555,2
5313406686,2.82,2.35,2.79,2556,1
5313406686,2.2,2.07,2.79,2553,2
5313406686,1.95,1.95,2.79,2553,1
5313400567,2.89,2.42,3.78,2556,1
5313400567,2.32,2.32,3.78,2553,1
5313400567,2.3,2.35,3.78,2555,2
5313400567,3,2.25,3.78,2554,3
5313400567,2.78,2.36,3.78,2555,1
5313400567,2.2,2.45,3.78,2556,2
5313400567,2.07,2.19,3.78,2554,2
5313400567,1.73,2.1,3.78,2554,1
5313400567,2.3,2.31,3.78,2553,2
5313400622,0.62,0.88,2.72,2553,2
5313400622,0.92,0.92,2.72,2553,1
5313400627,1.48,2.05,2.55,2553,2
5313400627,1.3,1.82,2.55,2554,2
5313400627,2.62,2.62,2.55,2553,1
5313400627,1.25,2.08,2.55,2553,3
5313400627,0.63,1.75,2.55,2554,1
5313400673,2.24,2.28,3.28,2555,2
5313400673,2.37,2.35,3.28,2556,1
5313400673,1.75,2.29,3.28,2553,3
5313400673,2.26,2.29,3.28,2555,1
5313400673,2.75,2.3,3.28,2554,3
5313400673,2,2.17,3.28,2554,2
5313400673,2,2.21,3.28,2554,1
5313400673,1.95,1.95,3.28,2553,1
5313400673,2.43,2.2,3.28,2553,2
5313400699,2,2.82,3.13,2553,3
5313400699,1.39,2.27,3.13,2555,2
5313400699,2.42,2.37,3.13,2556,1
5313400699,2.2,2.42,3.13,2555,1
5313400699,2.25,2.47,3.13,2554,3
5313400699,2.23,2.48,3.13,2554,2
5313400699,2.86,2.89,3.13,2553,2
5313400699,2.92,2.92,3.13,2553,1
5313400699,2.1,2.57,3.13,2554,1
5313404412,1.03,1.03,2.65,2553,1
5313404412,1.39,1.31,2.65,2553,2
5313404412,0,1.2,2.65,2553,3
5313400728,3.05,2.89,3.32,2553,2
5313400728,2.5,2.86,3.32,2553,3
5313400728,2.67,2.67,3.32,2553,1
5313400728,2.5,2.73,3.32,2554,1
5313400728,3.29,2.78,3.32,2556,1
5313400728,2,2.78,3.32,2554,3
5313400728,3.06,2.7,3.32,2555,2
5313400728,2.09,2.63,3.32,2555,1
5313400728,3,2.8,3.32,2554,2
5313400713,2,2.42,2.56,2554,3
5313400713,2.15,2.34,2.56,2554,2
5313400713,2.34,2.55,2.56,2556,2
5313400713,2.53,2.53,2.56,2553,1
5313400713,2.86,2.67,2.56,2553,2
5313400713,2,2.41,2.56,2554,1
5313400713,2.73,2.4,2.56,2555,2
5313400713,2.09,2.34,2.56,2555,1
5313400713,2.79,2.52,2.56,2556,1
5313400735,2,2.25,2.93,2554,3
5313400735,1.96,2.19,2.93,2555,1
5313400735,1.8,2.21,2.93,2554,1
5313400735,2.46,2.23,2.93,2555,2
5313400735,2.5,2.28,2.93,2554,2
5313400735,2.42,2.37,2.93,2553,2
5313400735,2.32,2.32,2.93,2553,1
5313406904,1.92,2.05,1.57,2553,2
5313406904,1.84,1.84,1.57,2553,1
5313406904,0,2.05,1.57,2554,1
5313404489,0,0.14,2.57,2553,2
5313404489,0.27,0.27,2.57,2553,1
5313404534,0.83,1.74,3.16,2554,1
5313404534,1.87,1.87,3.16,2553,1
5313404534,2,2.1,3.16,2553,2
5313404534,2.34,1.93,3.16,2554,2
5313400803,1.95,2.08,3.3,2553,2
5313400803,2.6,2.18,3.3,2554,2
5313400803,2.22,2.22,3.3,2553,1
5313400803,1.66,2.04,3.3,2554,1
5313400803,1.84,2.11,3.3,2555,1
5313400803,2.25,2.19,3.3,2554,3
5313400803,2.83,2.33,3.3,2556,1
5313400803,2.53,2.19,3.3,2555,2
5313400831,1,1.97,3.31,2555,2
5313400831,0.86,2.01,3.31,2555,1
5313400831,1.09,1.94,3.31,2556,1
5313400831,1.58,1.89,3.31,2556,2
5313400831,0.34,1.87,3.31,2556,3
5313400831,1.97,1.97,3.31,2553,1
5313400831,1.97,2.4,3.31,2554,1
5313400831,2.69,2.35,3.31,2553,2
5313400831,1.27,2.17,3.31,2554,2
5313400831,1.75,2.13,3.31,2554,3
5313404563,2.08,2.2,3.34,2554,1
5313404563,2.29,2.29,3.34,2553,1
5313404563,2.25,2.27,3.34,2553,2
5313404563,2.75,2.34,3.34,2554,3
5313404563,3.18,2.5,3.34,2555,2
5313404563,2.5,2.38,3.34,2555,1
5313404563,2.63,2.31,3.34,2554,2
5313400897,2.16,2.34,3.47,2555,2
5313400897,2.68,2.39,3.47,2555,1
5313400897,2.42,2.42,3.47,2553,1
5313400897,1.79,2.24,3.47,2556,2
5313400897,1.69,1.96,3.47,2554,1
5313400897,1.62,2.25,3.47,2556,1
5313400897,1.78,2.09,3.47,2553,2
5313400897,2.53,2.21,3.47,2554,2
5313400897,3.17,2.33,3.47,2554,3
5313400866,2,2.25,2.85,2554,3
5313400866,1.89,2.17,2.85,2554,2
5313400866,2.43,2.52,2.85,2553,2
5313400866,1.78,2.21,2.85,2555,1
5313400866,1.66,2.17,2.85,2554,1
5313400866,1,2.39,2.85,2553,3
5313400866,2.16,2.16,2.85,2553,1
5313400866,1,2.12,2.85,2557,2
5313400866,1.75,2.13,2.85,2556,3
5313400866,0,2.08,2.85,2557,3
5313400866,1.7,2.13,2.85,2557,1
5313400866,0.2,2.1,2.85,2556,2
5313400866,1.39,2.23,2.85,2556,1
5313400866,1.76,2.24,2.85,2555,2
5313404605,2.07,2.56,2.99,2554,2
5313404605,2.03,2.75,2.99,2554,1
5313404605,3.28,3.16,2.99,2553,2
5313404605,2.25,2.43,2.99,2555,2
5313404605,3.03,3.03,2.99,2553,1
5313404605,2.08,2.47,2.99,2555,1
5313404605,3.18,2.53,2.99,2556,1
5313400881,1.88,2.49,3.61,2555,1
5313400881,1,2.63,3.61,2554,3
5313400881,2.39,2.59,3.61,2554,2
5313400881,1.85,2.66,3.61,2554,1
5313400881,3.27,3.13,3.61,2553,2
5313400881,1.1,2.13,3.61,2557,1
5313400881,1.29,2.13,3.61,2556,2
5313400881,1,2.15,3.61,2556,3
5313400881,2.97,2.97,3.61,2553,1
5313400881,1.38,2.24,3.61,2557,2
5313400881,1.12,2.12,3.61,2556,1
5313400881,1.4,2.25,3.61,2555,2
5313400888,3,3.05,3.11,2554,1
5313400888,3.09,2.99,3.11,2553,2
5313400888,4,3.07,3.11,2553,3
5313400888,2.88,2.88,3.11,2553,1
5313400888,3.45,3.15,3.11,2554,2
5313400888,3.53,3.27,3.11,2555,2
5313400888,3.66,3.22,3.11,2555,1
5313400888,2.5,3.1,3.11,2554,3
5313400921,0.5,1.88,2.84,2554,1
5313400921,2.85,2.44,2.84,2553,2
5313400921,1.19,1.7,2.84,2554,2
5313400921,2,2,2.84,2553,1
5313400926,2,2,2.95,2553,1
5313400926,2.21,2.22,2.95,2554,2
5313400926,2.32,2.22,2.95,2554,1
5313400926,2.34,2.17,2.95,2553,2
5313400926,2.43,2.36,2.95,2555,1
5313400926,2.5,2.25,2.95,2554,3
5313400926,2.18,2.32,2.95,2555,2
5313400926,2.85,2.43,2.95,2556,1
5313400963,2.08,2.36,3.42,2554,2
5313400963,2.48,2.47,3.42,2555,2
5313400963,2.78,2.47,3.42,2555,1
5313400963,2.5,2.5,3.42,2553,1
5313400963,2.3,2.47,3.42,2554,1
5313400963,2.64,2.57,3.42,2553,2
5313400963,4,2.57,3.42,2556,1
5313400978,1.18,1.19,2.61,2553,2
5313400978,0.97,0.97,2.61,2553,1
5313400978,0,1.19,2.61,2553,3
5313400985,2.9,2.68,2.78,2555,1
5313400985,2.75,2.58,2.78,2553,3
5313400985,2.16,2.55,2.78,2554,2
5313400985,2.25,2.62,2.78,2554,3
5313400985,2.55,2.71,2.78,2554,1
5313400985,2.8,2.55,2.78,2553,2
5313400985,1.8,2.55,2.78,2555,2
5313400985,2.75,2.64,2.78,2556,1
5313400985,2.29,2.29,2.78,2553,1
5313400994,2.27,2.57,3.41,2553,2
5313400994,2.83,2.83,3.41,2553,1
5313400994,2.65,2.6,3.41,2554,1
5313400994,2.84,2.67,3.41,2554,2
5313400994,1.79,2.49,3.41,2555,1
5313400994,2.76,2.55,3.41,2555,2
5313400994,3.21,2.64,3.41,2556,1
5313401072,2.83,2.76,3.7,2555,1
5313401072,2.41,2.66,3.7,2554,2
5313401072,3.75,2.74,3.7,2554,3
5313401072,2.23,2.67,3.7,2555,2
5313401072,2.84,2.84,3.7,2553,1
5313401072,3.12,2.98,3.7,2553,2
5313401072,2.35,2.76,3.7,2554,1
5313401072,2.82,2.69,3.7,2556,1
5313401104,2.25,2.25,2.54,2553,1
5313401104,1.35,2.1,2.54,2554,2
5313401104,1.97,2.39,2.54,2554,1
5313401104,2.89,2.57,2.54,2553,2
5313401104,0.95,1.95,2.54,2555,1
5313401104,0,1.66,2.54,2555,2
5313401104,1.67,2.13,2.54,2554,3
5313401117,2.66,2.57,2.75,2554,2
5313401117,2.85,2.53,2.75,2554,1
5313401117,2.27,2.35,2.75,2553,2
5313401117,2.44,2.44,2.75,2553,1
5313401117,3.75,2.66,2.75,2554,3
5313401117,2.8,2.69,2.75,2555,1
5313401117,2.95,2.73,2.75,2556,1
5313401117,2.65,2.69,2.75,2555,2
5313401139,3.65,3.38,3.2,2554,1
5313401139,3.34,3.23,3.2,2553,2
5313401139,3.5,3.41,3.2,2554,2
5313401139,3.12,3.12,3.2,2553,1
5313401139,3.05,3.21,3.2,2555,2
5313401139,2.64,3.25,3.2,2555,1
5313401139,3.35,3.23,3.2,2556,1
5313401163,2.19,2.26,2.82,2555,1
5313401163,2.15,2.15,2.82,2556,2
5313401163,1.93,2.19,2.82,2555,2
5313401163,1.66,2.1,2.82,2556,1
5313401163,2,2,2.82,2554,3
5313401163,2.45,2.46,2.82,2553,2
5313401163,1.5,2.18,2.82,2554,1
5313401163,2.48,2.48,2.82,2553,1
5313401163,1.09,1.91,2.82,2554,2
5313401185,0.82,0.82,3.14,2553,1
5313401185,3.1,1.3,3.14,2553,2
5313401185,3.75,1.79,3.14,2553,3
5313401194,1.97,1.97,3.28,2553,1
5313401194,0.16,1.83,3.28,2554,1
5313401194,2.77,2.43,3.28,2553,2
5313401194,1.5,1.81,3.28,2554,2
5313401218,1.5,2.47,3.48,2554,1
5313401218,0.5,2.33,3.48,2554,2
5313401218,4,2.79,3.48,2553,3
5313401218,2.87,2.68,3.48,2553,2
5313401218,1.3,2.14,3.48,2555,2
5313401218,2.47,2.47,3.48,2553,1
5313401218,1,2.17,3.48,2555,1
5313401218,0,1.83,3.48,2556,2
5313401218,0,2.09,3.48,2556,1
5313401218,2.25,2.32,3.48,2554,3
5313401223,2.35,2.25,3.12,2553,2
5313401223,3.3,2.69,3.12,2554,2
5313401223,2.84,2.5,3.12,2554,1
5313401223,3.5,2.35,3.12,2553,3
5313401223,2.13,2.13,3.12,2553,1
5313401223,2.82,2.78,3.12,2555,1
5313401223,3.18,2.86,3.12,2555,2
5313401223,3.75,2.77,3.12,2554,3
5313407354,2.28,2.28,2.87,2553,1
5313407354,2.03,2.16,2.87,2553,2
5313407354,2,2.32,2.87,2553,3
5313407354,1.47,2.06,2.87,2554,1
5313401253,2.75,2.2,3.3,2555,2
5313401253,1.8,2.03,3.3,2554,2
5313401253,1.6,1.78,3.3,2553,2
5313401253,1.95,1.95,3.3,2553,1
5313401253,2.29,2.09,3.3,2554,1
5313401253,2.11,2.05,3.3,2555,1
5313401253,3.32,2.45,3.3,2556,1
5313401321,1,2.53,2.93,2553,3
5313401321,0.69,1.8,2.93,2554,2
5313401321,2.25,2.25,2.93,2553,1
5313401321,2.64,2.45,2.93,2553,2
5313401321,1.64,2.22,2.93,2554,1
5313401321,0,1.61,2.93,2555,1
5313401326,2.75,2.17,2.65,2553,3
5313401326,2.23,2.19,2.65,2554,1
5313401326,2.69,2.31,2.65,2554,2
5313401326,1.79,1.84,2.65,2553,2
5313401326,1.88,1.88,2.65,2553,1
5313401326,2.25,2.28,2.65,2555,1
5313401326,2.5,2.6,2.65,2556,2
5313401326,3.33,2.6,2.65,2556,1
5313401326,2.37,2.42,2.65,2555,2
5313401326,2.17,2.29,2.65,2554,3
5313404872,2,2.26,3.29,2553,3
5313404872,1.42,1.96,3.29,2554,1
5313404872,2.07,2.32,3.29,2553,2
5313404872,2.1,2,3.29,2554,2
5313404872,2.11,2.11,3.29,2553,1
5313404872,2.72,2.04,3.29,2555,2
5313404872,2.5,2.2,3.29,2556,2
5313404872,2.71,2.15,3.29,2556,1
5313404872,1.23,1.81,3.29,2555,1
5313404877,2.75,2.07,2.29,2553,3
5313404877,2.63,2.35,2.29,2554,2
5313404877,2.7,2.24,2.29,2554,1
5313404877,1.9,1.94,2.29,2553,2
5313404877,1.98,1.98,2.29,2553,1
5313404877,0,2.26,2.29,2554,3
5313404877,1.5,2.39,2.29,2556,3
5313404877,1.93,2.21,2.29,2555,2
5313404877,2.95,2.41,2.29,2556,2
5313404877,2,2.22,2.29,2556,1
5313404877,1.75,2.21,2.29,2555,1
5313407486,2.06,2.28,3.08,2553,2
5313407486,2.35,2.49,3.08,2554,2
5313407486,2.28,2.4,3.08,2554,1
5313407486,1.25,2.76,3.08,2556,2
5313407486,2.9,2.68,3.08,2555,1
5313407486,2.5,2.5,3.08,2553,1
5313407486,2.95,2.74,3.08,2555,2
5313407486,3.33,2.82,3.08,2556,1
5313401376,0.58,0.58,2.57,2553,1
5313401376,1.36,1.14,2.57,2553,2
5313404893,2.28,2.27,3.17,2553,2
5313404893,1.64,2.05,3.17,2554,2
5313404893,2.04,2.2,3.17,2554,1
5313404893,2.25,2.25,3.17,2553,1
5313404893,2.15,2.21,3.17,2555,2
5313404893,2.25,2.15,3.17,2554,3
5313404893,2.64,2.28,3.17,2556,2
5313404893,2.35,2.23,3.17,2556,1
5313404893,2.15,2.15,3.17,2555,1
5313404904,2.5,2.43,3.28,2553,2
5313404904,2.36,2.36,3.28,2553,1
5313404904,2.75,2.48,3.28,2553,3
5313401416,1.92,1.99,3.15,2553,2
5313401416,2.06,2.06,3.15,2553,1
5313401402,2.43,2.28,3.4,2554,1
5313401402,2.15,2.18,3.4,2553,2
5313401402,2.22,2.22,3.4,2553,1
5313401402,3.03,2.47,3.4,2554,2
5313401402,3.12,2.77,3.4,2555,2
5313401402,2.75,2.59,3.4,2554,3
5313401402,3.02,2.69,3.4,2555,1
5313401383,2.82,2.33,2.62,2556,1
5313401383,1.62,2.02,2.62,2555,1
5313401383,2,2.31,2.62,2556,3
5313401383,1.7,2.27,2.62,2556,2
5313401383,2.75,2.17,2.62,2555,2
5313401383,1.5,2.05,2.62,2554,3
5313401383,1.67,2.01,2.62,2554,2
5313401383,1.17,2.01,2.62,2554,1
5313401455,2.14,2.14,2.75,2553,1
5313401455,1.5,1.67,2.75,2554,2
5313401455,1.21,1.73,2.75,2554,1
5313401455,1.92,2.02,2.75,2553,2
5313401468,2.16,2.39,3.82,2554,2
5313401468,2.71,2.75,3.82,2553,2
5313401468,2,2.47,3.82,2554,1
5313401468,4,2.51,3.82,2554,3
5313401468,2.8,2.8,3.82,2553,1
5313401468,2.68,2.57,3.82,2556,1
5313401468,2.29,2.53,3.82,2555,1
5313401468,2.64,2.55,3.82,2555,2
5313401473,2.06,2.06,2.95,2553,1
5313401473,2.7,2.34,2.95,2555,1
5313401473,3.25,2.25,2.95,2554,3
5313401473,2.58,2.34,2.95,2553,2
5313401473,2.07,2.26,2.95,2554,1
5313401473,1.93,2.17,2.95,2554,2
5313401473,2.69,2.4,2.95,2555,2
5313401473,3.03,2.49,2.95,2556,1
5313401490,1.5,2.34,3.05,2554,3
5313401490,1.9,2.3,3.05,2555,1
5313401490,2.13,2.31,3.05,2554,2
5313401490,2.69,2.37,3.05,2555,2
5313401490,2.44,2.44,3.05,2553,1
5313401490,2.4,2.37,3.05,2556,1
5313401490,2,2.48,3.05,2553,3
5313401490,2.65,2.56,3.05,2553,2
5313401490,2.08,2.35,3.05,2554,1
5313401490,1.09,2.27,3.05,2556,2
5313401490,0,2.27,3.05,2556,3
5313401510,1.96,2.29,2.56,2555,1
5313401510,2.09,2.33,2.56,2554,2
5313401510,2.84,2.45,2.56,2555,2
5313401510,1.5,2.39,2.56,2554,3
5313401510,2.96,2.53,2.56,2556,1
5313401510,2.33,2.47,2.56,2553,2
5313401510,2.61,2.61,2.56,2553,1
5313401510,2.29,2.4,2.56,2554,1
5313401544,2.89,2.83,3.69,2555,1
5313401544,1.62,2.69,3.69,2554,2
5313401544,2.1,2.73,3.69,2556,2
5313401544,3.37,3.37,3.69,2553,1
5313401544,3.34,3.35,3.69,2553,2
5313401544,2.4,3.02,3.69,2554,1
5313401544,2.42,2.74,3.69,2555,2
5313401544,2.69,2.74,3.69,2556,1
5313401555,2.29,2.29,3.47,2554,2
5313401555,2.59,2.59,3.47,2553,1
5313401555,2.14,2.37,3.47,2553,2
5313401555,2.13,2.29,3.47,2554,1
5313401555,0.66,2.15,3.47,2556,2
5313401555,1.75,2.13,3.47,2556,3
5313401555,1.75,2.26,3.47,2555,1
5313401555,2.61,2.32,3.47,2555,2
5313401555,1.71,2.26,3.47,2556,1
5313401555,1.13,2.14,3.47,2557,1
5313401555,1.84,2.1,3.47,2557,2
5313401555,2,2.14,3.47,2557,3
5313401573,1.67,1.67,2.62,2553,1
5313401573,2.39,2.03,2.62,2553,2
5313401573,1.56,1.75,2.62,2554,2
5313401573,0,1.62,2.62,2555,1
5313401573,0,1.62,2.62,2554,3
5313401573,0.97,1.72,2.62,2554,1
5313401573,2,2.03,2.62,2553,3
5313401590,0.75,1.77,3.62,2554,1
5313401590,3,1.81,3.62,2554,3
5313401590,1,1.71,3.62,2554,2
5313401590,0,1.81,3.62,2555,1
5313401590,2.53,2.39,3.62,2553,2
5313401590,1.84,1.84,3.62,2553,1
5313401590,1.5,2.26,3.62,2553,3
5313401590,3.63,2.06,3.62,2555,2
5313401590,1.35,2.07,3.62,2556,1
5313401590,1.5,2.16,3.62,2555,3
5313401590,1.66,2.05,3.62,2556,2
5313401590,1,2.05,3.62,2556,3
5313407698,0.5,0.72,3.43,2553,2
5313407698,0.96,0.96,3.43,2553,1
5313407792,1.69,2,2.93,2554,2
5313407792,1.89,1.89,2.93,2553,1
5313407792,2.37,2.08,2.93,2553,2
5313407792,2.22,2.13,2.93,2554,1
5313407801,2.5,2.5,2.86,2553,1
5313407801,1.1,1.77,2.86,2553,2
5313407801,2.15,1.93,2.86,2554,1
5313407801,1.25,2.08,2.86,2554,3
5313407801,1.9,2.05,2.86,2554,2
5313407801,0.75,2.16,2.86,2556,3
5313407801,1.73,2.18,2.86,2556,1
5313407801,1.58,2.18,2.86,2556,2
5313401645,2.22,2.24,3.49,2556,1
5313401645,2.29,2.26,3.49,2556,2
5313401645,2.3,2.27,3.49,2557,1
5313401645,2.3,2.3,3.49,2553,1
5313401645,2.15,2.22,3.49,2553,2
5313401645,2.28,2.18,3.49,2555,1
5313401645,1.74,2.18,3.49,2555,2
5313401645,2,2.15,3.49,2554,2
5313401645,2.25,2.2,3.49,2554,1
5313401645,2,2.19,3.49,2553,3
5313401635,3.3,3.19,3.31,2555,1
5313401635,2.73,3.11,3.31,2555,2
5313401635,3.08,3.11,3.31,2556,1
5313401635,3.27,3.27,3.31,2554,1
5313401635,2.91,3.16,3.31,2554,2
5313401691,0,1.43,3.45,2554,1
5313401736,2.71,2.85,3.29,2554,1
5313401736,2.93,2.91,3.29,2553,2
5313401736,2.19,2.67,3.29,2554,2
5313401736,2.89,2.89,3.29,2553,1
5313401736,1.8,2.5,3.29,2555,2
5313401736,2.48,2.64,3.29,2555,1
5313401736,2.6,2.51,3.29,2556,1
5313407948,1.94,2.11,2.64,2555,1
5313407948,2.22,2.13,2.64,2555,2
5313407948,1.94,2.11,2.61,2555,1
5313407948,2.22,2.13,2.61,2555,2
5313401759,2.85,2.44,2.74,2554,1
5313401759,2.83,2.64,2.74,2556,1
5313401759,2.7,2.61,2.74,2555,1
5313401759,2.69,2.51,2.74,2554,2
5313401759,2.25,2.59,2.74,2554,3
5313401759,2.6,2.61,2.74,2555,2
5313405145,2.5,2.66,3.18,2553,3
5313405145,2.15,2.5,3.18,2554,1
5313405145,2.2,2.42,3.18,2554,2
5313405145,2.89,2.68,3.18,2553,2
5313405145,2.48,2.48,3.18,2553,1
5313405145,1.98,2.38,3.18,2555,1
5313405145,2.42,2.36,3.18,2556,1
5313405145,1.83,2.3,3.18,2555,2
5313405145,1.5,2.48,3.18,2554,3
5313401772,2,2.38,2.98,2554,1
5313401772,1,2.45,2.98,2556,3
5313401772,2.25,2.39,2.98,2554,2
5313401772,2.7,2.6,2.98,2553,2
5313401772,2.5,2.5,2.98,2553,1
5313401772,1.5,2.41,2.98,2554,3
5313401772,2.59,2.4,2.98,2555,2
5313401772,1.8,2.46,2.98,2556,2
5313401772,2.64,2.48,2.98,2556,1
5313401772,1.88,2.35,2.98,2555,1
5313401793,3.05,3.12,3.61,2554,2
5313401793,3.03,3.09,3.61,2553,2
5313401793,2.74,2.98,3.61,2554,1
5313401793,3.16,3.16,3.61,2553,1
5313401793,3.4,3.15,3.61,2555,2
5313401793,3.24,3.1,3.61,2555,1
5313401793,3.35,3.18,3.61,2556,1
5313401793,2,3.07,3.61,2554,3
5313401817,2.92,2.92,3.18,2553,1
5313401817,2.55,2.84,3.18,2554,2
5313401817,2.66,2.95,3.18,2554,1
5313401817,3.28,3.1,3.18,2553,2
5313401817,3.19,2.87,3.18,2555,2
5313401817,3.3,2.96,3.18,2556,2
5313401817,3.29,2.92,3.18,2556,1
5313401817,2.68,2.81,3.18,2555,1
5313401839,3.5,2.64,2.89,2554,3
5313401839,2.37,2.57,2.89,2554,2
5313401839,2.75,2.66,2.89,2554,1
5313401839,2.68,2.62,2.89,2553,2
5313401839,2.14,2.14,2.89,2553,1
5313401839,2.6,2.68,2.89,2555,2
5313401839,1.75,2.66,2.89,2556,2
5313401839,2.83,2.7,2.89,2556,1
5313401839,2.9,2.7,2.89,2555,1
5313405191,1.93,2.18,3.34,2554,2
5313405191,1.87,2.27,3.34,2554,1
5313405191,2.23,2.23,3.34,2553,1
5313405191,2.34,2.47,3.34,2553,2
5313405191,2.05,2.13,3.34,2555,2
5313405191,1.92,2.09,3.34,2555,1
5313405191,1.85,2.15,3.34,2556,1
5313405191,1,2.14,3.34,2554,3
5313401867,1.98,1.98,3.3,2553,1
5313401867,2.67,2.69,3.3,2554,2
5313401867,2.72,2.7,3.3,2554,1
5313401867,2.95,2.69,3.3,2553,2
5313401867,2.5,2.62,3.3,2555,1
5313401867,2.98,2.73,3.3,2556,1
5313401867,3,2.69,3.3,2555,2
5313401867,2.25,2.66,3.3,2554,3
5313401882,2.17,2.45,2.72,2554,2
5313401882,2.36,2.54,2.72,2554,1
5313401882,2.38,2.63,2.72,2553,2
5313401882,2.91,2.47,2.72,2556,1
5313401882,1.75,2.3,2.72,2555,1
5313401882,2.45,2.38,2.72,2555,2
5313401882,1.38,2.38,2.72,2556,2
5313401882,2.9,2.9,2.72,2553,1
5313408071,1.1,1.1,3.39,2553,1
5313408071,1.11,1.4,3.39,2553,2
5313401889,1.93,2.06,3.51,2555,2
5313401889,2,2.17,3.51,2556,3
5313401889,3,2.2,3.51,2554,3
5313401889,1.42,2.08,3.51,2555,1
5313401889,1.8,2.11,3.51,2556,1
5313401889,1.65,2.13,3.51,2556,2
5313401889,1.45,2.28,3.51,2554,1
5313401889,2.92,2.92,3.51,2553,1
5313401889,2.5,2.71,3.51,2553,2
5313401889,1.73,2.13,3.51,2554,2
5313401909,3.13,2.99,2.52,2556,1
5313401909,2.83,2.96,2.52,2554,2
5313401909,3.07,3.07,2.52,2553,1
5313401909,2.85,2.97,2.52,2555,2
5313401909,3.15,3,2.52,2555,1
5313401909,3.05,3,2.52,2554,1
5313401909,2.9,2.98,2.52,2553,2
5313405214,2.09,2.09,3.44,2555,2
5313405214,1.11,2.01,3.44,2555,1
5313405214,1.37,2.13,3.44,2556,2
5313405214,1,2.12,3.44,2555,3
5313405214,2.15,2.27,3.44,2556,1
5313405214,1.94,2.05,3.44,2553,2
5313405214,1.81,1.81,3.44,2553,1
5313405214,1.86,1.98,3.44,2554,1
5313405214,1.75,2,3.44,2554,3
5313405214,1.48,1.92,3.44,2554,2
5313401950,3.23,3.3,3.74,2553,2
5313401950,3.91,3.61,3.74,2555,1
5313401950,3.37,3.37,3.74,2553,1
5313401950,3.69,3.43,3.74,2554,1
5313401950,3.79,3.52,3.74,2554,2
5313401950,3.74,3.68,3.74,2556,2
5313401950,3.82,3.65,3.74,2555,2
5313401950,4,3.67,3.74,2556,1
5313401961,2.24,2.24,3.26,2553,1
5313401961,2.5,2.38,3.26,2553,2
5313401961,2.15,2.34,3.26,2555,2
5313401961,2.23,2.38,3.26,2555,1
5313401961,4,2.34,3.26,2554,3
5313401961,2.3,2.33,3.26,2556,1
5313401961,2.88,2.38,3.26,2556,2
5313401961,2.35,2.37,3.26,2554,1
5313401961,1.83,2.2,3.26,2554,2
5313401964,2,2.67,3.11,2553,3
5313401964,1.56,2.32,3.11,2554,1
5313401964,2.28,2.31,3.11,2554,2
5313401964,3.38,2.55,3.11,2556,2
5313401964,2.77,2.72,3.11,2553,2
5313401964,2,2.3,3.11,2554,3
5313401964,2.67,2.67,3.11,2553,1
5313401964,2.68,2.44,3.11,2555,1
5313401964,2.39,2.48,3.11,2556,1
5313401964,2.72,2.49,3.11,2555,2
5313401979,2.24,2.58,3.09,2554,2
5313401979,2.61,2.58,3.09,2555,1
5313401979,2.64,2.64,3.09,2553,1
5313401979,1.75,2.45,3.09,2555,2
5313401979,2.7,2.7,3.09,2554,1
5313401979,2.15,2.44,3.09,2556,1
5313401979,2.77,2.7,3.09,2553,2
5313401986,3.16,3.16,2.6,2553,1
5313401986,3,3.08,2.6,2553,2
5313401986,2.93,3.02,2.6,2554,1
5313401986,3.07,2.74,2.6,2556,1
5313401986,2.65,2.69,2.6,2555,2
5313401986,2.06,2.7,2.6,2555,1
5313401986,2.65,2.92,2.6,2554,2
5313405259,3.29,3.29,3.7,2553,1
5313405259,3.12,3.27,3.7,2554,1
5313405259,3.43,3.36,3.7,2553,2
5313405259,3.36,3.3,3.7,2554,2
5313405259,3.64,3.37,3.7,2555,1
5313405259,3.29,3.36,3.7,2555,2
5313405259,4,3.4,3.7,2556,1
5313402024,2.64,2.66,3.33,2553,2
5313402024,1.55,2.26,3.33,2554,2
5313402024,1.93,2.4,3.33,2554,1
5313402024,1.75,2.23,3.33,2554,3
5313402024,2.67,2.67,3.33,2553,1
5313402024,2.55,2.41,3.33,2556,1
5313402024,2.45,2.27,3.33,2555,1
5313402024,2.17,2.33,3.33,2555,2
5313402060,3.5,3.5,3.97,2553,1
5313402060,3.46,3.53,3.97,2555,1
5313402060,3.55,3.53,3.97,2555,2
5313402060,3.93,3.59,3.97,2556,1
5313402060,3.63,3.57,3.97,2553,2
5313402060,3.5,3.55,3.97,2554,1
5313402060,3.55,3.55,3.97,2554,2
5313402105,2,2.47,3.4,2553,3
5313402105,1.07,2.06,3.4,2554,1
5313402105,0.13,1.62,3.4,2554,2
5313402105,2.81,2.81,3.4,2553,1
5313402105,2.24,2.55,3.4,2553,2
5313402094,2.23,2.81,3.06,2555,1
5313402094,3.08,2.86,3.06,2555,2
5313402094,2.74,2.84,3.06,2556,1
5313402094,2,2.97,3.06,2554,3
5313402094,2.59,2.9,3.06,2554,2
5313402094,2.93,2.99,3.06,2554,1
5313402094,2.86,3.02,3.06,2553,2
5313402094,3.2,3.2,3.06,2553,1
5313408296,2.08,1.91,3.61,2553,2
5313408296,0.5,1.6,3.61,2554,2
5313408296,1.67,1.67,3.61,2553,1
5313408296,0,1.91,3.61,2553,3
5313408296,1.9,1.91,3.61,2554,1
5313410748,1.57,1.95,2.22,2553,2
5313410748,3.29,2.6,2.22,2556,1
5313410748,3.36,2.45,2.22,2555,2
5313410748,1.94,1.94,2.22,2553,1
5313410748,2.46,2.22,2.22,2555,1
5313410748,2.48,2.03,2.22,2554,2
5313410748,1.5,1.79,2.22,2554,1
5313402123,2.85,2.9,3.62,2553,2
5313402123,1.92,2.53,3.62,2554,2
5313402123,2.36,2.71,3.62,2554,1
5313402123,2.95,2.95,3.62,2553,1
5313402123,1.62,2.33,3.62,2555,1
5313402123,2.77,2.4,3.62,2555,2
5313402123,2.41,2.41,3.62,2556,1
5313402123,2.75,2.43,3.62,2556,2
5313402140,0.79,0.79,2.87,2553,1
5313402140,1.4,1.05,2.87,2553,2
5313402150,1.84,2.27,2.62,2555,1
5313402150,3,2.2,2.62,2554,3
5313402150,2.39,2.17,2.62,2554,2
5313402150,1.6,2.14,2.62,2555,2
5313402150,1.84,2.11,2.62,2554,1
5313402150,2.37,2.23,2.62,2556,1
5313402150,2.22,2.23,2.62,2556,2
5313405343,2.89,3.06,3.62,2553,2
5313405343,2.58,2.83,3.62,2554,2
5313405343,2.71,2.93,3.62,2554,1
5313405343,3.23,3.23,3.62,2553,1
5313405343,3.62,3,3.62,2555,1
5313405343,2.86,2.98,3.62,2555,2
5313405343,4,3.05,3.62,2556,1
5313402179,2.73,2.22,3.05,2554,2
5313402179,1.75,1.83,3.05,2553,3
5313402179,2.07,2.11,3.05,2554,1
5313402179,2.1,1.84,3.05,2553,2
5313402179,1.5,1.5,3.05,2553,1
5313402179,1.88,2.28,3.05,2556,2
5313402179,1.93,2.29,3.05,2555,1
5313402179,2.79,2.32,3.05,2556,1
5313402179,1.88,2.22,3.05,2555,2
5313402179,4,2.29,3.05,2554,3
5313402186,2.78,3.08,3.23,2554,1
5313402186,2.6,2.96,3.23,2554,2
5313402186,3.33,3.25,3.23,2553,2
5313402186,3.16,3.16,3.23,2553,1
5313402186,2.68,2.91,3.23,2555,2
5313402186,2.93,2.95,3.23,2555,1
5313402186,3.33,2.97,3.23,2556,1
5313405382,1.6,1.6,3.41,2553,1
5313405382,0,1.6,3.41,2553,2
5313402195,3.25,3.16,3.47,2554,2
5313402195,3.25,3.16,3.47,2555,1
5313402195,2.5,3.14,3.47,2554,3
5313402195,3.69,3.26,3.47,2555,2
5313402195,3.5,3.1,3.47,2553,3
5313402195,2.81,2.81,3.47,2553,1
5313402195,3.24,3.04,3.47,2553,2
5313402195,3.22,3.14,3.47,2554,1
5313402219,2.6,2.6,3.39,2553,1
5313402219,2.47,2.53,3.39,2553,2
5313402224,2.75,2.8,3.05,2553,2
5313402224,2.67,2.88,3.05,2554,2
5313402224,3.22,2.95,3.05,2554,1
5313402224,2.85,2.85,3.05,2553,1
5313402224,3.46,3.01,3.05,2556,1
5313402224,2.98,2.91,3.05,2555,1
5313402224,3.05,2.93,3.05,2555,2
5313402254,2.95,2.95,3.67,2553,1
5313402254,3.22,3,3.67,2554,1
5313402254,2.79,2.87,3.67,2553,2
5313402254,3.06,2.9,3.67,2556,1
5313402254,3,3,3.67,2554,2
5313402254,2.69,2.87,3.67,2555,2
5313402254,2.64,2.92,3.67,2555,1
5313402298,2.37,2.37,3.47,2553,1
5313402298,1.73,2.23,3.47,2554,1
5313402298,1.64,2.09,3.47,2554,2
5313402298,2.62,2.5,3.47,2553,2
5313402298,2.25,2.46,3.47,2556,1
5313402298,2.85,2.42,3.47,2555,1
5313402298,4,2.22,3.47,2554,3
5313402298,2.48,2.43,3.47,2555,2
5313408527,0.62,1.18,3.24,2554,2
5313408527,0.45,1.19,3.24,2554,1
5313408527,1.72,1.52,3.24,2553,2
5313408527,1.27,1.27,3.24,2553,1
5313408527,2,1.26,3.24,2554,3
5313402309,2,2,3.54,2553,1
5313402309,0.97,1.52,3.54,2553,2
5313408547,0.75,0.87,2.94,2554,2
5313408547,0,0,2.94,2553,1
5313408547,0.67,0.28,2.94,2553,2
5313408547,1,0.68,2.94,2554,1
5313402334,1.3,2.04,3.19,2555,2
5313402334,0,2.05,3.19,2556,3
5313402334,1.94,2.09,3.19,2556,2
5313402334,1.26,1.97,3.19,2556,1
5313402334,2.34,2.35,3.19,2553,2
5313402334,2.37,2.37,3.19,2553,1
5313402334,1.41,2,3.19,2554,1
5313402334,1.82,2.03,3.19,2555,1
5313402334,1.56,1.9,3.19,2554,2
5313402334,2.5,2.02,3.19,2554,3
5313402348,2.9,2.45,3.08,2556,2
5313402348,1.95,2.11,3.08,2553,2
5313402348,2.27,2.27,3.08,2553,1
5313402348,2.33,2.34,3.08,2556,1
5313402348,1.85,2.03,3.08,2554,1
5313402348,2.8,2.25,3.08,2554,2
5313402348,2.14,2.23,3.08,2555,1
5313402348,1.94,2.28,3.08,2555,2
5313402377,2.14,2.47,3.63,2554,1
5313402377,2.03,2.36,3.63,2554,2
5313402377,2.72,2.66,3.63,2553,2
5313402377,2.35,2.5,3.63,2555,1
5313402377,2.59,2.59,3.63,2553,1
5313402377,3.1,2.6,3.63,2556,1
5313402377,2.34,2.53,3.63,2555,2
5313402377,3.67,2.49,3.63,2554,3
5313402404,1.5,1.93,2.89,2554,2
5313402404,2,1.97,2.89,2555,3
5313402404,2,2.02,2.89,2554,3
5313402404,1.4,2.02,2.89,2555,1
5313402404,1.43,1.97,2.89,2555,2
5313402404,2.08,1.98,2.89,2556,1
5313402404,1.68,2,2.89,2556,2
5313402404,0.97,1.95,2.89,2557,1
5313402404,2.3,2.11,2.89,2557,2
5313402404,1.57,1.98,2.89,2554,1
5313402404,2.19,2.19,2.89,2553,1
5313402404,2.18,2.19,2.89,2553,2
5313402439,1.23,1.74,2.71,2554,2
5313402439,2.17,2.17,2.71,2553,1
5313402439,0.88,1.73,2.71,2555,2
5313402439,0.65,1.69,2.71,2555,1
5313402439,2,1.84,2.71,2554,3
5313402439,1,1.86,2.71,2554,1
5313402439,2.23,2.2,2.71,2553,2
5313410759,0.78,0.78,2.14,2553,1
5313410759,0,1.39,2.14,2553,3
5313410759,1.74,1.39,2.14,2553,2
5313402474,2.48,2.35,3.41,2555,1
5313402474,1.68,2.26,3.41,2554,2
5313402474,2.9,2.39,3.41,2556,1
5313402474,2.82,2.82,3.41,2553,1
5313402474,2.53,2.67,3.41,2553,2
5313402474,2.09,2.5,3.41,2554,1
5313402474,2.1,2.31,3.41,2555,2
5313402491,2.81,2.84,2.69,2553,2
5313402491,3,2.98,2.69,2554,2
5313402491,3.08,2.98,2.69,2554,1
5313402491,3.93,3.25,2.69,2556,1
5313402491,4,2.93,2.69,2553,3
5313402491,2.87,2.87,2.69,2553,1
5313402491,3.5,3,2.69,2554,3
5313402491,3.19,3.04,2.69,2555,1
5313402491,3.67,3.15,2.69,2555,2
5313402536,2.75,2.91,3.88,2554,2
5313402536,2.75,2.97,3.88,2554,1
5313402536,3.06,3.1,3.88,2553,2
5313402536,3.14,3.14,3.88,2553,1
5313402536,3.18,2.97,3.88,2555,1
5313402536,2.72,2.93,3.88,2555,2
5313402536,3.05,2.95,3.88,2556,1
5313402571,2,2.14,2.86,2554,3
5313402571,2.05,2.28,2.86,2554,1
5313402571,1.79,2.15,2.86,2554,2
5313402571,2.37,2.18,2.86,2555,1
5313402571,2,2.42,2.86,2553,3
5313402571,2.2,2.25,2.86,2553,2
5313402571,2.32,2.32,2.86,2553,1
5313402571,2.19,2.18,2.86,2555,2
5313402571,4,2.31,2.86,2556,1
5313402571,2.4,2.31,2.86,2556,2
5313408751,0,0.55,2.33,2553,2
5313408751,1.3,1.3,2.33,2553,1
5313402638,1.71,2.04,3.14,2554,1
5313402638,1.93,2.01,3.14,2554,2
5313402638,2.33,2.17,3.14,2553,2
5313402638,2.25,2.18,3.14,2553,3
5313402638,2.31,2.22,3.14,2555,2
5313402638,1.97,1.97,3.14,2553,1
5313402638,2.59,2.17,3.14,2555,1
5313402638,1.85,2.17,3.14,2556,1
5313402638,2.84,2.09,3.14,2554,3
5313402648,2.03,1.99,2.52,2555,2
5313402648,1.93,1.98,2.52,2555,1
5313402648,2.5,1.91,2.52,2554,3
5313402648,1.88,2.02,2.52,2556,1
5313402648,2.13,2.06,2.52,2556,2
5313402648,2.33,2.18,2.52,2553,2
5313402648,2,2,2.52,2553,1
5313402648,0.79,1.75,2.52,2554,1
5313402648,2.27,1.86,2.52,2554,2
5313402704,1.85,1.85,2.61,2553,1
5313402704,0.18,1.06,2.61,2553,2
5313402739,2,2.26,3.23,2554,2
5313402739,1.89,2.3,3.23,2555,1
5313402739,2.84,2.42,3.23,2554,3
5313402739,2.25,2.4,3.23,2556,2
5313402739,1.6,2.35,3.23,2554,1
5313402739,2.46,2.33,3.23,2555,2
5313402739,2.55,2.41,3.23,2556,1
5313402751,3.5,2.1,2.97,2554,3
5313402751,2.23,2.22,2.97,2556,1
5313402751,2.24,2.05,2.97,2555,2
5313402751,1.46,2,2.97,2555,1
5313402751,2.18,2.21,2.97,2556,2
5313402751,1.75,1.81,2.97,2553,2
5313402751,1.88,1.88,2.97,2553,1
5313402751,1.69,1.77,2.97,2554,1
5313402751,2.72,2.05,2.97,2554,2
5313405617,1.5,1.59,2.35,2553,3
5313405617,1.44,1.44,2.35,2553,1
5313405617,1.48,1.6,2.35,2553,2
5313405632,1.31,1.31,2.77,2553,1
5313402787,1.74,2.04,3.2,2554,1
5313402787,1.75,2.03,3.2,2553,3
5313402787,1.9,2.08,3.2,2553,2
5313402787,2.23,2.23,3.2,2553,1
5313402787,2.29,2.11,3.2,2554,2
5313402787,1.64,2.09,3.2,2555,1
5313402787,3.14,2.25,3.2,2556,1
5313402787,2.23,2.11,3.2,2555,2
5313402787,2.95,2.33,3.2,2556,2
5313402787,2.32,2.21,3.2,2554,3
5313402796,1.42,2.03,2.84,2554,1
5313402796,2,1.94,2.84,2554,3
5313402796,1.69,1.93,2.84,2554,2
5313402796,2,2.3,2.84,2553,3
5313402796,1.98,2.16,2.84,2553,2
5313402796,2.34,2.34,2.84,2553,1
5313402796,2.06,2.14,2.84,2557,2
5313402796,1.19,1.91,2.84,2555,2
5313402796,1.1,2.03,2.84,2557,1
5313402796,2.19,2.05,2.84,2556,1
5313402796,1.44,2,2.84,2555,1
5313402796,0,2.05,2.84,2556,2
5313405660,0.27,0.27,2.26,2553,1
5313405660,0,0.14,2.26,2553,2
5313405663,1.87,2.25,2.8,2555,1
5313405663,3.03,2.39,2.8,2555,2
5313405663,2.84,2.46,2.8,2556,1
5313405678,2.21,2.21,3.44,2553,1
5313405678,2.27,2.14,3.44,2554,1
5313405678,1.25,2.23,3.44,2554,3
5313405678,2.5,2.22,3.44,2554,2
5313405678,1.95,2.08,3.44,2553,2
5313405678,2.42,2.28,3.44,2555,1
5313405678,2.43,2.36,3.44,2555,2
5313405678,3.25,2.52,3.44,2556,2
5313405678,3.18,2.49,3.44,2556,1
5313402842,3,2.49,3.36,2553,3
5313402842,1.03,2.01,3.36,2554,1
5313402842,1.79,2.13,3.36,2554,2
5313402842,2.38,2.45,3.36,2553,2
5313402842,2.53,2.53,3.36,2553,1
5313402842,1.95,2.24,3.36,2555,2
5313402842,0,2.24,3.36,2556,3
5313402842,2.38,2.23,3.36,2555,1
5313402842,1.87,2.24,3.36,2556,2
5313402842,1.97,2.26,3.36,2556,1
5313402842,3.5,2.19,3.36,2554,3
5313402846,3,2.99,3.25,2554,1
5313402846,2.86,2.95,3.25,2554,2
5313402846,3.2,2.98,3.25,2553,2
5313402846,2.75,2.75,3.25,2553,1
5313402846,1.87,2.74,3.25,2555,1
5313402846,3,2.79,3.25,2555,2
5313402846,3.32,2.91,3.25,2556,1
5313405685,2.5,2.55,2.75,2553,2
5313405685,1.93,2.23,2.75,2554,2
5313405685,1.95,2.34,2.75,2554,1
5313405685,3,2.4,2.75,2554,3
5313405685,2.75,2.47,2.75,2555,1
5313405685,2.59,2.59,2.75,2553,1
5313405685,2.34,2.45,2.75,2555,2
5313405685,2.18,2.41,2.75,2556,1
5313402875,3.22,3.22,3.82,2553,1
5313402875,3.15,3.16,3.82,2554,2
5313402875,3.39,3.17,3.82,2554,1
5313402875,2.88,3.03,3.82,2553,2
5313402875,3.78,3.3,3.82,2555,1
5313402875,3.5,3.33,3.82,2555,2
5313402875,3.31,3.33,3.82,2556,1
5313402892,3.33,2.97,2.88,2555,2
5313402892,3.5,2.87,2.88,2554,3
5313402892,2.98,2.9,2.88,2555,1
5313402892,3.18,2.85,2.88,2554,2
5313402892,3.08,2.74,2.88,2554,1
5313402892,2.96,2.56,2.88,2553,2
5313402892,2.09,2.09,2.88,2553,1
5313402915,4,4,3.86,2553,1
5313402915,3.86,3.93,3.86,2553,2
5313402915,4,3.95,3.86,2554,1
5313402915,3.85,3.93,3.86,2554,2
5313402915,3.93,3.93,3.86,2556,1
5313402915,4,3.94,3.86,2555,1
5313402915,3.84,3.93,3.86,2555,2
5313409066,0.92,1.4,2.65,2553,2
5313409066,1.64,1.64,2.65,2553,1
5313405752,1,1.85,2.89,2554,3
5313405752,2.24,2.24,2.89,2553,1
5313405752,1.44,1.78,2.89,2554,1
5313405752,1.7,1.94,2.89,2553,2
5313405752,1.74,1.77,2.89,2554,2
5313405788,1.64,1.64,2.76,2553,1
5313402982,2.3,2.2,2.83,2553,2
5313402982,2.5,2.34,2.83,2554,2
5313402982,2.08,2.15,2.83,2554,1
5313402982,2.93,2.39,2.83,2555,2
5313402982,2.16,2.27,2.83,2555,1
5313402982,1.5,2.31,2.83,2554,3
5313402982,3.11,2.49,2.83,2556,1
5313402982,2.07,2.07,2.83,2553,1
5313402989,0.82,1.44,2.8,2553,2
5313402989,1.59,1.59,2.8,2553,1
5313403009,3.28,3.06,3.51,2553,2
5313403009,2.84,2.84,3.51,2553,1
5313403009,3.34,3.36,3.51,2555,2
5313403009,3.78,3.42,3.51,2556,1
5313403009,3.61,3.25,3.51,2554,1
5313403009,3.18,3.23,3.51,2554,2
5313403009,3.79,3.36,3.51,2555,1
5313403034,2.11,2.24,3.31,2555,2
5313403034,2.72,2.36,3.31,2556,2
5313403034,2.29,2.27,3.31,2555,1
5313403034,2.67,2.26,3.31,2554,3
5313403034,2.4,2.21,3.31,2554,2
5313403034,2.44,2.32,3.31,2556,1
5313403034,1.53,2.02,3.31,2554,1
5313403034,2.06,2.06,3.31,2553,1
5313403034,2.16,2.12,3.31,2553,2
5313403053,3.55,3.35,3.3,2555,2
5313403053,2.25,2.91,3.3,2553,3
5313403053,3.82,3.32,3.3,2555,1
5313403053,3.68,3.19,3.3,2554,2
5313403053,3,3.18,3.3,2554,3
5313403053,3.22,3.01,3.3,2554,1
5313403053,3.18,3.02,3.3,2553,2
5313403053,2.82,2.82,3.3,2553,1
5313403066,1.57,2.04,2.93,2557,2
5313403066,0,2.09,2.93,2557,1
5313403066,1.5,2.09,2.93,2556,3
5313403066,1.37,2,2.93,2555,2
5313403066,0.93,2.08,2.93,2555,1
5313403066,2.58,2.31,2.93,2554,2
5313403066,0.97,1.97,2.93,2556,1
5313403066,1.63,2.05,2.93,2556,2
5313403066,2.4,2.24,2.93,2554,1
5313403066,2.23,2.23,2.93,2553,1
5313403066,2.12,2.17,2.93,2553,2
5313403081,1.46,1.98,2.93,2555,1
5313403081,2.16,2.16,2.93,2556,1
5313403081,2.25,2.11,2.93,2554,3
5313403081,2.59,2.1,2.93,2554,2
5313403081,2.28,2.02,2.93,2555,2
5313403081,2.34,2.13,2.93,2553,2
5313403081,1.92,1.92,2.93,2553,1
5313403081,1.66,1.95,2.93,2554,1
5313409246,3.64,3.64,3.57,2553,1
5313409246,3.35,3.49,3.57,2554,1
5313409246,3.48,3.56,3.57,2553,2
5313409246,2.91,3.33,3.57,2554,2
5313409246,3,3.26,3.57,2555,1
5313409246,2.95,3.09,3.57,2556,1
5313409246,2.43,3.12,3.57,2555,2
5313403108,2.75,2.63,3.02,2553,2
5313403108,3.25,2.14,3.02,2554,3
5313403108,1.25,2.05,3.02,2554,2
5313403108,1.45,2.22,3.02,2554,1
5313403108,2.47,2.47,3.02,2553,1
5313403108,1.58,2.08,3.02,2555,2
5313403108,1.75,2.11,3.02,2556,3
5313403108,0.79,2.08,3.02,2556,2
5313403108,1.69,2.12,3.02,2556,1
5313403108,1.77,2.07,3.02,2555,1
5313403121,2.81,2.81,3.29,2553,1
5313403121,1.85,2.49,3.29,2554,1
5313403121,1.74,2.29,3.29,2554,2
5313403121,2.35,2.35,3.29,2555,1
5313403121,2.79,2.8,3.29,2553,2
5313403121,2.08,2.36,3.29,2555,2
5313403121,2.14,2.32,3.29,2556,2
5313403121,1.92,2.29,3.29,2556,1
5313403121,1.5,2.35,3.29,2554,3
5313403126,1.3,1.61,2.51,2553,2
5313403126,0,1.98,2.51,2554,3
5313403126,1.97,2.11,2.51,2554,2
5313403126,2.2,1.99,2.51,2554,1
5313403126,1.54,1.54,2.51,2553,1
5313403126,2.09,1.84,2.51,2555,2
5313403126,2.29,2.1,2.51,2556,2
5313403126,1.17,2.08,2.51,2556,3
5313403126,1.69,1.99,2.51,2556,1
5313403126,0.7,1.7,2.51,2555,1
5313403133,0.69,1.83,3.38,2555,1
5313403133,2.64,2.64,3.38,2553,1
5313403133,1.95,2.29,3.38,2553,2
5313403133,1.79,2.11,3.38,2554,1
5313403133,1.75,2.05,3.38,2554,2
5313403133,1.18,1.71,3.38,2555,2
5313403154,2.53,2.53,3.69,2553,1
5313403154,1.84,2.26,3.69,2554,1
5313403154,3.5,2.19,3.69,2554,3
5313403154,1.74,2.14,3.69,2554,2
5313403154,2.54,2.53,3.69,2553,2
5313403154,1.96,2.21,3.69,2555,2
5313403154,1.92,2.3,3.69,2556,2
5313403154,2.57,2.29,3.69,2556,1
5313403154,2.2,2.26,3.69,2555,1
5313403167,3.06,2.92,3.7,2553,2
5313403167,3.22,3.03,3.7,2554,2
5313403167,3,2.95,3.7,2554,1
5313403167,2.77,2.77,3.7,2553,1
5313403167,3.34,3.11,3.7,2555,1
5313403167,3.33,3.14,3.7,2555,2
5313403167,3.17,3.04,3.7,2554,3
5313405902,2.48,2.48,2.49,2553,1
5313405902,2.79,2.43,2.49,2556,1
5313405902,2.65,2.32,2.49,2555,2
5313405902,2.22,2.37,2.49,2554,1
5313405902,2.39,2.43,2.49,2553,2
5313405902,2.15,2.3,2.49,2554,2
5313405902,2,2.25,2.49,2555,1
5313405902,2.5,2.32,2.49,2554,3
5313405916,1.82,2.13,2.56,2556,2
5313405916,2.15,2.11,2.56,2555,1
5313405916,1.69,2.09,2.56,2555,2
5313405916,1.66,2.09,2.56,2556,1
5313405916,1.66,2.34,2.56,2554,1
5313405916,1.35,2.07,2.56,2554,2
5313405916,2.5,2.1,2.56,2554,3
5313403234,1.09,1.64,2.92,2554,1
5313403234,1.5,1.5,2.92,2553,1
5313403234,2,1.78,2.92,2553,2
5313405944,2.53,2.13,2.79,2553,2
5313405944,2.32,2.31,2.79,2554,1
5313405944,1.5,2.1,2.79,2554,2
5313405944,2.25,2.31,2.79,2553,3
5313405944,2.78,2.41,2.79,2555,1
5313405944,1.77,1.77,2.79,2553,1
5313405944,2.15,2.37,2.79,2555,2
5313405944,2.04,2.33,2.79,2556,2
5313405944,2.32,2.37,2.79,2556,1
5313405944,3.75,2.22,2.79,2554,3
5313403246,3.29,3.29,2.93,2553,1
5313403246,3.15,3.27,2.93,2554,1
5313403246,3.58,3.36,2.93,2554,2
5313403246,3.42,3.35,2.93,2553,2
5313403246,3.66,3.43,2.93,2555,1
5313403246,3.73,3.53,2.93,2556,1
5313403246,3.79,3.49,2.93,2555,2
5313403312,2.53,2.29,2.91,2554,2
5313403312,2,2.21,2.91,2554,1
5313403312,2.23,2.34,2.91,2553,2
5313403312,2.47,2.47,2.91,2553,1
5313403312,1.84,2.14,2.91,2557,1
5313403312,1.47,2.14,2.91,2555,2
5313403312,1.8,2.19,2.91,2556,1
5313403312,0,2.13,2.91,2556,3
5313403312,1.79,2.23,2.91,2556,2
5313403312,1.48,2.17,2.91,2555,1
5313405990,2.5,2.51,2.59,2554,1
5313405990,0,2.32,2.59,2553,3
5313405990,2.17,2.17,2.59,2553,1
5313405990,2.87,2.52,2.59,2553,2
5313405990,2.15,2.51,2.59,2554,2
5313405990,3.19,2.6,2.59,2555,2
5313405990,2.25,2.45,2.59,2555,1
5313405990,3.21,2.68,2.59,2556,1
5313403315,2.72,2.64,3.48,2554,2
5313403315,2.65,2.61,3.48,2554,1
5313403315,2.74,2.59,3.48,2553,2
5313403315,3.36,2.86,3.48,2555,2
5313403315,2.45,2.45,3.48,2553,1
5313403315,3.19,2.76,3.48,2555,1
5313403315,3.37,2.93,3.48,2556,1
5313405999,1.21,1.21,3.24,2553,1
5313405999,0,0.64,3.24,2553,2
5313406010,2.2,2.28,3.42,2553,2
5313406010,2.03,2.19,3.42,2554,1
5313406010,1.19,1.92,3.42,2554,2
5313406010,3.34,2.07,3.42,2554,3
5313406010,1.88,2.11,3.42,2555,1
5313406010,2.37,2.37,3.42,2553,1
5313406010,2.1,2.17,3.42,2555,2
5313406010,2.15,2.23,3.42,2557,1
5313406010,1.47,2.14,3.42,2556,2
5313406010,2.22,2.17,3.42,2556,1
5313409484,0,1.09,1.85,2553,3
5313409484,1.19,1.19,1.85,2553,1
5313409484,1,1.18,1.85,2553,2
5313403337,2.98,2.85,3.41,2553,2
5313403337,3.33,2.93,3.41,2554,2
5313403337,2.22,2.62,3.41,2554,1
5313403337,2.69,2.69,3.41,2553,1
5313403337,2.88,2.92,3.41,2555,1
5313403337,3.22,2.98,3.41,2555,2
5313403351,2.7,2.4,2.7,2556,1
5313403351,2.48,2.31,2.7,2555,1
5313403351,2.5,2.35,2.7,2555,2
5313403351,2.35,2.4,2.7,2556,2
5313406043,1.95,1.93,2.99,2554,2
5313406043,2.07,2.07,2.99,2555,1
5313406043,1,1.97,2.99,2554,3
5313406043,0.75,2.06,2.99,2555,2
5313406043,1.43,1.92,2.99,2554,1
5313406043,2.23,2.09,2.99,2556,1
5313406043,0.97,1.99,2.99,2556,2
5313406043,0,1.94,2.99,2556,3
5313403362,2.5,3.05,2.67,2554,2
5313403362,3.03,3.23,2.67,2554,1
5313403362,3.4,3.35,2.67,2553,2
5313403362,3.73,3.26,2.67,2556,2
5313403362,3.36,3.17,2.67,2555,2
5313403362,3.29,3.29,2.67,2553,1
5313403362,3.4,3.13,2.67,2555,1
5313403362,4,3.22,2.67,2556,1
5313403380,3.94,3.88,3.68,2555,2
5313403380,4,3.86,3.68,2554,2
5313403380,3.91,3.87,3.68,2555,1
5313403380,3.8,3.81,3.68,2554,1
5313403380,4,3.89,3.68,2556,1
5313403380,3.7,3.7,3.68,2553,1
5313403380,3.92,3.81,3.68,2553,2
5313403387,2.5,2.67,3.04,2555,1
5313403387,2.42,2.71,3.04,2554,2
5313403387,3.19,2.79,3.04,2556,1
5313403387,3,2.72,3.04,2554,3
5313403387,2.92,2.72,3.04,2555,2
5313403387,2.8,2.8,3.04,2553,2
5313403387,2,2.73,3.04,2553,3
5313403387,2.93,2.81,3.04,2554,1
5313403387,2.8,2.8,3.04,2553,1
5313403396,2.08,2.38,2.98,2554,2
5313403396,3.53,2.73,2.98,2556,1
5313403396,2.44,2.44,2.98,2555,1
5313403396,3.25,2.45,2.98,2554,3
5313403396,3.36,2.6,2.98,2555,2
5313403396,2.25,2.37,2.98,2554,1
5313403396,2.39,2.39,2.98,2553,1
5313403396,4,2.42,2.98,2553,3
5313403396,2.14,2.28,2.98,2553,2
5313403442,1.84,1.84,3.07,2553,1
5313403442,0.46,1.43,3.07,2553,2
5313409610,1.62,1.62,2.48,2553,1
5313409610,1,1.33,2.48,2553,2
5313409610,0,1.33,2.48,2553,3
5313409628,0,0,2.46,2553,2
5313409628,0,0,2.46,2553,1
5313409635,1.56,1.39,1.52,2553,2
5313409635,1.13,1.13,1.52,2553,1
5313409635,0,1.39,1.52,2553,3
5313406054,2.37,2.41,2.74,2553,2
5313406054,2.8,2.6,2.74,2554,2
5313406054,2.74,2.52,2.74,2554,1
5313406054,2.45,2.45,2.74,2553,1
5313406054,2.88,2.66,2.74,2555,1
5313406054,2.79,2.68,2.74,2555,2
5313406054,3.35,2.78,2.74,2556,1
5313403448,2.58,2.63,3.65,2555,2
5313403448,2.92,2.43,3.65,2554,1
5313403448,3.5,2.66,3.65,2554,3
5313403448,3,2.2,3.65,2553,3
5313403448,1.84,1.88,3.65,2553,2
5313403448,1.92,1.92,3.65,2553,1
5313403448,2.57,2.64,3.65,2555,1
5313403448,2.95,2.56,3.65,2554,2
5313409711,0,0.15,2.8,2553,2
5313409711,0.15,0.15,2.8,2553,1
5313403472,2.59,2.06,3.1,2554,2
5313403472,2.05,2.06,3.1,2555,1
5313403472,2.12,1.87,3.1,2554,1
5313403472,1.64,1.78,3.1,2553,2
5313403472,1.22,2.1,3.1,2557,1
5313403472,1.92,1.92,3.1,2553,1
5313403472,1.75,2,3.1,2555,2
5313403472,1.13,2.15,3.1,2557,2
5313403472,0.5,2.08,3.1,2557,3
5313403472,0,2.07,3.1,2556,3
5313403472,1.8,2.07,3.1,2556,2
5313403472,2.03,2.11,3.1,2556,1
5313406109,2.59,2.59,3.44,2553,1
5313406109,2.72,2.61,3.44,2554,1
5313406109,2.5,2.55,3.44,2553,2
5313406109,2.65,2.62,3.44,2554,2
5313406109,3.7,2.87,3.44,2556,1
5313406109,2.89,2.68,3.44,2555,1
5313406109,2.95,2.73,3.44,2555,2
5313403484,3,2.82,2.9,2554,2
5313403484,3.17,3.1,2.9,2553,2
5313403484,2.29,2.76,2.9,2554,1
5313403484,2,3.02,2.9,2553,3
5313403484,3.03,3.03,2.9,2553,1
5313403484,2.91,2.6,2.9,2555,2
5313403484,1.75,2.55,2.9,2555,1
5313403484,3.08,2.65,2.9,2556,1
5313403484,1.75,2.75,2.9,2554,3
5313403504,2.98,3.08,3.49,2553,2
5313403504,3.08,3,3.49,2554,1
5313403504,1.5,2.97,3.49,2553,3
5313403504,3.33,3.13,3.49,2555,2
5313403504,3.2,3.2,3.49,2553,1
5313403504,3.39,3.09,3.49,2554,2
5313403504,3.19,3.09,3.49,2555,1
5313403504,2.75,3.06,3.49,2554,3
5313410656,1.89,1.93,2.72,2553,2
5313410656,1.98,1.98,2.72,2553,1
5313410656,2.1,1.88,2.72,2554,2
5313410656,1.5,1.81,2.72,2554,1
5313410656,1.89,1.93,2.57,2553,2
5313410656,1.98,1.98,2.57,2553,1
5313410656,2.1,1.88,2.57,2554,2
5313410656,1.5,1.81,2.57,2554,1
5313403517,2.63,2.68,3.11,2554,2
5313403517,2.56,2.7,3.11,2554,1
5313403517,3.03,2.78,3.11,2553,2
5313403517,2.47,2.47,3.11,2553,1
5313403517,2.81,2.76,3.11,2555,1
5313403517,3.14,2.82,3.11,2555,2
5313403517,3.5,2.74,3.11,2554,3
5313403517,3.12,2.85,3.11,2556,1
5313403532,3.37,3.48,3.66,2554,1
5313403532,2.9,3.32,3.66,2554,2
5313403532,3.53,3.53,3.66,2553,2
5313403532,3.53,3.53,3.66,2553,1
5313403532,3.38,3.39,3.66,2555,2
5313403532,3.59,3.39,3.66,2555,1
5313403532,3.42,3.36,3.66,2556,2
5313403532,3.18,3.36,3.66,2556,1
5313403539,2.67,2.67,3.7,2553,1
5313403539,2.25,2.61,3.7,2554,1
5313403539,2.89,2.78,3.7,2553,2
5313403539,2.15,2.48,3.7,2554,2
5313403539,2.21,2.44,3.7,2555,1
5313403539,2.75,2.5,3.7,2554,3
5313403539,2.81,2.5,3.7,2555,2
5313403539,3.06,2.57,3.7,2556,1
5313403539,3.25,2.6,3.7,2556,2
5313403553,2.03,1.66,2.97,2553,2
5313403553,1.24,1.24,2.97,2553,1
5313403588,3.5,1.96,3.43,2554,3
5313403588,4,2.36,3.43,2553,3
5313403588,1.63,2.15,3.43,2554,1
5313403588,0.81,1.89,3.43,2554,2
5313403588,0,1.96,3.43,2555,1
5313403588,2.18,2.23,3.43,2553,2
5313403588,2.29,2.29,3.43,2553,1
5313403588,2.47,2.25,3.43,2556,2
5313403588,1.43,2.21,3.43,2557,2
5313403588,1.75,2.24,3.43,2557,1
5313403588,2.3,2.21,3.43,2556,1
5313403588,2.65,2.19,3.43,2555,2
5313406190,2.05,2.2,2.51,2555,2
5313406190,3.5,2.25,2.51,2554,3
5313406190,2.18,2.23,2.51,2555,1
5313406190,1.83,2.2,2.51,2554,2
5313406190,2.25,2.35,2.51,2554,1
5313406190,2.18,2.2,2.51,2556,1
5313406190,1.5,2.19,2.51,2556,2
5313406190,1.73,1.73,2.51,2553,1
5313406190,2.65,2.41,2.51,2553,2
5313403597,3.33,3.35,2.89,2554,2
5313403597,3.29,3.29,2.89,2553,1
5313403597,3.38,3.36,2.89,2554,1
5313403597,3.4,3.35,2.89,2553,2
5313403597,3.24,3.17,2.89,2556,1
5313403597,2.65,3.21,2.89,2555,1
5313403597,2.9,3.16,2.89,2555,2
5313403621,0.89,1.5,2.58,2554,2
5313403621,2.04,2.04,2.58,2553,1
5313403621,1.4,1.68,2.58,2553,2
5313403621,1.66,1.68,2.58,2554,1
5313409832,0,0.3,2.59,2553,2
5313409832,0.5,0.5,2.59,2553,1
5313403626,2.17,2,2.57,2553,2
5313403626,2.25,2.16,2.57,2554,1
5313403626,3.2,2.59,2.57,2555,2
5313403626,1.75,2.12,2.57,2553,3
5313403626,1.84,1.84,2.57,2553,1
5313403626,2.78,2.43,2.57,2555,1
5313403626,2.89,2.33,2.57,2554,2
5313406213,2.75,2.36,2.79,2555,2
5313406213,2.16,2.26,2.79,2555,1
5313406213,2.37,2.36,2.79,2556,1
5313403643,1.7,2.12,3.44,2554,2
5313403643,2,2.17,3.44,2556,3
5313403643,1.65,2.22,3.44,2554,1
5313403643,2.15,2.36,3.44,2553,2
5313403643,2.58,2.58,3.44,2553,1
5313403643,2.79,2.16,3.44,2555,2
5313403643,1.73,2.03,3.44,2555,1
5313403643,1.4,2.14,3.44,2556,2
5313403643,2.25,2.23,3.44,2556,1
5313403654,3.27,3.65,2.86,2554,2
5313403654,3.73,3.73,2.86,2553,1
5313403654,3.84,3.78,2.86,2553,2
5313403654,3.82,3.79,2.86,2554,1
5313403667,2.88,3,3.48,2553,2
5313403667,2.24,2.74,3.48,2554,1
5313403667,1.95,2.52,3.48,2554,2
5313403667,2.75,2.54,3.48,2554,3
5313403667,2.32,2.48,3.48,2555,2
5313403667,3.17,3.17,3.48,2553,1
5313403667,2.4,2.6,3.48,2556,2
5313403667,3.12,2.58,3.48,2556,1
5313403667,2.2,2.47,3.48,2555,1
5313403709,2.7,2.54,3.12,2553,2
5313403709,2.37,2.37,3.12,2553,1
5313403709,2.5,2.63,3.12,2555,1
5313403709,1,2.72,3.12,2556,3
5313403709,2.77,2.67,3.12,2555,2
5313403709,2.21,2.65,3.12,2556,1
5313403709,3.09,2.76,3.12,2556,2
5313409964,0.5,2.37,2.16,2556,3
5313409964,1.37,2.35,2.16,2556,2
5313409964,2.08,2.35,2.16,2556,1
5313409964,0.4,2.2,2.16,2557,1
5313409964,1.89,2.26,2.16,2555,2
5313409964,1.5,2.24,2.16,2557,2
5313409964,1,2.21,2.16,2557,3
5313409964,3.5,1.97,2.16,2553,3
5313409964,2,2.28,2.16,2555,1
5313409964,1.44,1.44,2.16,2553,1
5313409964,2.2,1.82,2.16,2553,2
5313409964,3,2.25,2.16,2554,1
5313409964,2.87,2.37,2.16,2554,2
5313409964,0,2.37,2.16,2554,3
5313403734,2.38,2.91,3.19,2554,2
5313403734,3.3,3.36,3.19,2553,2
5313403734,2.48,3.09,3.19,2554,1
5313403734,3.41,3.41,3.19,2553,1
5313403734,2.65,2.86,3.19,2556,1
5313403734,2.98,2.92,3.19,2555,1
5313403734,2.74,2.89,3.19,2555,2
5313406283,2.58,2.46,3.14,2555,2
5313406283,2.2,2.35,3.14,2555,1
5313406283,2,2.4,3.14,2554,3
5313406283,2.83,2.43,3.14,2554,2
5313406283,2.5,2.31,3.14,2554,1
5313403757,1.59,2.2,3.03,2554,1
5313403757,1.09,1.91,3.03,2554,2
5313403757,2.25,2.02,3.03,2554,3
5313403757,2.39,2.4,3.03,2553,2
5313403757,2.4,2.4,3.03,2553,1
5313403757,2,1.92,3.03,2555,3
5313403757,1.08,1.86,3.03,2555,2
5313403757,1,1.91,3.03,2555,1
5313406316,1.62,2.1,2.48,2555,1
5313406316,1.5,2.17,2.48,2554,3
5313406316,2,2.1,2.48,2554,2
5313406316,2.75,2.42,2.48,2556,2
5313406316,1.85,2.01,2.48,2554,1
5313406316,2.57,2.26,2.48,2555,2
5313406316,2.62,2.33,2.48,2556,1
5313406316,1,2.39,2.48,2556,3
5313406353,2.35,2.42,2.9,2553,2
5313406353,1.48,2.06,2.9,2554,1
5313406353,2.27,2.2,2.9,2554,2
5313406353,2,2.19,2.9,2554,3
5313406353,2.44,2.32,2.9,2555,2
5313406353,2.5,2.5,2.9,2553,1
5313406353,2.5,2.4,2.9,2556,2
5313406353,2.43,2.33,2.9,2556,1
5313406353,2,2.15,2.9,2555,1
5313410118,2.17,2.27,3.56,2554,2
5313410118,2.62,2.34,3.56,2553,2
5313410118,2.25,2.31,3.56,2554,1
5313410118,1.94,1.94,3.56,2553,1
5313410118,2.58,2.22,3.56,2556,1
5313410118,1.64,2.13,3.56,2555,1
5313410118,2,2.1,3.56,2555,2
5313410118,1.4,2.14,3.56,2556,2
5313410118,2.17,2.27,0,2554,2
5313410118,2.62,2.34,0,2553,2
5313410118,2.25,2.31,0,2554,1
5313410118,1.94,1.94,0,2553,1
5313410118,2.58,2.22,0,2556,1
5313410118,1.64,2.13,0,2555,1
5313410118,2,2.1,0,2555,2
5313410118,1.4,2.14,0,2556,2
5313403770,3.13,3.05,2.96,2553,2
5313403770,2.92,3,2.96,2554,1
5313403770,2.86,2.86,2.96,2555,2
5313403770,2.94,2.94,2.96,2553,1
5313403770,2.9,2.87,2.96,2556,1
5313403770,2.92,2.98,2.96,2554,2
5313403770,2.23,2.86,2.96,2555,1
5313403770,3.75,3.04,2.96,2554,3
5313403792,3,2.29,2.77,2554,3
5313403792,2.52,2.34,2.77,2555,1
5313403792,2.43,2.46,2.77,2556,1
5313403792,1.93,2.24,2.77,2554,2
5313403792,2.28,2.33,2.77,2555,2
5313403792,2.71,2.5,2.77,2553,2
5313403792,2.27,2.27,2.77,2553,1
5313403792,2.09,2.35,2.77,2554,1
5313403801,1.83,1.83,3.54,2553,1
5313403801,2.66,2.26,3.54,2555,1
5313403801,2.06,1.95,3.54,2553,2
5313403801,2.31,2.05,3.54,2554,1
5313403801,2.15,2.13,3.54,2554,2
5313403801,2.23,2.26,3.54,2555,2
5313403801,2,2.27,3.54,2556,3
5313403801,1.73,2.23,3.54,2556,2
5313403801,2.65,2.32,3.54,2556,1
5313403812,3.48,3.67,3.82,2554,2
5313403812,3.75,3.6,3.82,2556,2
5313403812,3.7,3.58,3.82,2556,1
5313403812,3.24,3.56,3.82,2555,2
5313403812,3.5,3.63,3.82,2555,1
5313403812,3.77,3.74,3.82,2554,1
5313403812,3.89,3.73,3.82,2553,2
5313403812,3.56,3.56,3.82,2553,1
5313406397,0.5,2.09,3.31,2553,3
5313406397,1.89,2.12,3.31,2554,1
5313406397,1.79,2.04,3.31,2554,2
5313406397,1.85,2.1,3.31,2556,2
5313406397,2.42,2.38,3.31,2553,2
5313406397,2.34,2.34,3.31,2553,1
5313406397,2.03,2.1,3.31,2556,1
5313406397,1.5,2.04,3.31,2555,1
5313406397,1.59,2,3.31,2555,2
5313406397,2,2.03,3.31,2554,3
5313406433,2.58,2.54,2.99,2554,1
5313406433,2.29,2.47,2.99,2554,2
5313406433,2.85,2.52,2.99,2553,2
5313406433,2.1,2.1,2.99,2553,1
5313406433,2.5,2.47,2.99,2554,3
5313406433,3,2.5,2.99,2555,2
5313406433,3.13,2.57,2.99,2556,1
5313406433,2.09,2.4,2.99,2555,1
5313403851,2.53,2.72,3.67,2553,2
5313403851,2.25,2.58,3.67,2554,2
5313403851,2.93,2.93,3.67,2553,1
5313403851,2.59,2.68,3.67,2554,1
5313403851,3.69,2.86,3.67,2556,1
5313403851,2.71,2.67,3.67,2555,1
5313403851,2,2.66,3.67,2554,3
5313403851,2.96,2.73,3.67,2555,2
5313403862,2.84,2.88,3.13,2553,2
5313403862,2.53,2.83,3.13,2554,2
5313403862,2.64,2.79,3.13,2554,1
5313403862,2.92,2.92,3.13,2553,1
5313403862,3.25,2.86,3.13,2554,3
5313403862,2.2,2.73,3.13,2555,1
5313403862,2.45,2.66,3.13,2556,1
5313403862,2.16,2.62,3.13,2555,2
5313403865,3,2.38,3.57,2554,3
5313403865,1.93,2.53,3.57,2554,1
5313403865,1.81,2.33,3.57,2554,2
5313403865,2.88,2.85,3.57,2553,2
5313403865,2.82,2.82,3.57,2553,1
5313403865,1.43,2.27,3.57,2555,2
5313403865,2.82,2.34,3.57,2556,2
5313403865,2.25,2.27,3.57,2556,1
5313403865,2.65,2.44,3.57,2555,1
5313403920,2,2.26,2.88,2554,2
5313403920,2.25,2.35,2.88,2554,1
5313403920,2.5,2.4,2.88,2553,2
5313403920,2.29,2.29,2.88,2553,1
5313403920,2.5,2.4,2.88,2555,1
5313403920,3.05,2.52,2.88,2555,2
5313403920,2.5,2.37,2.88,2554,3
5313403920,3.37,2.64,2.88,2556,1
5313403942,3.59,3.73,4,2554,1
5313403942,3.86,3.81,4,2553,2
5313403942,3.75,3.75,4,2553,1
5313403942,3.36,3.64,4,2554,2
5313403942,3.12,3.52,4,2555,2
5313403942,3.33,3.58,4,2555,1
5313403948,1.84,2.18,3.16,2554,1
5313403948,2.5,2.32,3.16,2554,3
5313403948,2.7,2.3,3.16,2554,2
5313403948,1.73,2.18,3.16,2555,1
5313403948,2.71,2.29,3.16,2555,2
5313403948,2.82,2.36,3.16,2556,1
5313403959,3.41,3.41,3.63,2553,1
5313403959,3.48,3.34,3.63,2556,1
5313403959,3.03,3.31,3.63,2555,2
5313403959,3.2,3.37,3.63,2555,1
5313403959,3.68,3.56,3.63,2553,2
5313403959,3.41,3.5,3.63,2554,1
5313403959,3.15,3.41,3.63,2554,2
5313403972,2.72,2.72,3,2553,1
5313403972,1.08,2.08,3,2554,1
5313403972,1.8,2.1,3,2555,1
5313403972,1.59,2.18,3,2554,2
5313403972,2.55,2.63,3,2553,2
5313403972,2.25,2.2,3,2555,2
5313403972,2.79,2.27,3,2557,1
5313403972,2.13,2.17,3,2556,2
5313403972,2.05,2.17,3,2556,1
5313403984,0.68,2,3.11,2554,2
5313403984,1.83,2.32,3.11,2554,1
5313403984,2.4,2.55,3.11,2553,2
5313403984,1.29,2.08,3.11,2557,1
5313403984,2.71,2.71,3.11,2553,1
5313403984,0,2,3.11,2554,3
5313403984,1.75,2.18,3.11,2556,1
5313403984,2.33,2.21,3.11,2556,2
5313403984,2,2.2,3.11,2557,2
5313404004,1.73,2.32,3.5,2554,2
5313404004,2.75,2.75,3.5,2553,1
5313404004,2.06,2.54,3.5,2554,1
5313404004,2.83,2.8,3.5,2553,2
5313404004,2.53,2.42,3.5,2556,1
5313404004,2.05,2.33,3.5,2555,1
5313404004,2.5,2.43,3.5,2556,2
5313404004,2.46,2.35,3.5,2555,2
5313404004,3.25,2.39,3.5,2554,3
5313404017,2.74,2.67,3.42,2555,2
5313404017,2.5,2.56,3.42,2554,3
5313404017,3.05,2.66,3.42,2555,1
5313404017,3.21,2.74,3.42,2556,1
5313404017,2.81,2.81,3.42,2553,1
5313404017,2.35,2.56,3.42,2554,2
5313404017,2.62,2.93,3.42,2553,2
5313404017,2.06,2.63,3.42,2554,1
5313406523,0,0.8,2.74,2553,2
5313406523,1.79,1.79,2.74,2553,1
5313404032,1.66,1.98,3.2,2555,1
5313404032,1.1,1.91,3.2,2554,2
5313404032,1.75,1.98,3.2,2554,3
5313404032,2.39,2.37,3.2,2553,2
5313404032,1.89,2.24,3.2,2554,1
5313404032,2.5,2.03,3.2,2555,3
5313404032,2.34,2.34,3.2,2553,1
5313404032,1.28,2.09,3.2,2557,1
5313404032,1,2.04,3.2,2556,3
5313404032,1.79,2.06,3.2,2556,2
5313404032,1.19,1.94,3.2,2555,2
5313404032,1.75,2.03,3.2,2556,1
5313410359,1.98,2.11,2.15,2553,2
5313410359,1.89,1.89,2.15,2553,1
5313410359,1.2,1.83,2.15,2554,1
5313404047,3,2.67,3.45,2554,2
5313404047,2.43,2.57,3.45,2554,1
5313404047,2.89,2.64,3.45,2553,2
5313404047,2.39,2.39,3.45,2553,1
5313404047,3.45,2.7,3.45,2556,1
5313404047,2.23,2.57,3.45,2555,1
5313404047,2.62,2.58,3.45,2555,2
5313404076,2.29,2.52,3.07,2554,2
5313404076,2.34,2.6,3.07,2554,1
5313404076,2.77,2.72,3.07,2553,2
5313404076,2.67,2.67,3.07,2553,1
5313404076,2.03,2.41,3.07,2555,1
5313404076,2.59,2.44,3.07,2555,2
5313404076,2.3,2.53,3.07,2556,2
5313404076,2.84,2.56,3.07,2556,1
5313404102,1.93,2.42,3.06,2557,1
5313404102,1.5,2.36,3.06,2557,2
5313404102,2.13,2.4,3.06,2556,1
5313404102,1.5,2.44,3.06,2556,2
5313404102,1.25,2.38,3.06,2556,3
5313404103,2.45,2.99,3.35,2554,1
5313404103,1.59,2.66,3.35,2554,2
5313404103,3.53,3.29,3.35,2553,2
5313404103,4,2.76,3.35,2554,3
5313404103,2.59,2.73,3.35,2555,1
5313404103,3.06,3.06,3.35,2553,1
5313404103,3.35,2.72,3.35,2556,2
5313404103,2.29,2.72,3.35,2555,2
5313404103,2.18,2.64,3.35,2556,1
5313404116,2.37,2,3.31,2553,2
5313404116,1.62,1.62,3.31,2553,1
5313404116,1.84,2.1,3.31,2556,2
5313404116,2.37,2.04,3.31,2556,1
5313404116,1.27,1.98,3.31,2555,2
5313404116,1.68,1.94,3.31,2554,1
5313404116,1.5,2.08,3.31,2553,3
5313404116,1.98,1.95,3.31,2554,2
5313404116,1.5,1.92,3.31,2554,3
5313404116,2.53,2.04,3.31,2555,1
5313404138,2.03,2.17,3.01,2554,2
5313404138,1.78,1.97,3.01,2554,1
5313404138,0.75,2.24,3.01,2554,3
5313404138,1.94,2.12,3.01,2553,2
5313404138,1.41,2.03,3.01,2555,1
5313404138,1.92,1.92,3.01,2553,1
5313404138,1.83,2.17,3.01,2555,2
5313404138,0.84,2,3.01,2556,3
5313404138,0.5,1.98,3.01,2556,2
5313404138,0.17,2.02,3.01,2556,1
5313406549,3.42,3.37,3.75,2553,2
5313406549,0,3.47,3.75,2555,3
5313406549,3.46,3.4,3.75,2554,1
5313406549,3.32,3.32,3.75,2553,1
5313406549,3.87,3.52,3.75,2556,2
5313406549,3.77,3.5,3.75,2556,1
5313406549,3.15,3.33,3.75,2554,2
5313406549,3.48,3.47,3.75,2555,2
5313406549,3.94,3.46,3.75,2555,1
5313406560,2.79,2.79,3.42,2553,1
5313406560,2.55,2.28,3.42,2555,2
5313406560,1.75,2.6,3.42,2553,3
5313406560,2.7,2.74,3.42,2553,2
5313406560,1.4,2.14,3.42,2555,1
5313406560,1.5,2.32,3.42,2554,3
5313406560,2,2.27,3.42,2554,2
5313406560,1.42,2.25,3.42,2554,1
5313404148,2.15,2.66,3.34,2554,2
5313404148,3.15,2.61,3.34,2556,1
5313404148,2.24,2.56,3.34,2555,1
5313404148,2.34,2.52,3.34,2555,2
5313404148,3.13,2.65,3.34,2556,2
5313404148,2.64,2.84,3.34,2554,1
5313404172,1.5,2.4,3.62,2554,2
5313404172,3.1,3.12,3.62,2553,2
5313404172,0,2.9,3.62,2553,3
5313404172,1.87,2.71,3.62,2554,1
5313404172,3.14,3.14,3.62,2553,1
5313404172,2.6,2.63,3.62,2555,2
5313404172,2.63,2.63,3.62,2555,1
5313404172,2.2,2.57,3.62,2556,1
5313404172,3,2.53,3.62,2554,3
5313410514,2.85,2.85,3.09,2553,1
5313410514,2.98,2.92,3.09,2553,2
5313410514,2.85,2.85,2.96,2553,1
5313410514,2.98,2.92,2.96,2553,2
5313404177,2.45,2.52,3.54,2553,2
5313404177,1.8,2.13,3.54,2554,2
5313404177,1.8,2.25,3.54,2554,1
5313404177,2.6,2.6,3.54,2553,1
5313404177,1.53,2.09,3.54,2555,2
5313404177,1.7,2.13,3.54,2556,2
5313404177,2.35,2.13,3.54,2556,1
5313404177,2.18,2.21,3.54,2555,1
5313404184,1.48,2.02,2.94,2555,2
5313404184,1.94,2.07,2.94,2555,1
5313404184,1,1.99,2.94,2556,3
5313404184,1.5,1.95,2.94,2556,1
5313404184,1.91,1.95,2.94,2556,2
5313404184,2.06,2.06,2.94,2553,1
5313404184,1.75,2.12,2.94,2554,3
5313404184,1.62,1.84,2.94,2553,2
5313404184,2.33,2.1,2.94,2554,1
5313404184,2.27,2.15,2.94,2554,2
5313406594,1.86,1.59,2.57,2553,2
5313406594,0.97,0.97,2.57,2553,1
5313406594,1.84,1.85,2.57,2555,1
5313406594,3.4,2.08,2.57,2555,2
5313406594,1.62,2.06,2.57,2556,1
5313406594,0,1.44,2.57,2553,3
5313406594,2.13,2.15,2.57,2557,2
5313406594,1,2.13,2.57,2557,3
5313406594,1.92,2.11,2.57,2557,1
5313406594,1.25,2.05,2.57,2556,2
5313406594,1.86,1.59,2.59,2553,2
5313406594,0.97,0.97,2.59,2553,1
5313406594,1.84,1.85,2.59,2555,1
5313406594,3.4,2.08,2.59,2555,2
5313406594,1.62,2.06,2.59,2556,1
5313406594,0,1.44,2.59,2553,3
5313406594,2.13,2.15,2.59,2557,2
5313406594,1,2.13,2.59,2557,3
5313406594,1.92,2.11,2.59,2557,1
5313406594,1.25,2.05,2.59,2556,2
5313404193,2.16,2.08,2.89,2554,1
5313404193,4,1.96,2.89,2554,3
5313404193,1.04,1.85,2.89,2554,2
5313404193,1.95,2.05,2.89,2553,2
5313404193,0,2.04,2.89,2555,2
5313404193,2.5,2.04,2.89,2555,1
5313404193,0,1.7,2.89,2556,1
5313404193,2.17,2.17,2.89,2553,1
5313404204,2.97,2.97,3.77,2553,1
5313404204,2.69,2.95,3.77,2554,1
5313404204,2.35,2.79,3.77,2554,2
5313404204,3.25,3.13,3.77,2553,2
5313404204,2.55,2.84,3.77,2556,1
5313404204,3.29,2.91,3.77,2555,1
5313404204,2.79,2.89,3.77,2555,2
5313410536,1.65,1.74,2.01,2554,2
5313410536,1.29,1.29,2.01,2553,1
5313410536,1.74,1.5,2.01,2553,2
5313410536,2.25,1.77,2.01,2554,1
5313404217,2.25,2.73,2.93,2554,2
5313404217,2.78,2.91,2.93,2554,1
5313404217,3,2.98,2.93,2553,2
5313404217,2.95,2.95,2.93,2553,1
5313404217,3,2.77,2.93,2556,1
5313404217,3.13,2.82,2.93,2555,1
5313404217,2.28,2.72,2.93,2555,2
5313406640,1.75,2.13,2.37,2554,3
5313406640,1.81,2.04,2.37,2555,2
5313406640,1.71,2.03,2.37,2555,1
5313406640,1.57,1.99,2.37,2554,1
5313406640,2.14,2.15,2.37,2556,1
5313406640,0.5,2.18,2.37,2557,1
5313406640,0.5,2.16,2.37,2557,2
5313406640,0,2.16,2.37,2557,3
5313406640,1.5,2.21,2.37,2556,3
5313406640,1.38,2.18,2.37,2556,2
5313406640,1.84,1.84,2.37,2553,1
5313406640,1.95,2.07,2.37,2554,2
5313406640,2.4,2.09,2.37,2553,2
5313404251,3.37,3.49,3.35,2554,1
5313404251,3.29,3.35,3.35,2555,2
5313404251,3.5,3.37,3.35,2555,1
5313404251,2.85,3.32,3.35,2554,2
5313404251,3.4,3.36,3.35,2556,1
5313404265,1.61,1.61,3.43,2553,1
5313406679,2.98,2.67,3.7,2556,1
5313406679,2.3,2.7,3.7,2555,1
5313406679,2.23,2.62,3.7,2555,2
5313406679,3.07,3.07,3.7,2553,1
5313406679,2.96,3.05,3.7,2554,1
5313406679,2.12,2.8,3.7,2554,2
5313406679,3.13,3.1,3.7,2553,2
5313404280,2.66,3.05,2.56,2554,1
5313404280,2.78,3.1,2.56,2554,2
5313404280,3.24,3.12,2.56,2556,1
5313404280,3.21,3.25,2.56,2553,2
5313404280,3.29,3.29,2.56,2553,1
5313404280,3.11,3.11,2.56,2555,1
5313404280,3.05,3.1,2.56,2555,2
5313404280,3.25,3.11,2.56,2554,3
