"","ID","GPA","X2553_GPAX","entry2553_GPAX","EnrolledYear","Semester","group"
"1",5313404454,2.92,2.24,3.71,2555,2,8
"2",5313404454,2.44,2.44,3.71,2553,1,8
"3",5313404454,2.39,2.01,3.71,2555,1,8
"4",5313404454,2,1.91,3.71,2554,3,8
"5",5313404454,2.44,2.32,3.71,2556,1,8
"6",5313404454,2,2.37,3.71,2556,2,8
"7",5313404454,1.69,2.26,3.71,2554,1,8
"8",5313404454,2.74,2.59,3.71,2553,2,8
"9",5313404454,0.95,1.9,3.71,2554,2,8
"10",5313400771,2.4,2.81,3.08,2554,1,7
"11",5313400771,3.07,3.07,3.08,2553,1,7
"12",5313400771,3,3.03,3.08,2553,2,7
"13",5313400771,2.09,2.64,3.08,2554,2,7
"14",5313400771,2.4,2.58,3.08,2555,1,7
"15",5313400771,2.42,2.44,3.08,2556,2,7
"16",5313400771,1.88,2.46,3.08,2555,2,7
"17",5313400771,2.36,2.44,3.08,2556,1,7
"18",5313401005,2,2.21,3.53,2556,2,8
"19",5313401005,1.91,2.1,3.53,2554,2,8
"20",5313401005,2.65,2.47,3.53,2553,2,8
"21",5313401005,2.29,2.29,3.53,2553,1,8
"22",5313401005,2.35,2.31,3.53,2557,1,8
"23",5313401005,1.32,2.05,3.53,2554,1,8
"24",5313401005,1.94,2.19,3.53,2556,1,8
"25",5313401005,2.2,2.12,3.53,2555,2,8
"26",5313401005,1.6,2.03,3.53,2555,1,8
"27",5313407200,0.14,1.09,3.37,2553,2,7
"28",5313407200,2.04,2.04,3.37,2553,1,7
"29",5313401048,2.15,2.04,3.07,2555,2,7
"30",5313401048,1.08,1.96,3.07,2556,2,7
"31",5313401048,1.67,2.01,3.07,2556,3,7
"32",5313401048,1.59,2.01,3.07,2556,1,7
"33",5313401048,1.82,2.01,3.07,2555,1,7
"34",5313401048,2.1,2.06,3.07,2554,2,7
"35",5313401048,1.25,1.99,3.07,2554,3,7
"36",5313401048,1.86,2.04,3.07,2554,1,7
"37",5313401048,2.07,2.07,3.07,2553,1,7
"38",5313401048,2.27,2.17,3.07,2553,2,7
"39",5313401077,2.68,2.62,3,2556,1,7
"40",5313401077,1.87,2.35,3,2555,1,7
"41",5313401077,2.9,2.47,3,2555,2,7
"42",5313401077,2.5,2.66,3,2556,2,7
"43",5313401077,2.58,2.41,3,2554,2,7
"44",5313401077,2.21,2.2,3,2553,2,7
"45",5313401077,1.84,2.2,3,2554,1,7
"46",5313401077,2.19,2.19,3,2553,1,7
"47",5313404724,3,3.11,2.89,2553,3,6
"48",5313404724,3.14,3.13,2.89,2553,2,6
"49",5313404724,3.1,3.1,2.89,2553,1,6
"50",5313404724,2.38,2.9,2.89,2556,2,6
"51",5313404724,2.75,2.94,2.89,2556,1,6
"52",5313404724,2.93,3.03,2.89,2554,2,6
"53",5313404724,2.36,2.96,2.89,2555,2,6
"54",5313404724,3.03,3.08,2.89,2555,1,6
"55",5313404724,2.98,3.06,2.89,2554,1,6
"56",5313404724,4,3.1,2.89,2554,3,6
"57",5313401084,3.05,2.73,2.94,2554,2,6
"58",5313401084,2.7,2.79,2.94,2555,2,6
"59",5313401084,2.98,2.81,2.94,2555,1,6
"60",5313401084,3,2.76,2.94,2554,3,6
"61",5313401084,2.72,2.61,2.94,2554,1,6
"62",5313401084,2.62,2.53,2.94,2553,2,6
"63",5313401084,2.44,2.44,2.94,2553,1,6
"64",5313401093,3.43,3.38,2.53,2553,2,6
"65",5313401093,3.33,3.33,2.53,2553,1,6
"66",5313401093,1.8,2.81,2.53,2555,2,6
"67",5313401093,2.58,2.94,2.53,2555,1,6
"68",5313401093,2,2.91,2.53,2556,3,6
"69",5313401093,2.5,2.92,2.53,2554,3,6
"70",5313401093,2.93,2.9,2.53,2556,1,6
"71",5313401093,2.64,2.87,2.53,2556,2,6
"72",5313401093,2.5,3.05,2.53,2554,1,6
"73",5313401093,2.25,2.95,2.53,2554,2,6
"74",5313401499,3,2.74,3.34,2554,2,7
"75",5313401499,3.44,2.89,3.34,2556,1,7
"76",5313401499,2.74,2.74,3.34,2553,1,7
"77",5313401499,2.6,2.68,3.34,2553,2,7
"78",5313401499,2.58,2.64,3.34,2554,1,7
"79",5313401499,3.08,2.82,3.34,2555,2,7
"80",5313401499,3.63,2.79,3.34,2554,3,7
"81",5313401499,2.58,2.75,3.34,2555,1,7
"82",5313401513,2.8,2.88,3.42,2553,2,7
"83",5313401513,2.45,2.6,3.42,2554,2,7
"84",5313401513,2.25,2.66,3.42,2554,1,7
"85",5313401513,2.45,2.57,3.42,2555,1,7
"86",5313401513,2.95,2.95,3.42,2553,1,7
"87",5313401513,2.4,2.49,3.42,2556,1,7
"88",5313401513,2.18,2.5,3.42,2555,2,7
"89",5313402006,2.66,2.66,3.61,2553,1,8
"90",5313402006,1.4,2.27,3.61,2554,1,8
"91",5313402006,1,2.63,3.61,2553,3,8
"92",5313402006,2.45,2.55,3.61,2553,2,8
"93",5313402006,1.93,2.17,3.61,2554,2,8
"94",5313402006,0,2.34,3.61,2557,2,8
"95",5313402006,1.84,2.38,3.61,2557,1,8
"96",5313402006,1.09,1.98,3.61,2555,1,8
"97",5313402006,2.14,2.19,3.61,2555,2,8
"98",5313402006,2.07,2.22,3.61,2556,1,8
"99",5313402006,2.09,2.34,3.61,2556,2,8
"100",5313402006,0,2.17,3.61,2554,3,8
"101",5313402006,1.75,2.32,3.61,2556,3,8
"102",5313405524,0,1.64,2.35,2557,2,5
"103",5313405524,0.82,1.57,2.35,2554,1,5
"104",5313405524,1.87,1.96,2.35,2553,2,5
"105",5313405524,2.06,2.06,2.35,2553,1,5
"106",5313405524,1.69,2.01,2.35,2555,2,5
"107",5313405524,2.77,1.85,2.35,2554,2,5
"108",5313405524,0,1.77,2.35,2557,1,5
"109",5313405524,0.5,1.86,2.35,2556,3,5
"110",5313405524,0,1.87,2.35,2556,2,5
"111",5313405524,1.24,1.92,2.35,2556,1,5
"112",5313405524,2.27,2.08,2.35,2555,1,5
"113",5313405524,2.84,2.04,2.35,2554,3,5
"114",5313402511,2.41,2.18,3.07,2555,2,7
"115",5313402511,2.68,2.55,3.07,2553,2,7
"116",5313402511,2.45,2.45,3.07,2553,1,7
"117",5313402511,3.21,2.33,3.07,2556,1,7
"118",5313402511,1.75,2.16,3.07,2554,2,7
"119",5313402511,1.84,2.3,3.07,2554,1,7
"120",5313402511,2.11,2.12,3.07,2555,1,7
"121",5313402511,1.5,2.13,3.07,2554,3,7
"122",5313405548,3.08,2.75,2.97,2554,1,6
"123",5313405548,2.53,2.55,2.97,2553,2,6
"124",5313405548,2.56,2.56,2.97,2553,1,6
"125",5313405548,3,2.86,2.97,2554,3,6
"126",5313405548,3.15,2.85,2.97,2554,2,6
"127",5313406408,2.53,2.46,2.31,2553,2,5
"128",5313406408,3.67,2.81,2.31,2556,1,5
"129",5313406408,2.43,2.45,2.31,2554,1,5
"130",5313406408,2.74,2.53,2.31,2554,2,5
"131",5313406408,2.37,2.37,2.31,2553,1,5
"132",5313406408,3.63,2.87,2.31,2556,2,5
"133",5313406408,2.74,2.58,2.31,2555,1,5
"134",5313406408,3.1,2.67,2.31,2555,2,5
"135",5313410645,2.47,2.47,3.09,2553,1,7
"136",5313410645,2.4,2.43,3.09,2553,2,7
"137",5313410645,1.5,1.76,3.09,2554,3,7
"138",5313410645,1.23,2.12,3.09,2554,1,7
"139",5313410645,0.8,1.78,3.09,2554,2,7
"140",5313410645,2.73,2.24,3.09,2555,2,7
"141",5313410645,2.79,2.58,3.09,2556,2,7
"142",5313410645,3.25,2.42,3.09,2556,1,7
"143",5313410645,2.25,2.02,3.09,2555,1,7
"144",5313410645,2.47,2.47,3.2,2553,1,7
"145",5313410645,2.4,2.43,3.2,2553,2,7
"146",5313410645,1.5,1.76,3.2,2554,3,7
"147",5313410645,1.23,2.12,3.2,2554,1,7
"148",5313410645,0.8,1.78,3.2,2554,2,7
"149",5313410645,2.73,2.24,3.2,2555,2,7
"150",5313410645,2.79,2.58,3.2,2556,2,7
"151",5313410645,3.25,2.42,3.2,2556,1,7
"152",5313410645,2.25,2.02,3.2,2555,1,7
"153",5313403837,1.5,2.28,2.64,2555,2,6
"154",5313403837,2.22,2.33,2.64,2556,1,6
"155",5313403837,0,2.31,2.64,2556,3,6
"156",5313403837,2.19,2.36,2.64,2556,2,6
"157",5313403837,1.88,2.19,2.64,2554,2,6
"158",5313403837,2.3,2.37,2.64,2555,1,6
"159",5313403837,2,2.18,2.64,2554,3,6
"160",5313403837,2.42,2.59,2.64,2553,2,6
"161",5313403837,1.74,2.31,2.64,2554,1,6
"162",5313403837,2.75,2.75,2.64,2553,1,6
"163",5313400776,0.78,0.78,2.86,2553,1,6
"164",5313401288,3.58,3.67,3.4,2553,2,7
"165",5313401288,3.5,3.63,3.4,2555,2,7
"166",5313401288,3.55,3.62,3.4,2556,1,7
"167",5313401288,3.79,3.79,3.4,2553,1,7
"168",5313401288,3.45,3.62,3.4,2554,2,7
"169",5313401288,3.79,3.66,3.4,2555,1,7
"170",5313401288,3.7,3.68,3.4,2554,1,7
"171",5313404809,3.29,3.21,3.61,2555,2,8
"172",5313404809,3.1,3.19,3.61,2555,1,8
"173",5313404809,3.61,3.21,3.61,2554,2,8
"174",5313404809,3.36,3.06,3.61,2554,1,8
"175",5313404809,2.79,2.79,3.61,2553,1,8
"176",5313404809,2.98,2.9,3.61,2553,2,8
"177",5313406686,2.5,2.1,2.79,2554,3,6
"178",5313406686,2.12,2.1,2.79,2555,1,6
"179",5313406686,2.15,1.98,2.79,2554,2,6
"180",5313406686,1.64,1.92,2.79,2554,1,6
"181",5313406686,2.42,2.16,2.79,2555,2,6
"182",5313406686,2.82,2.35,2.79,2556,1,6
"183",5313406686,2.2,2.07,2.79,2553,2,6
"184",5313406686,1.95,1.95,2.79,2553,1,6
"185",5313400567,2.89,2.42,3.78,2556,1,8
"186",5313400567,2.32,2.32,3.78,2553,1,8
"187",5313400567,2.3,2.35,3.78,2555,2,8
"188",5313400567,3,2.25,3.78,2554,3,8
"189",5313400567,2.78,2.36,3.78,2555,1,8
"190",5313400567,2.2,2.45,3.78,2556,2,8
"191",5313400567,2.07,2.19,3.78,2554,2,8
"192",5313400567,1.73,2.1,3.78,2554,1,8
"193",5313400567,2.3,2.31,3.78,2553,2,8
"194",5313400622,0.62,0.88,2.72,2553,2,6
"195",5313400622,0.92,0.92,2.72,2553,1,6
"196",5313400627,1.48,2.05,2.55,2553,2,6
"197",5313400627,1.3,1.82,2.55,2554,2,6
"198",5313400627,2.62,2.62,2.55,2553,1,6
"199",5313400627,1.25,2.08,2.55,2553,3,6
"200",5313400627,0.63,1.75,2.55,2554,1,6
"201",5313400673,2.24,2.28,3.28,2555,2,7
"202",5313400673,2.37,2.35,3.28,2556,1,7
"203",5313400673,1.75,2.29,3.28,2553,3,7
"204",5313400673,2.26,2.29,3.28,2555,1,7
"205",5313400673,2.75,2.3,3.28,2554,3,7
"206",5313400673,2,2.17,3.28,2554,2,7
"207",5313400673,2,2.21,3.28,2554,1,7
"208",5313400673,1.95,1.95,3.28,2553,1,7
"209",5313400673,2.43,2.2,3.28,2553,2,7
"210",5313400699,2,2.82,3.13,2553,3,7
"211",5313400699,1.39,2.27,3.13,2555,2,7
"212",5313400699,2.42,2.37,3.13,2556,1,7
"213",5313400699,2.2,2.42,3.13,2555,1,7
"214",5313400699,2.25,2.47,3.13,2554,3,7
"215",5313400699,2.23,2.48,3.13,2554,2,7
"216",5313400699,2.86,2.89,3.13,2553,2,7
"217",5313400699,2.92,2.92,3.13,2553,1,7
"218",5313400699,2.1,2.57,3.13,2554,1,7
"219",5313404412,1.03,1.03,2.65,2553,1,6
"220",5313404412,1.39,1.31,2.65,2553,2,6
"221",5313404412,0,1.2,2.65,2553,3,6
"222",5313400728,3.05,2.89,3.32,2553,2,7
"223",5313400728,2.5,2.86,3.32,2553,3,7
"224",5313400728,2.67,2.67,3.32,2553,1,7
"225",5313400728,2.5,2.73,3.32,2554,1,7
"226",5313400728,3.29,2.78,3.32,2556,1,7
"227",5313400728,2,2.78,3.32,2554,3,7
"228",5313400728,3.06,2.7,3.32,2555,2,7
"229",5313400728,2.09,2.63,3.32,2555,1,7
"230",5313400728,3,2.8,3.32,2554,2,7
"231",5313400713,2,2.42,2.56,2554,3,6
"232",5313400713,2.15,2.34,2.56,2554,2,6
"233",5313400713,2.34,2.55,2.56,2556,2,6
"234",5313400713,2.53,2.53,2.56,2553,1,6
"235",5313400713,2.86,2.67,2.56,2553,2,6
"236",5313400713,2,2.41,2.56,2554,1,6
"237",5313400713,2.73,2.4,2.56,2555,2,6
"238",5313400713,2.09,2.34,2.56,2555,1,6
"239",5313400713,2.79,2.52,2.56,2556,1,6
"240",5313400735,2,2.25,2.93,2554,3,6
"241",5313400735,1.96,2.19,2.93,2555,1,6
"242",5313400735,1.8,2.21,2.93,2554,1,6
"243",5313400735,2.46,2.23,2.93,2555,2,6
"244",5313400735,2.5,2.28,2.93,2554,2,6
"245",5313400735,2.42,2.37,2.93,2553,2,6
"246",5313400735,2.32,2.32,2.93,2553,1,6
"247",5313406904,1.92,2.05,1.57,2553,2,4
"248",5313406904,1.84,1.84,1.57,2553,1,4
"249",5313406904,0,2.05,1.57,2554,1,4
"250",5313404489,0,0.14,2.57,2553,2,6
"251",5313404489,0.27,0.27,2.57,2553,1,6
"252",5313404534,0.83,1.74,3.16,2554,1,7
"253",5313404534,1.87,1.87,3.16,2553,1,7
"254",5313404534,2,2.1,3.16,2553,2,7
"255",5313404534,2.34,1.93,3.16,2554,2,7
"256",5313400803,1.95,2.08,3.3,2553,2,7
"257",5313400803,2.6,2.18,3.3,2554,2,7
"258",5313400803,2.22,2.22,3.3,2553,1,7
"259",5313400803,1.66,2.04,3.3,2554,1,7
"260",5313400803,1.84,2.11,3.3,2555,1,7
"261",5313400803,2.25,2.19,3.3,2554,3,7
"262",5313400803,2.83,2.33,3.3,2556,1,7
"263",5313400803,2.53,2.19,3.3,2555,2,7
"264",5313400831,1,1.97,3.31,2555,2,7
"265",5313400831,0.86,2.01,3.31,2555,1,7
"266",5313400831,1.09,1.94,3.31,2556,1,7
"267",5313400831,1.58,1.89,3.31,2556,2,7
"268",5313400831,0.34,1.87,3.31,2556,3,7
"269",5313400831,1.97,1.97,3.31,2553,1,7
"270",5313400831,1.97,2.4,3.31,2554,1,7
"271",5313400831,2.69,2.35,3.31,2553,2,7
"272",5313400831,1.27,2.17,3.31,2554,2,7
"273",5313400831,1.75,2.13,3.31,2554,3,7
"274",5313404563,2.08,2.2,3.34,2554,1,7
"275",5313404563,2.29,2.29,3.34,2553,1,7
"276",5313404563,2.25,2.27,3.34,2553,2,7
"277",5313404563,2.75,2.34,3.34,2554,3,7
"278",5313404563,3.18,2.5,3.34,2555,2,7
"279",5313404563,2.5,2.38,3.34,2555,1,7
"280",5313404563,2.63,2.31,3.34,2554,2,7
"281",5313400897,2.16,2.34,3.47,2555,2,7
"282",5313400897,2.68,2.39,3.47,2555,1,7
"283",5313400897,2.42,2.42,3.47,2553,1,7
"284",5313400897,1.79,2.24,3.47,2556,2,7
"285",5313400897,1.69,1.96,3.47,2554,1,7
"286",5313400897,1.62,2.25,3.47,2556,1,7
"287",5313400897,1.78,2.09,3.47,2553,2,7
"288",5313400897,2.53,2.21,3.47,2554,2,7
"289",5313400897,3.17,2.33,3.47,2554,3,7
"290",5313400866,2,2.25,2.85,2554,3,6
"291",5313400866,1.89,2.17,2.85,2554,2,6
"292",5313400866,2.43,2.52,2.85,2553,2,6
"293",5313400866,1.78,2.21,2.85,2555,1,6
"294",5313400866,1.66,2.17,2.85,2554,1,6
"295",5313400866,1,2.39,2.85,2553,3,6
"296",5313400866,2.16,2.16,2.85,2553,1,6
"297",5313400866,1,2.12,2.85,2557,2,6
"298",5313400866,1.75,2.13,2.85,2556,3,6
"299",5313400866,0,2.08,2.85,2557,3,6
"300",5313400866,1.7,2.13,2.85,2557,1,6
"301",5313400866,0.2,2.1,2.85,2556,2,6
"302",5313400866,1.39,2.23,2.85,2556,1,6
"303",5313400866,1.76,2.24,2.85,2555,2,6
"304",5313404605,2.07,2.56,2.99,2554,2,6
"305",5313404605,2.03,2.75,2.99,2554,1,6
"306",5313404605,3.28,3.16,2.99,2553,2,6
"307",5313404605,2.25,2.43,2.99,2555,2,6
"308",5313404605,3.03,3.03,2.99,2553,1,6
"309",5313404605,2.08,2.47,2.99,2555,1,6
"310",5313404605,3.18,2.53,2.99,2556,1,6
"311",5313400881,1.88,2.49,3.61,2555,1,8
"312",5313400881,1,2.63,3.61,2554,3,8
"313",5313400881,2.39,2.59,3.61,2554,2,8
"314",5313400881,1.85,2.66,3.61,2554,1,8
"315",5313400881,3.27,3.13,3.61,2553,2,8
"316",5313400881,1.1,2.13,3.61,2557,1,8
"317",5313400881,1.29,2.13,3.61,2556,2,8
"318",5313400881,1,2.15,3.61,2556,3,8
"319",5313400881,2.97,2.97,3.61,2553,1,8
"320",5313400881,1.38,2.24,3.61,2557,2,8
"321",5313400881,1.12,2.12,3.61,2556,1,8
"322",5313400881,1.4,2.25,3.61,2555,2,8
"323",5313400888,3,3.05,3.11,2554,1,7
"324",5313400888,3.09,2.99,3.11,2553,2,7
"325",5313400888,4,3.07,3.11,2553,3,7
"326",5313400888,2.88,2.88,3.11,2553,1,7
"327",5313400888,3.45,3.15,3.11,2554,2,7
"328",5313400888,3.53,3.27,3.11,2555,2,7
"329",5313400888,3.66,3.22,3.11,2555,1,7
"330",5313400888,2.5,3.1,3.11,2554,3,7
"331",5313400921,0.5,1.88,2.84,2554,1,6
"332",5313400921,2.85,2.44,2.84,2553,2,6
"333",5313400921,1.19,1.7,2.84,2554,2,6
"334",5313400921,2,2,2.84,2553,1,6
"335",5313400926,2,2,2.95,2553,1,6
"336",5313400926,2.21,2.22,2.95,2554,2,6
"337",5313400926,2.32,2.22,2.95,2554,1,6
"338",5313400926,2.34,2.17,2.95,2553,2,6
"339",5313400926,2.43,2.36,2.95,2555,1,6
"340",5313400926,2.5,2.25,2.95,2554,3,6
"341",5313400926,2.18,2.32,2.95,2555,2,6
"342",5313400926,2.85,2.43,2.95,2556,1,6
"343",5313400963,2.08,2.36,3.42,2554,2,7
"344",5313400963,2.48,2.47,3.42,2555,2,7
"345",5313400963,2.78,2.47,3.42,2555,1,7
"346",5313400963,2.5,2.5,3.42,2553,1,7
"347",5313400963,2.3,2.47,3.42,2554,1,7
"348",5313400963,2.64,2.57,3.42,2553,2,7
"349",5313400963,4,2.57,3.42,2556,1,7
"350",5313400978,1.18,1.19,2.61,2553,2,6
"351",5313400978,0.97,0.97,2.61,2553,1,6
"352",5313400978,0,1.19,2.61,2553,3,6
"353",5313400985,2.9,2.68,2.78,2555,1,6
"354",5313400985,2.75,2.58,2.78,2553,3,6
"355",5313400985,2.16,2.55,2.78,2554,2,6
"356",5313400985,2.25,2.62,2.78,2554,3,6
"357",5313400985,2.55,2.71,2.78,2554,1,6
"358",5313400985,2.8,2.55,2.78,2553,2,6
"359",5313400985,1.8,2.55,2.78,2555,2,6
"360",5313400985,2.75,2.64,2.78,2556,1,6
"361",5313400985,2.29,2.29,2.78,2553,1,6
"362",5313400994,2.27,2.57,3.41,2553,2,7
"363",5313400994,2.83,2.83,3.41,2553,1,7
"364",5313400994,2.65,2.6,3.41,2554,1,7
"365",5313400994,2.84,2.67,3.41,2554,2,7
"366",5313400994,1.79,2.49,3.41,2555,1,7
"367",5313400994,2.76,2.55,3.41,2555,2,7
"368",5313400994,3.21,2.64,3.41,2556,1,7
"369",5313401072,2.83,2.76,3.7,2555,1,8
"370",5313401072,2.41,2.66,3.7,2554,2,8
"371",5313401072,3.75,2.74,3.7,2554,3,8
"372",5313401072,2.23,2.67,3.7,2555,2,8
"373",5313401072,2.84,2.84,3.7,2553,1,8
"374",5313401072,3.12,2.98,3.7,2553,2,8
"375",5313401072,2.35,2.76,3.7,2554,1,8
"376",5313401072,2.82,2.69,3.7,2556,1,8
"377",5313401104,2.25,2.25,2.54,2553,1,6
"378",5313401104,1.35,2.1,2.54,2554,2,6
"379",5313401104,1.97,2.39,2.54,2554,1,6
"380",5313401104,2.89,2.57,2.54,2553,2,6
"381",5313401104,0.95,1.95,2.54,2555,1,6
"382",5313401104,0,1.66,2.54,2555,2,6
"383",5313401104,1.67,2.13,2.54,2554,3,6
"384",5313401117,2.66,2.57,2.75,2554,2,6
"385",5313401117,2.85,2.53,2.75,2554,1,6
"386",5313401117,2.27,2.35,2.75,2553,2,6
"387",5313401117,2.44,2.44,2.75,2553,1,6
"388",5313401117,3.75,2.66,2.75,2554,3,6
"389",5313401117,2.8,2.69,2.75,2555,1,6
"390",5313401117,2.95,2.73,2.75,2556,1,6
"391",5313401117,2.65,2.69,2.75,2555,2,6
"392",5313401139,3.65,3.38,3.2,2554,1,7
"393",5313401139,3.34,3.23,3.2,2553,2,7
"394",5313401139,3.5,3.41,3.2,2554,2,7
"395",5313401139,3.12,3.12,3.2,2553,1,7
"396",5313401139,3.05,3.21,3.2,2555,2,7
"397",5313401139,2.64,3.25,3.2,2555,1,7
"398",5313401139,3.35,3.23,3.2,2556,1,7
"399",5313401163,2.19,2.26,2.82,2555,1,6
"400",5313401163,2.15,2.15,2.82,2556,2,6
"401",5313401163,1.93,2.19,2.82,2555,2,6
"402",5313401163,1.66,2.1,2.82,2556,1,6
"403",5313401163,2,2,2.82,2554,3,6
"404",5313401163,2.45,2.46,2.82,2553,2,6
"405",5313401163,1.5,2.18,2.82,2554,1,6
"406",5313401163,2.48,2.48,2.82,2553,1,6
"407",5313401163,1.09,1.91,2.82,2554,2,6
"408",5313401185,0.82,0.82,3.14,2553,1,7
"409",5313401185,3.1,1.3,3.14,2553,2,7
"410",5313401185,3.75,1.79,3.14,2553,3,7
"411",5313401194,1.97,1.97,3.28,2553,1,7
"412",5313401194,0.16,1.83,3.28,2554,1,7
"413",5313401194,2.77,2.43,3.28,2553,2,7
"414",5313401194,1.5,1.81,3.28,2554,2,7
"415",5313401218,1.5,2.47,3.48,2554,1,7
"416",5313401218,0.5,2.33,3.48,2554,2,7
"417",5313401218,4,2.79,3.48,2553,3,7
"418",5313401218,2.87,2.68,3.48,2553,2,7
"419",5313401218,1.3,2.14,3.48,2555,2,7
"420",5313401218,2.47,2.47,3.48,2553,1,7
"421",5313401218,1,2.17,3.48,2555,1,7
"422",5313401218,0,1.83,3.48,2556,2,7
"423",5313401218,0,2.09,3.48,2556,1,7
"424",5313401218,2.25,2.32,3.48,2554,3,7
"425",5313401223,2.35,2.25,3.12,2553,2,7
"426",5313401223,3.3,2.69,3.12,2554,2,7
"427",5313401223,2.84,2.5,3.12,2554,1,7
"428",5313401223,3.5,2.35,3.12,2553,3,7
"429",5313401223,2.13,2.13,3.12,2553,1,7
"430",5313401223,2.82,2.78,3.12,2555,1,7
"431",5313401223,3.18,2.86,3.12,2555,2,7
"432",5313401223,3.75,2.77,3.12,2554,3,7
"433",5313407354,2.28,2.28,2.87,2553,1,6
"434",5313407354,2.03,2.16,2.87,2553,2,6
"435",5313407354,2,2.32,2.87,2553,3,6
"436",5313407354,1.47,2.06,2.87,2554,1,6
"437",5313401253,2.75,2.2,3.3,2555,2,7
"438",5313401253,1.8,2.03,3.3,2554,2,7
"439",5313401253,1.6,1.78,3.3,2553,2,7
"440",5313401253,1.95,1.95,3.3,2553,1,7
"441",5313401253,2.29,2.09,3.3,2554,1,7
"442",5313401253,2.11,2.05,3.3,2555,1,7
"443",5313401253,3.32,2.45,3.3,2556,1,7
"444",5313401321,1,2.53,2.93,2553,3,6
"445",5313401321,0.69,1.8,2.93,2554,2,6
"446",5313401321,2.25,2.25,2.93,2553,1,6
"447",5313401321,2.64,2.45,2.93,2553,2,6
"448",5313401321,1.64,2.22,2.93,2554,1,6
"449",5313401321,0,1.61,2.93,2555,1,6
"450",5313401326,2.75,2.17,2.65,2553,3,6
"451",5313401326,2.23,2.19,2.65,2554,1,6
"452",5313401326,2.69,2.31,2.65,2554,2,6
"453",5313401326,1.79,1.84,2.65,2553,2,6
"454",5313401326,1.88,1.88,2.65,2553,1,6
"455",5313401326,2.25,2.28,2.65,2555,1,6
"456",5313401326,2.5,2.6,2.65,2556,2,6
"457",5313401326,3.33,2.6,2.65,2556,1,6
"458",5313401326,2.37,2.42,2.65,2555,2,6
"459",5313401326,2.17,2.29,2.65,2554,3,6
"460",5313404872,2,2.26,3.29,2553,3,7
"461",5313404872,1.42,1.96,3.29,2554,1,7
"462",5313404872,2.07,2.32,3.29,2553,2,7
"463",5313404872,2.1,2,3.29,2554,2,7
"464",5313404872,2.11,2.11,3.29,2553,1,7
"465",5313404872,2.72,2.04,3.29,2555,2,7
"466",5313404872,2.5,2.2,3.29,2556,2,7
"467",5313404872,2.71,2.15,3.29,2556,1,7
"468",5313404872,1.23,1.81,3.29,2555,1,7
"469",5313404877,2.75,2.07,2.29,2553,3,5
"470",5313404877,2.63,2.35,2.29,2554,2,5
"471",5313404877,2.7,2.24,2.29,2554,1,5
"472",5313404877,1.9,1.94,2.29,2553,2,5
"473",5313404877,1.98,1.98,2.29,2553,1,5
"474",5313404877,0,2.26,2.29,2554,3,5
"475",5313404877,1.5,2.39,2.29,2556,3,5
"476",5313404877,1.93,2.21,2.29,2555,2,5
"477",5313404877,2.95,2.41,2.29,2556,2,5
"478",5313404877,2,2.22,2.29,2556,1,5
"479",5313404877,1.75,2.21,2.29,2555,1,5
"480",5313407486,2.06,2.28,3.08,2553,2,7
"481",5313407486,2.35,2.49,3.08,2554,2,7
"482",5313407486,2.28,2.4,3.08,2554,1,7
"483",5313407486,1.25,2.76,3.08,2556,2,7
"484",5313407486,2.9,2.68,3.08,2555,1,7
"485",5313407486,2.5,2.5,3.08,2553,1,7
"486",5313407486,2.95,2.74,3.08,2555,2,7
"487",5313407486,3.33,2.82,3.08,2556,1,7
"488",5313401376,0.58,0.58,2.57,2553,1,6
"489",5313401376,1.36,1.14,2.57,2553,2,6
"490",5313404893,2.28,2.27,3.17,2553,2,7
"491",5313404893,1.64,2.05,3.17,2554,2,7
"492",5313404893,2.04,2.2,3.17,2554,1,7
"493",5313404893,2.25,2.25,3.17,2553,1,7
"494",5313404893,2.15,2.21,3.17,2555,2,7
"495",5313404893,2.25,2.15,3.17,2554,3,7
"496",5313404893,2.64,2.28,3.17,2556,2,7
"497",5313404893,2.35,2.23,3.17,2556,1,7
"498",5313404893,2.15,2.15,3.17,2555,1,7
"499",5313404904,2.5,2.43,3.28,2553,2,7
"500",5313404904,2.36,2.36,3.28,2553,1,7
"501",5313404904,2.75,2.48,3.28,2553,3,7
"502",5313401416,1.92,1.99,3.15,2553,2,7
"503",5313401416,2.06,2.06,3.15,2553,1,7
"504",5313401402,2.43,2.28,3.4,2554,1,7
"505",5313401402,2.15,2.18,3.4,2553,2,7
"506",5313401402,2.22,2.22,3.4,2553,1,7
"507",5313401402,3.03,2.47,3.4,2554,2,7
"508",5313401402,3.12,2.77,3.4,2555,2,7
"509",5313401402,2.75,2.59,3.4,2554,3,7
"510",5313401402,3.02,2.69,3.4,2555,1,7
"511",5313401383,2.82,2.33,2.62,2556,1,6
"512",5313401383,1.62,2.02,2.62,2555,1,6
"513",5313401383,2,2.31,2.62,2556,3,6
"514",5313401383,1.7,2.27,2.62,2556,2,6
"515",5313401383,2.75,2.17,2.62,2555,2,6
"516",5313401383,1.5,2.05,2.62,2554,3,6
"517",5313401383,1.67,2.01,2.62,2554,2,6
"518",5313401383,1.17,2.01,2.62,2554,1,6
"519",5313401455,2.14,2.14,2.75,2553,1,6
"520",5313401455,1.5,1.67,2.75,2554,2,6
"521",5313401455,1.21,1.73,2.75,2554,1,6
"522",5313401455,1.92,2.02,2.75,2553,2,6
"523",5313401468,2.16,2.39,3.82,2554,2,8
"524",5313401468,2.71,2.75,3.82,2553,2,8
"525",5313401468,2,2.47,3.82,2554,1,8
"526",5313401468,4,2.51,3.82,2554,3,8
"527",5313401468,2.8,2.8,3.82,2553,1,8
"528",5313401468,2.68,2.57,3.82,2556,1,8
"529",5313401468,2.29,2.53,3.82,2555,1,8
"530",5313401468,2.64,2.55,3.82,2555,2,8
"531",5313401473,2.06,2.06,2.95,2553,1,6
"532",5313401473,2.7,2.34,2.95,2555,1,6
"533",5313401473,3.25,2.25,2.95,2554,3,6
"534",5313401473,2.58,2.34,2.95,2553,2,6
"535",5313401473,2.07,2.26,2.95,2554,1,6
"536",5313401473,1.93,2.17,2.95,2554,2,6
"537",5313401473,2.69,2.4,2.95,2555,2,6
"538",5313401473,3.03,2.49,2.95,2556,1,6
"539",5313401490,1.5,2.34,3.05,2554,3,7
"540",5313401490,1.9,2.3,3.05,2555,1,7
"541",5313401490,2.13,2.31,3.05,2554,2,7
"542",5313401490,2.69,2.37,3.05,2555,2,7
"543",5313401490,2.44,2.44,3.05,2553,1,7
"544",5313401490,2.4,2.37,3.05,2556,1,7
"545",5313401490,2,2.48,3.05,2553,3,7
"546",5313401490,2.65,2.56,3.05,2553,2,7
"547",5313401490,2.08,2.35,3.05,2554,1,7
"548",5313401490,1.09,2.27,3.05,2556,2,7
"549",5313401490,0,2.27,3.05,2556,3,7
"550",5313401510,1.96,2.29,2.56,2555,1,6
"551",5313401510,2.09,2.33,2.56,2554,2,6
"552",5313401510,2.84,2.45,2.56,2555,2,6
"553",5313401510,1.5,2.39,2.56,2554,3,6
"554",5313401510,2.96,2.53,2.56,2556,1,6
"555",5313401510,2.33,2.47,2.56,2553,2,6
"556",5313401510,2.61,2.61,2.56,2553,1,6
"557",5313401510,2.29,2.4,2.56,2554,1,6
"558",5313401544,2.89,2.83,3.69,2555,1,8
"559",5313401544,1.62,2.69,3.69,2554,2,8
"560",5313401544,2.1,2.73,3.69,2556,2,8
"561",5313401544,3.37,3.37,3.69,2553,1,8
"562",5313401544,3.34,3.35,3.69,2553,2,8
"563",5313401544,2.4,3.02,3.69,2554,1,8
"564",5313401544,2.42,2.74,3.69,2555,2,8
"565",5313401544,2.69,2.74,3.69,2556,1,8
"566",5313401555,2.29,2.29,3.47,2554,2,7
"567",5313401555,2.59,2.59,3.47,2553,1,7
"568",5313401555,2.14,2.37,3.47,2553,2,7
"569",5313401555,2.13,2.29,3.47,2554,1,7
"570",5313401555,0.66,2.15,3.47,2556,2,7
"571",5313401555,1.75,2.13,3.47,2556,3,7
"572",5313401555,1.75,2.26,3.47,2555,1,7
"573",5313401555,2.61,2.32,3.47,2555,2,7
"574",5313401555,1.71,2.26,3.47,2556,1,7
"575",5313401555,1.13,2.14,3.47,2557,1,7
"576",5313401555,1.84,2.1,3.47,2557,2,7
"577",5313401555,2,2.14,3.47,2557,3,7
"578",5313401573,1.67,1.67,2.62,2553,1,6
"579",5313401573,2.39,2.03,2.62,2553,2,6
"580",5313401573,1.56,1.75,2.62,2554,2,6
"581",5313401573,0,1.62,2.62,2555,1,6
"582",5313401573,0,1.62,2.62,2554,3,6
"583",5313401573,0.97,1.72,2.62,2554,1,6
"584",5313401573,2,2.03,2.62,2553,3,6
"585",5313401590,0.75,1.77,3.62,2554,1,8
"586",5313401590,3,1.81,3.62,2554,3,8
"587",5313401590,1,1.71,3.62,2554,2,8
"588",5313401590,0,1.81,3.62,2555,1,8
"589",5313401590,2.53,2.39,3.62,2553,2,8
"590",5313401590,1.84,1.84,3.62,2553,1,8
"591",5313401590,1.5,2.26,3.62,2553,3,8
"592",5313401590,3.63,2.06,3.62,2555,2,8
"593",5313401590,1.35,2.07,3.62,2556,1,8
"594",5313401590,1.5,2.16,3.62,2555,3,8
"595",5313401590,1.66,2.05,3.62,2556,2,8
"596",5313401590,1,2.05,3.62,2556,3,8
"597",5313407698,0.5,0.72,3.43,2553,2,7
"598",5313407698,0.96,0.96,3.43,2553,1,7
"599",5313407792,1.69,2,2.93,2554,2,6
"600",5313407792,1.89,1.89,2.93,2553,1,6
"601",5313407792,2.37,2.08,2.93,2553,2,6
"602",5313407792,2.22,2.13,2.93,2554,1,6
"603",5313407801,2.5,2.5,2.86,2553,1,6
"604",5313407801,1.1,1.77,2.86,2553,2,6
"605",5313407801,2.15,1.93,2.86,2554,1,6
"606",5313407801,1.25,2.08,2.86,2554,3,6
"607",5313407801,1.9,2.05,2.86,2554,2,6
"608",5313407801,0.75,2.16,2.86,2556,3,6
"609",5313407801,1.73,2.18,2.86,2556,1,6
"610",5313407801,1.58,2.18,2.86,2556,2,6
"611",5313401645,2.22,2.24,3.49,2556,1,7
"612",5313401645,2.29,2.26,3.49,2556,2,7
"613",5313401645,2.3,2.27,3.49,2557,1,7
"614",5313401645,2.3,2.3,3.49,2553,1,7
"615",5313401645,2.15,2.22,3.49,2553,2,7
"616",5313401645,2.28,2.18,3.49,2555,1,7
"617",5313401645,1.74,2.18,3.49,2555,2,7
"618",5313401645,2,2.15,3.49,2554,2,7
"619",5313401645,2.25,2.2,3.49,2554,1,7
"620",5313401645,2,2.19,3.49,2553,3,7
"621",5313401635,3.3,3.19,3.31,2555,1,7
"622",5313401635,2.73,3.11,3.31,2555,2,7
"623",5313401635,3.08,3.11,3.31,2556,1,7
"624",5313401635,3.27,3.27,3.31,2554,1,7
"625",5313401635,2.91,3.16,3.31,2554,2,7
"626",5313401691,0,1.43,3.45,2554,1,7
"627",5313401736,2.71,2.85,3.29,2554,1,7
"628",5313401736,2.93,2.91,3.29,2553,2,7
"629",5313401736,2.19,2.67,3.29,2554,2,7
"630",5313401736,2.89,2.89,3.29,2553,1,7
"631",5313401736,1.8,2.5,3.29,2555,2,7
"632",5313401736,2.48,2.64,3.29,2555,1,7
"633",5313401736,2.6,2.51,3.29,2556,1,7
"634",5313407948,1.94,2.11,2.64,2555,1,6
"635",5313407948,2.22,2.13,2.64,2555,2,6
"636",5313407948,1.94,2.11,2.61,2555,1,6
"637",5313407948,2.22,2.13,2.61,2555,2,6
"638",5313401759,2.85,2.44,2.74,2554,1,6
"639",5313401759,2.83,2.64,2.74,2556,1,6
"640",5313401759,2.7,2.61,2.74,2555,1,6
"641",5313401759,2.69,2.51,2.74,2554,2,6
"642",5313401759,2.25,2.59,2.74,2554,3,6
"643",5313401759,2.6,2.61,2.74,2555,2,6
"644",5313405145,2.5,2.66,3.18,2553,3,7
"645",5313405145,2.15,2.5,3.18,2554,1,7
"646",5313405145,2.2,2.42,3.18,2554,2,7
"647",5313405145,2.89,2.68,3.18,2553,2,7
"648",5313405145,2.48,2.48,3.18,2553,1,7
"649",5313405145,1.98,2.38,3.18,2555,1,7
"650",5313405145,2.42,2.36,3.18,2556,1,7
"651",5313405145,1.83,2.3,3.18,2555,2,7
"652",5313405145,1.5,2.48,3.18,2554,3,7
"653",5313401772,2,2.38,2.98,2554,1,6
"654",5313401772,1,2.45,2.98,2556,3,6
"655",5313401772,2.25,2.39,2.98,2554,2,6
"656",5313401772,2.7,2.6,2.98,2553,2,6
"657",5313401772,2.5,2.5,2.98,2553,1,6
"658",5313401772,1.5,2.41,2.98,2554,3,6
"659",5313401772,2.59,2.4,2.98,2555,2,6
"660",5313401772,1.8,2.46,2.98,2556,2,6
"661",5313401772,2.64,2.48,2.98,2556,1,6
"662",5313401772,1.88,2.35,2.98,2555,1,6
"663",5313401793,3.05,3.12,3.61,2554,2,8
"664",5313401793,3.03,3.09,3.61,2553,2,8
"665",5313401793,2.74,2.98,3.61,2554,1,8
"666",5313401793,3.16,3.16,3.61,2553,1,8
"667",5313401793,3.4,3.15,3.61,2555,2,8
"668",5313401793,3.24,3.1,3.61,2555,1,8
"669",5313401793,3.35,3.18,3.61,2556,1,8
"670",5313401793,2,3.07,3.61,2554,3,8
"671",5313401817,2.92,2.92,3.18,2553,1,7
"672",5313401817,2.55,2.84,3.18,2554,2,7
"673",5313401817,2.66,2.95,3.18,2554,1,7
"674",5313401817,3.28,3.1,3.18,2553,2,7
"675",5313401817,3.19,2.87,3.18,2555,2,7
"676",5313401817,3.3,2.96,3.18,2556,2,7
"677",5313401817,3.29,2.92,3.18,2556,1,7
"678",5313401817,2.68,2.81,3.18,2555,1,7
"679",5313401839,3.5,2.64,2.89,2554,3,6
"680",5313401839,2.37,2.57,2.89,2554,2,6
"681",5313401839,2.75,2.66,2.89,2554,1,6
"682",5313401839,2.68,2.62,2.89,2553,2,6
"683",5313401839,2.14,2.14,2.89,2553,1,6
"684",5313401839,2.6,2.68,2.89,2555,2,6
"685",5313401839,1.75,2.66,2.89,2556,2,6
"686",5313401839,2.83,2.7,2.89,2556,1,6
"687",5313401839,2.9,2.7,2.89,2555,1,6
"688",5313405191,1.93,2.18,3.34,2554,2,7
"689",5313405191,1.87,2.27,3.34,2554,1,7
"690",5313405191,2.23,2.23,3.34,2553,1,7
"691",5313405191,2.34,2.47,3.34,2553,2,7
"692",5313405191,2.05,2.13,3.34,2555,2,7
"693",5313405191,1.92,2.09,3.34,2555,1,7
"694",5313405191,1.85,2.15,3.34,2556,1,7
"695",5313405191,1,2.14,3.34,2554,3,7
"696",5313401867,1.98,1.98,3.3,2553,1,7
"697",5313401867,2.67,2.69,3.3,2554,2,7
"698",5313401867,2.72,2.7,3.3,2554,1,7
"699",5313401867,2.95,2.69,3.3,2553,2,7
"700",5313401867,2.5,2.62,3.3,2555,1,7
"701",5313401867,2.98,2.73,3.3,2556,1,7
"702",5313401867,3,2.69,3.3,2555,2,7
"703",5313401867,2.25,2.66,3.3,2554,3,7
"704",5313401882,2.17,2.45,2.72,2554,2,6
"705",5313401882,2.36,2.54,2.72,2554,1,6
"706",5313401882,2.38,2.63,2.72,2553,2,6
"707",5313401882,2.91,2.47,2.72,2556,1,6
"708",5313401882,1.75,2.3,2.72,2555,1,6
"709",5313401882,2.45,2.38,2.72,2555,2,6
"710",5313401882,1.38,2.38,2.72,2556,2,6
"711",5313401882,2.9,2.9,2.72,2553,1,6
"712",5313408071,1.1,1.1,3.39,2553,1,7
"713",5313408071,1.11,1.4,3.39,2553,2,7
"714",5313401889,1.93,2.06,3.51,2555,2,8
"715",5313401889,2,2.17,3.51,2556,3,8
"716",5313401889,3,2.2,3.51,2554,3,8
"717",5313401889,1.42,2.08,3.51,2555,1,8
"718",5313401889,1.8,2.11,3.51,2556,1,8
"719",5313401889,1.65,2.13,3.51,2556,2,8
"720",5313401889,1.45,2.28,3.51,2554,1,8
"721",5313401889,2.92,2.92,3.51,2553,1,8
"722",5313401889,2.5,2.71,3.51,2553,2,8
"723",5313401889,1.73,2.13,3.51,2554,2,8
"724",5313401909,3.13,2.99,2.52,2556,1,6
"725",5313401909,2.83,2.96,2.52,2554,2,6
"726",5313401909,3.07,3.07,2.52,2553,1,6
"727",5313401909,2.85,2.97,2.52,2555,2,6
"728",5313401909,3.15,3,2.52,2555,1,6
"729",5313401909,3.05,3,2.52,2554,1,6
"730",5313401909,2.9,2.98,2.52,2553,2,6
"731",5313405214,2.09,2.09,3.44,2555,2,7
"732",5313405214,1.11,2.01,3.44,2555,1,7
"733",5313405214,1.37,2.13,3.44,2556,2,7
"734",5313405214,1,2.12,3.44,2555,3,7
"735",5313405214,2.15,2.27,3.44,2556,1,7
"736",5313405214,1.94,2.05,3.44,2553,2,7
"737",5313405214,1.81,1.81,3.44,2553,1,7
"738",5313405214,1.86,1.98,3.44,2554,1,7
"739",5313405214,1.75,2,3.44,2554,3,7
"740",5313405214,1.48,1.92,3.44,2554,2,7
"741",5313401950,3.23,3.3,3.74,2553,2,8
"742",5313401950,3.91,3.61,3.74,2555,1,8
"743",5313401950,3.37,3.37,3.74,2553,1,8
"744",5313401950,3.69,3.43,3.74,2554,1,8
"745",5313401950,3.79,3.52,3.74,2554,2,8
"746",5313401950,3.74,3.68,3.74,2556,2,8
"747",5313401950,3.82,3.65,3.74,2555,2,8
"748",5313401950,4,3.67,3.74,2556,1,8
"749",5313401961,2.24,2.24,3.26,2553,1,7
"750",5313401961,2.5,2.38,3.26,2553,2,7
"751",5313401961,2.15,2.34,3.26,2555,2,7
"752",5313401961,2.23,2.38,3.26,2555,1,7
"753",5313401961,4,2.34,3.26,2554,3,7
"754",5313401961,2.3,2.33,3.26,2556,1,7
"755",5313401961,2.88,2.38,3.26,2556,2,7
"756",5313401961,2.35,2.37,3.26,2554,1,7
"757",5313401961,1.83,2.2,3.26,2554,2,7
"758",5313401964,2,2.67,3.11,2553,3,7
"759",5313401964,1.56,2.32,3.11,2554,1,7
"760",5313401964,2.28,2.31,3.11,2554,2,7
"761",5313401964,3.38,2.55,3.11,2556,2,7
"762",5313401964,2.77,2.72,3.11,2553,2,7
"763",5313401964,2,2.3,3.11,2554,3,7
"764",5313401964,2.67,2.67,3.11,2553,1,7
"765",5313401964,2.68,2.44,3.11,2555,1,7
"766",5313401964,2.39,2.48,3.11,2556,1,7
"767",5313401964,2.72,2.49,3.11,2555,2,7
"768",5313401979,2.24,2.58,3.09,2554,2,7
"769",5313401979,2.61,2.58,3.09,2555,1,7
"770",5313401979,2.64,2.64,3.09,2553,1,7
"771",5313401979,1.75,2.45,3.09,2555,2,7
"772",5313401979,2.7,2.7,3.09,2554,1,7
"773",5313401979,2.15,2.44,3.09,2556,1,7
"774",5313401979,2.77,2.7,3.09,2553,2,7
"775",5313401986,3.16,3.16,2.6,2553,1,6
"776",5313401986,3,3.08,2.6,2553,2,6
"777",5313401986,2.93,3.02,2.6,2554,1,6
"778",5313401986,3.07,2.74,2.6,2556,1,6
"779",5313401986,2.65,2.69,2.6,2555,2,6
"780",5313401986,2.06,2.7,2.6,2555,1,6
"781",5313401986,2.65,2.92,2.6,2554,2,6
"782",5313405259,3.29,3.29,3.7,2553,1,8
"783",5313405259,3.12,3.27,3.7,2554,1,8
"784",5313405259,3.43,3.36,3.7,2553,2,8
"785",5313405259,3.36,3.3,3.7,2554,2,8
"786",5313405259,3.64,3.37,3.7,2555,1,8
"787",5313405259,3.29,3.36,3.7,2555,2,8
"788",5313405259,4,3.4,3.7,2556,1,8
"789",5313402024,2.64,2.66,3.33,2553,2,7
"790",5313402024,1.55,2.26,3.33,2554,2,7
"791",5313402024,1.93,2.4,3.33,2554,1,7
"792",5313402024,1.75,2.23,3.33,2554,3,7
"793",5313402024,2.67,2.67,3.33,2553,1,7
"794",5313402024,2.55,2.41,3.33,2556,1,7
"795",5313402024,2.45,2.27,3.33,2555,1,7
"796",5313402024,2.17,2.33,3.33,2555,2,7
"797",5313402060,3.5,3.5,3.97,2553,1,8
"798",5313402060,3.46,3.53,3.97,2555,1,8
"799",5313402060,3.55,3.53,3.97,2555,2,8
"800",5313402060,3.93,3.59,3.97,2556,1,8
"801",5313402060,3.63,3.57,3.97,2553,2,8
"802",5313402060,3.5,3.55,3.97,2554,1,8
"803",5313402060,3.55,3.55,3.97,2554,2,8
"804",5313402105,2,2.47,3.4,2553,3,7
"805",5313402105,1.07,2.06,3.4,2554,1,7
"806",5313402105,0.13,1.62,3.4,2554,2,7
"807",5313402105,2.81,2.81,3.4,2553,1,7
"808",5313402105,2.24,2.55,3.4,2553,2,7
"809",5313402094,2.23,2.81,3.06,2555,1,7
"810",5313402094,3.08,2.86,3.06,2555,2,7
"811",5313402094,2.74,2.84,3.06,2556,1,7
"812",5313402094,2,2.97,3.06,2554,3,7
"813",5313402094,2.59,2.9,3.06,2554,2,7
"814",5313402094,2.93,2.99,3.06,2554,1,7
"815",5313402094,2.86,3.02,3.06,2553,2,7
"816",5313402094,3.2,3.2,3.06,2553,1,7
"817",5313408296,2.08,1.91,3.61,2553,2,8
"818",5313408296,0.5,1.6,3.61,2554,2,8
"819",5313408296,1.67,1.67,3.61,2553,1,8
"820",5313408296,0,1.91,3.61,2553,3,8
"821",5313408296,1.9,1.91,3.61,2554,1,8
"822",5313410748,1.57,1.95,2.22,2553,2,5
"823",5313410748,3.29,2.6,2.22,2556,1,5
"824",5313410748,3.36,2.45,2.22,2555,2,5
"825",5313410748,1.94,1.94,2.22,2553,1,5
"826",5313410748,2.46,2.22,2.22,2555,1,5
"827",5313410748,2.48,2.03,2.22,2554,2,5
"828",5313410748,1.5,1.79,2.22,2554,1,5
"829",5313402123,2.85,2.9,3.62,2553,2,8
"830",5313402123,1.92,2.53,3.62,2554,2,8
"831",5313402123,2.36,2.71,3.62,2554,1,8
"832",5313402123,2.95,2.95,3.62,2553,1,8
"833",5313402123,1.62,2.33,3.62,2555,1,8
"834",5313402123,2.77,2.4,3.62,2555,2,8
"835",5313402123,2.41,2.41,3.62,2556,1,8
"836",5313402123,2.75,2.43,3.62,2556,2,8
"837",5313402140,0.79,0.79,2.87,2553,1,6
"838",5313402140,1.4,1.05,2.87,2553,2,6
"839",5313402150,1.84,2.27,2.62,2555,1,6
"840",5313402150,3,2.2,2.62,2554,3,6
"841",5313402150,2.39,2.17,2.62,2554,2,6
"842",5313402150,1.6,2.14,2.62,2555,2,6
"843",5313402150,1.84,2.11,2.62,2554,1,6
"844",5313402150,2.37,2.23,2.62,2556,1,6
"845",5313402150,2.22,2.23,2.62,2556,2,6
"846",5313405343,2.89,3.06,3.62,2553,2,8
"847",5313405343,2.58,2.83,3.62,2554,2,8
"848",5313405343,2.71,2.93,3.62,2554,1,8
"849",5313405343,3.23,3.23,3.62,2553,1,8
"850",5313405343,3.62,3,3.62,2555,1,8
"851",5313405343,2.86,2.98,3.62,2555,2,8
"852",5313405343,4,3.05,3.62,2556,1,8
"853",5313402179,2.73,2.22,3.05,2554,2,7
"854",5313402179,1.75,1.83,3.05,2553,3,7
"855",5313402179,2.07,2.11,3.05,2554,1,7
"856",5313402179,2.1,1.84,3.05,2553,2,7
"857",5313402179,1.5,1.5,3.05,2553,1,7
"858",5313402179,1.88,2.28,3.05,2556,2,7
"859",5313402179,1.93,2.29,3.05,2555,1,7
"860",5313402179,2.79,2.32,3.05,2556,1,7
"861",5313402179,1.88,2.22,3.05,2555,2,7
"862",5313402179,4,2.29,3.05,2554,3,7
"863",5313402186,2.78,3.08,3.23,2554,1,7
"864",5313402186,2.6,2.96,3.23,2554,2,7
"865",5313402186,3.33,3.25,3.23,2553,2,7
"866",5313402186,3.16,3.16,3.23,2553,1,7
"867",5313402186,2.68,2.91,3.23,2555,2,7
"868",5313402186,2.93,2.95,3.23,2555,1,7
"869",5313402186,3.33,2.97,3.23,2556,1,7
"870",5313405382,1.6,1.6,3.41,2553,1,7
"871",5313405382,0,1.6,3.41,2553,2,7
"872",5313402195,3.25,3.16,3.47,2554,2,7
"873",5313402195,3.25,3.16,3.47,2555,1,7
"874",5313402195,2.5,3.14,3.47,2554,3,7
"875",5313402195,3.69,3.26,3.47,2555,2,7
"876",5313402195,3.5,3.1,3.47,2553,3,7
"877",5313402195,2.81,2.81,3.47,2553,1,7
"878",5313402195,3.24,3.04,3.47,2553,2,7
"879",5313402195,3.22,3.14,3.47,2554,1,7
"880",5313402219,2.6,2.6,3.39,2553,1,7
"881",5313402219,2.47,2.53,3.39,2553,2,7
"882",5313402224,2.75,2.8,3.05,2553,2,7
"883",5313402224,2.67,2.88,3.05,2554,2,7
"884",5313402224,3.22,2.95,3.05,2554,1,7
"885",5313402224,2.85,2.85,3.05,2553,1,7
"886",5313402224,3.46,3.01,3.05,2556,1,7
"887",5313402224,2.98,2.91,3.05,2555,1,7
"888",5313402224,3.05,2.93,3.05,2555,2,7
"889",5313402254,2.95,2.95,3.67,2553,1,8
"890",5313402254,3.22,3,3.67,2554,1,8
"891",5313402254,2.79,2.87,3.67,2553,2,8
"892",5313402254,3.06,2.9,3.67,2556,1,8
"893",5313402254,3,3,3.67,2554,2,8
"894",5313402254,2.69,2.87,3.67,2555,2,8
"895",5313402254,2.64,2.92,3.67,2555,1,8
"896",5313402298,2.37,2.37,3.47,2553,1,7
"897",5313402298,1.73,2.23,3.47,2554,1,7
"898",5313402298,1.64,2.09,3.47,2554,2,7
"899",5313402298,2.62,2.5,3.47,2553,2,7
"900",5313402298,2.25,2.46,3.47,2556,1,7
"901",5313402298,2.85,2.42,3.47,2555,1,7
"902",5313402298,4,2.22,3.47,2554,3,7
"903",5313402298,2.48,2.43,3.47,2555,2,7
"904",5313408527,0.62,1.18,3.24,2554,2,7
"905",5313408527,0.45,1.19,3.24,2554,1,7
"906",5313408527,1.72,1.52,3.24,2553,2,7
"907",5313408527,1.27,1.27,3.24,2553,1,7
"908",5313408527,2,1.26,3.24,2554,3,7
"909",5313402309,2,2,3.54,2553,1,8
"910",5313402309,0.97,1.52,3.54,2553,2,8
"911",5313408547,0.75,0.87,2.94,2554,2,6
"912",5313408547,0,0,2.94,2553,1,6
"913",5313408547,0.67,0.28,2.94,2553,2,6
"914",5313408547,1,0.68,2.94,2554,1,6
"915",5313402334,1.3,2.04,3.19,2555,2,7
"916",5313402334,0,2.05,3.19,2556,3,7
"917",5313402334,1.94,2.09,3.19,2556,2,7
"918",5313402334,1.26,1.97,3.19,2556,1,7
"919",5313402334,2.34,2.35,3.19,2553,2,7
"920",5313402334,2.37,2.37,3.19,2553,1,7
"921",5313402334,1.41,2,3.19,2554,1,7
"922",5313402334,1.82,2.03,3.19,2555,1,7
"923",5313402334,1.56,1.9,3.19,2554,2,7
"924",5313402334,2.5,2.02,3.19,2554,3,7
"925",5313402348,2.9,2.45,3.08,2556,2,7
"926",5313402348,1.95,2.11,3.08,2553,2,7
"927",5313402348,2.27,2.27,3.08,2553,1,7
"928",5313402348,2.33,2.34,3.08,2556,1,7
"929",5313402348,1.85,2.03,3.08,2554,1,7
"930",5313402348,2.8,2.25,3.08,2554,2,7
"931",5313402348,2.14,2.23,3.08,2555,1,7
"932",5313402348,1.94,2.28,3.08,2555,2,7
"933",5313402377,2.14,2.47,3.63,2554,1,8
"934",5313402377,2.03,2.36,3.63,2554,2,8
"935",5313402377,2.72,2.66,3.63,2553,2,8
"936",5313402377,2.35,2.5,3.63,2555,1,8
"937",5313402377,2.59,2.59,3.63,2553,1,8
"938",5313402377,3.1,2.6,3.63,2556,1,8
"939",5313402377,2.34,2.53,3.63,2555,2,8
"940",5313402377,3.67,2.49,3.63,2554,3,8
"941",5313402404,1.5,1.93,2.89,2554,2,6
"942",5313402404,2,1.97,2.89,2555,3,6
"943",5313402404,2,2.02,2.89,2554,3,6
"944",5313402404,1.4,2.02,2.89,2555,1,6
"945",5313402404,1.43,1.97,2.89,2555,2,6
"946",5313402404,2.08,1.98,2.89,2556,1,6
"947",5313402404,1.68,2,2.89,2556,2,6
"948",5313402404,0.97,1.95,2.89,2557,1,6
"949",5313402404,2.3,2.11,2.89,2557,2,6
"950",5313402404,1.57,1.98,2.89,2554,1,6
"951",5313402404,2.19,2.19,2.89,2553,1,6
"952",5313402404,2.18,2.19,2.89,2553,2,6
"953",5313402439,1.23,1.74,2.71,2554,2,6
"954",5313402439,2.17,2.17,2.71,2553,1,6
"955",5313402439,0.88,1.73,2.71,2555,2,6
"956",5313402439,0.65,1.69,2.71,2555,1,6
"957",5313402439,2,1.84,2.71,2554,3,6
"958",5313402439,1,1.86,2.71,2554,1,6
"959",5313402439,2.23,2.2,2.71,2553,2,6
"960",5313410759,0.78,0.78,2.14,2553,1,5
"961",5313410759,0,1.39,2.14,2553,3,5
"962",5313410759,1.74,1.39,2.14,2553,2,5
"963",5313402474,2.48,2.35,3.41,2555,1,7
"964",5313402474,1.68,2.26,3.41,2554,2,7
"965",5313402474,2.9,2.39,3.41,2556,1,7
"966",5313402474,2.82,2.82,3.41,2553,1,7
"967",5313402474,2.53,2.67,3.41,2553,2,7
"968",5313402474,2.09,2.5,3.41,2554,1,7
"969",5313402474,2.1,2.31,3.41,2555,2,7
"970",5313402491,2.81,2.84,2.69,2553,2,6
"971",5313402491,3,2.98,2.69,2554,2,6
"972",5313402491,3.08,2.98,2.69,2554,1,6
"973",5313402491,3.93,3.25,2.69,2556,1,6
"974",5313402491,4,2.93,2.69,2553,3,6
"975",5313402491,2.87,2.87,2.69,2553,1,6
"976",5313402491,3.5,3,2.69,2554,3,6
"977",5313402491,3.19,3.04,2.69,2555,1,6
"978",5313402491,3.67,3.15,2.69,2555,2,6
"979",5313402536,2.75,2.91,3.88,2554,2,8
"980",5313402536,2.75,2.97,3.88,2554,1,8
"981",5313402536,3.06,3.1,3.88,2553,2,8
"982",5313402536,3.14,3.14,3.88,2553,1,8
"983",5313402536,3.18,2.97,3.88,2555,1,8
"984",5313402536,2.72,2.93,3.88,2555,2,8
"985",5313402536,3.05,2.95,3.88,2556,1,8
"986",5313402571,2,2.14,2.86,2554,3,6
"987",5313402571,2.05,2.28,2.86,2554,1,6
"988",5313402571,1.79,2.15,2.86,2554,2,6
"989",5313402571,2.37,2.18,2.86,2555,1,6
"990",5313402571,2,2.42,2.86,2553,3,6
"991",5313402571,2.2,2.25,2.86,2553,2,6
"992",5313402571,2.32,2.32,2.86,2553,1,6
"993",5313402571,2.19,2.18,2.86,2555,2,6
"994",5313402571,4,2.31,2.86,2556,1,6
"995",5313402571,2.4,2.31,2.86,2556,2,6
"996",5313408751,0,0.55,2.33,2553,2,5
"997",5313408751,1.3,1.3,2.33,2553,1,5
"998",5313402638,1.71,2.04,3.14,2554,1,7
"999",5313402638,1.93,2.01,3.14,2554,2,7
"1000",5313402638,2.33,2.17,3.14,2553,2,7
"1001",5313402638,2.25,2.18,3.14,2553,3,7
"1002",5313402638,2.31,2.22,3.14,2555,2,7
"1003",5313402638,1.97,1.97,3.14,2553,1,7
"1004",5313402638,2.59,2.17,3.14,2555,1,7
"1005",5313402638,1.85,2.17,3.14,2556,1,7
"1006",5313402638,2.84,2.09,3.14,2554,3,7
"1007",5313402648,2.03,1.99,2.52,2555,2,6
"1008",5313402648,1.93,1.98,2.52,2555,1,6
"1009",5313402648,2.5,1.91,2.52,2554,3,6
"1010",5313402648,1.88,2.02,2.52,2556,1,6
"1011",5313402648,2.13,2.06,2.52,2556,2,6
"1012",5313402648,2.33,2.18,2.52,2553,2,6
"1013",5313402648,2,2,2.52,2553,1,6
"1014",5313402648,0.79,1.75,2.52,2554,1,6
"1015",5313402648,2.27,1.86,2.52,2554,2,6
"1016",5313402704,1.85,1.85,2.61,2553,1,6
"1017",5313402704,0.18,1.06,2.61,2553,2,6
"1018",5313402739,2,2.26,3.23,2554,2,7
"1019",5313402739,1.89,2.3,3.23,2555,1,7
"1020",5313402739,2.84,2.42,3.23,2554,3,7
"1021",5313402739,2.25,2.4,3.23,2556,2,7
"1022",5313402739,1.6,2.35,3.23,2554,1,7
"1023",5313402739,2.46,2.33,3.23,2555,2,7
"1024",5313402739,2.55,2.41,3.23,2556,1,7
"1025",5313402751,3.5,2.1,2.97,2554,3,6
"1026",5313402751,2.23,2.22,2.97,2556,1,6
"1027",5313402751,2.24,2.05,2.97,2555,2,6
"1028",5313402751,1.46,2,2.97,2555,1,6
"1029",5313402751,2.18,2.21,2.97,2556,2,6
"1030",5313402751,1.75,1.81,2.97,2553,2,6
"1031",5313402751,1.88,1.88,2.97,2553,1,6
"1032",5313402751,1.69,1.77,2.97,2554,1,6
"1033",5313402751,2.72,2.05,2.97,2554,2,6
"1034",5313405617,1.5,1.59,2.35,2553,3,5
"1035",5313405617,1.44,1.44,2.35,2553,1,5
"1036",5313405617,1.48,1.6,2.35,2553,2,5
"1037",5313405632,1.31,1.31,2.77,2553,1,6
"1038",5313402787,1.74,2.04,3.2,2554,1,7
"1039",5313402787,1.75,2.03,3.2,2553,3,7
"1040",5313402787,1.9,2.08,3.2,2553,2,7
"1041",5313402787,2.23,2.23,3.2,2553,1,7
"1042",5313402787,2.29,2.11,3.2,2554,2,7
"1043",5313402787,1.64,2.09,3.2,2555,1,7
"1044",5313402787,3.14,2.25,3.2,2556,1,7
"1045",5313402787,2.23,2.11,3.2,2555,2,7
"1046",5313402787,2.95,2.33,3.2,2556,2,7
"1047",5313402787,2.32,2.21,3.2,2554,3,7
"1048",5313402796,1.42,2.03,2.84,2554,1,6
"1049",5313402796,2,1.94,2.84,2554,3,6
"1050",5313402796,1.69,1.93,2.84,2554,2,6
"1051",5313402796,2,2.3,2.84,2553,3,6
"1052",5313402796,1.98,2.16,2.84,2553,2,6
"1053",5313402796,2.34,2.34,2.84,2553,1,6
"1054",5313402796,2.06,2.14,2.84,2557,2,6
"1055",5313402796,1.19,1.91,2.84,2555,2,6
"1056",5313402796,1.1,2.03,2.84,2557,1,6
"1057",5313402796,2.19,2.05,2.84,2556,1,6
"1058",5313402796,1.44,2,2.84,2555,1,6
"1059",5313402796,0,2.05,2.84,2556,2,6
"1060",5313405660,0.27,0.27,2.26,2553,1,5
"1061",5313405660,0,0.14,2.26,2553,2,5
"1062",5313405663,1.87,2.25,2.8,2555,1,6
"1063",5313405663,3.03,2.39,2.8,2555,2,6
"1064",5313405663,2.84,2.46,2.8,2556,1,6
"1065",5313405678,2.21,2.21,3.44,2553,1,7
"1066",5313405678,2.27,2.14,3.44,2554,1,7
"1067",5313405678,1.25,2.23,3.44,2554,3,7
"1068",5313405678,2.5,2.22,3.44,2554,2,7
"1069",5313405678,1.95,2.08,3.44,2553,2,7
"1070",5313405678,2.42,2.28,3.44,2555,1,7
"1071",5313405678,2.43,2.36,3.44,2555,2,7
"1072",5313405678,3.25,2.52,3.44,2556,2,7
"1073",5313405678,3.18,2.49,3.44,2556,1,7
"1074",5313402842,3,2.49,3.36,2553,3,7
"1075",5313402842,1.03,2.01,3.36,2554,1,7
"1076",5313402842,1.79,2.13,3.36,2554,2,7
"1077",5313402842,2.38,2.45,3.36,2553,2,7
"1078",5313402842,2.53,2.53,3.36,2553,1,7
"1079",5313402842,1.95,2.24,3.36,2555,2,7
"1080",5313402842,0,2.24,3.36,2556,3,7
"1081",5313402842,2.38,2.23,3.36,2555,1,7
"1082",5313402842,1.87,2.24,3.36,2556,2,7
"1083",5313402842,1.97,2.26,3.36,2556,1,7
"1084",5313402842,3.5,2.19,3.36,2554,3,7
"1085",5313402846,3,2.99,3.25,2554,1,7
"1086",5313402846,2.86,2.95,3.25,2554,2,7
"1087",5313402846,3.2,2.98,3.25,2553,2,7
"1088",5313402846,2.75,2.75,3.25,2553,1,7
"1089",5313402846,1.87,2.74,3.25,2555,1,7
"1090",5313402846,3,2.79,3.25,2555,2,7
"1091",5313402846,3.32,2.91,3.25,2556,1,7
"1092",5313405685,2.5,2.55,2.75,2553,2,6
"1093",5313405685,1.93,2.23,2.75,2554,2,6
"1094",5313405685,1.95,2.34,2.75,2554,1,6
"1095",5313405685,3,2.4,2.75,2554,3,6
"1096",5313405685,2.75,2.47,2.75,2555,1,6
"1097",5313405685,2.59,2.59,2.75,2553,1,6
"1098",5313405685,2.34,2.45,2.75,2555,2,6
"1099",5313405685,2.18,2.41,2.75,2556,1,6
"1100",5313402875,3.22,3.22,3.82,2553,1,8
"1101",5313402875,3.15,3.16,3.82,2554,2,8
"1102",5313402875,3.39,3.17,3.82,2554,1,8
"1103",5313402875,2.88,3.03,3.82,2553,2,8
"1104",5313402875,3.78,3.3,3.82,2555,1,8
"1105",5313402875,3.5,3.33,3.82,2555,2,8
"1106",5313402875,3.31,3.33,3.82,2556,1,8
"1107",5313402892,3.33,2.97,2.88,2555,2,6
"1108",5313402892,3.5,2.87,2.88,2554,3,6
"1109",5313402892,2.98,2.9,2.88,2555,1,6
"1110",5313402892,3.18,2.85,2.88,2554,2,6
"1111",5313402892,3.08,2.74,2.88,2554,1,6
"1112",5313402892,2.96,2.56,2.88,2553,2,6
"1113",5313402892,2.09,2.09,2.88,2553,1,6
"1114",5313402915,4,4,3.86,2553,1,8
"1115",5313402915,3.86,3.93,3.86,2553,2,8
"1116",5313402915,4,3.95,3.86,2554,1,8
"1117",5313402915,3.85,3.93,3.86,2554,2,8
"1118",5313402915,3.93,3.93,3.86,2556,1,8
"1119",5313402915,4,3.94,3.86,2555,1,8
"1120",5313402915,3.84,3.93,3.86,2555,2,8
"1121",5313409066,0.92,1.4,2.65,2553,2,6
"1122",5313409066,1.64,1.64,2.65,2553,1,6
"1123",5313405752,1,1.85,2.89,2554,3,6
"1124",5313405752,2.24,2.24,2.89,2553,1,6
"1125",5313405752,1.44,1.78,2.89,2554,1,6
"1126",5313405752,1.7,1.94,2.89,2553,2,6
"1127",5313405752,1.74,1.77,2.89,2554,2,6
"1128",5313405788,1.64,1.64,2.76,2553,1,6
"1129",5313402982,2.3,2.2,2.83,2553,2,6
"1130",5313402982,2.5,2.34,2.83,2554,2,6
"1131",5313402982,2.08,2.15,2.83,2554,1,6
"1132",5313402982,2.93,2.39,2.83,2555,2,6
"1133",5313402982,2.16,2.27,2.83,2555,1,6
"1134",5313402982,1.5,2.31,2.83,2554,3,6
"1135",5313402982,3.11,2.49,2.83,2556,1,6
"1136",5313402982,2.07,2.07,2.83,2553,1,6
"1137",5313402989,0.82,1.44,2.8,2553,2,6
"1138",5313402989,1.59,1.59,2.8,2553,1,6
"1139",5313403009,3.28,3.06,3.51,2553,2,8
"1140",5313403009,2.84,2.84,3.51,2553,1,8
"1141",5313403009,3.34,3.36,3.51,2555,2,8
"1142",5313403009,3.78,3.42,3.51,2556,1,8
"1143",5313403009,3.61,3.25,3.51,2554,1,8
"1144",5313403009,3.18,3.23,3.51,2554,2,8
"1145",5313403009,3.79,3.36,3.51,2555,1,8
"1146",5313403034,2.11,2.24,3.31,2555,2,7
"1147",5313403034,2.72,2.36,3.31,2556,2,7
"1148",5313403034,2.29,2.27,3.31,2555,1,7
"1149",5313403034,2.67,2.26,3.31,2554,3,7
"1150",5313403034,2.4,2.21,3.31,2554,2,7
"1151",5313403034,2.44,2.32,3.31,2556,1,7
"1152",5313403034,1.53,2.02,3.31,2554,1,7
"1153",5313403034,2.06,2.06,3.31,2553,1,7
"1154",5313403034,2.16,2.12,3.31,2553,2,7
"1155",5313403053,3.55,3.35,3.3,2555,2,7
"1156",5313403053,2.25,2.91,3.3,2553,3,7
"1157",5313403053,3.82,3.32,3.3,2555,1,7
"1158",5313403053,3.68,3.19,3.3,2554,2,7
"1159",5313403053,3,3.18,3.3,2554,3,7
"1160",5313403053,3.22,3.01,3.3,2554,1,7
"1161",5313403053,3.18,3.02,3.3,2553,2,7
"1162",5313403053,2.82,2.82,3.3,2553,1,7
"1163",5313403066,1.57,2.04,2.93,2557,2,6
"1164",5313403066,0,2.09,2.93,2557,1,6
"1165",5313403066,1.5,2.09,2.93,2556,3,6
"1166",5313403066,1.37,2,2.93,2555,2,6
"1167",5313403066,0.93,2.08,2.93,2555,1,6
"1168",5313403066,2.58,2.31,2.93,2554,2,6
"1169",5313403066,0.97,1.97,2.93,2556,1,6
"1170",5313403066,1.63,2.05,2.93,2556,2,6
"1171",5313403066,2.4,2.24,2.93,2554,1,6
"1172",5313403066,2.23,2.23,2.93,2553,1,6
"1173",5313403066,2.12,2.17,2.93,2553,2,6
"1174",5313403081,1.46,1.98,2.93,2555,1,6
"1175",5313403081,2.16,2.16,2.93,2556,1,6
"1176",5313403081,2.25,2.11,2.93,2554,3,6
"1177",5313403081,2.59,2.1,2.93,2554,2,6
"1178",5313403081,2.28,2.02,2.93,2555,2,6
"1179",5313403081,2.34,2.13,2.93,2553,2,6
"1180",5313403081,1.92,1.92,2.93,2553,1,6
"1181",5313403081,1.66,1.95,2.93,2554,1,6
"1182",5313409246,3.64,3.64,3.57,2553,1,8
"1183",5313409246,3.35,3.49,3.57,2554,1,8
"1184",5313409246,3.48,3.56,3.57,2553,2,8
"1185",5313409246,2.91,3.33,3.57,2554,2,8
"1186",5313409246,3,3.26,3.57,2555,1,8
"1187",5313409246,2.95,3.09,3.57,2556,1,8
"1188",5313409246,2.43,3.12,3.57,2555,2,8
"1189",5313403108,2.75,2.63,3.02,2553,2,7
"1190",5313403108,3.25,2.14,3.02,2554,3,7
"1191",5313403108,1.25,2.05,3.02,2554,2,7
"1192",5313403108,1.45,2.22,3.02,2554,1,7
"1193",5313403108,2.47,2.47,3.02,2553,1,7
"1194",5313403108,1.58,2.08,3.02,2555,2,7
"1195",5313403108,1.75,2.11,3.02,2556,3,7
"1196",5313403108,0.79,2.08,3.02,2556,2,7
"1197",5313403108,1.69,2.12,3.02,2556,1,7
"1198",5313403108,1.77,2.07,3.02,2555,1,7
"1199",5313403121,2.81,2.81,3.29,2553,1,7
"1200",5313403121,1.85,2.49,3.29,2554,1,7
"1201",5313403121,1.74,2.29,3.29,2554,2,7
"1202",5313403121,2.35,2.35,3.29,2555,1,7
"1203",5313403121,2.79,2.8,3.29,2553,2,7
"1204",5313403121,2.08,2.36,3.29,2555,2,7
"1205",5313403121,2.14,2.32,3.29,2556,2,7
"1206",5313403121,1.92,2.29,3.29,2556,1,7
"1207",5313403121,1.5,2.35,3.29,2554,3,7
"1208",5313403126,1.3,1.61,2.51,2553,2,6
"1209",5313403126,0,1.98,2.51,2554,3,6
"1210",5313403126,1.97,2.11,2.51,2554,2,6
"1211",5313403126,2.2,1.99,2.51,2554,1,6
"1212",5313403126,1.54,1.54,2.51,2553,1,6
"1213",5313403126,2.09,1.84,2.51,2555,2,6
"1214",5313403126,2.29,2.1,2.51,2556,2,6
"1215",5313403126,1.17,2.08,2.51,2556,3,6
"1216",5313403126,1.69,1.99,2.51,2556,1,6
"1217",5313403126,0.7,1.7,2.51,2555,1,6
"1218",5313403133,0.69,1.83,3.38,2555,1,7
"1219",5313403133,2.64,2.64,3.38,2553,1,7
"1220",5313403133,1.95,2.29,3.38,2553,2,7
"1221",5313403133,1.79,2.11,3.38,2554,1,7
"1222",5313403133,1.75,2.05,3.38,2554,2,7
"1223",5313403133,1.18,1.71,3.38,2555,2,7
"1224",5313403154,2.53,2.53,3.69,2553,1,8
"1225",5313403154,1.84,2.26,3.69,2554,1,8
"1226",5313403154,3.5,2.19,3.69,2554,3,8
"1227",5313403154,1.74,2.14,3.69,2554,2,8
"1228",5313403154,2.54,2.53,3.69,2553,2,8
"1229",5313403154,1.96,2.21,3.69,2555,2,8
"1230",5313403154,1.92,2.3,3.69,2556,2,8
"1231",5313403154,2.57,2.29,3.69,2556,1,8
"1232",5313403154,2.2,2.26,3.69,2555,1,8
"1233",5313403167,3.06,2.92,3.7,2553,2,8
"1234",5313403167,3.22,3.03,3.7,2554,2,8
"1235",5313403167,3,2.95,3.7,2554,1,8
"1236",5313403167,2.77,2.77,3.7,2553,1,8
"1237",5313403167,3.34,3.11,3.7,2555,1,8
"1238",5313403167,3.33,3.14,3.7,2555,2,8
"1239",5313403167,3.17,3.04,3.7,2554,3,8
"1240",5313405902,2.48,2.48,2.49,2553,1,5
"1241",5313405902,2.79,2.43,2.49,2556,1,5
"1242",5313405902,2.65,2.32,2.49,2555,2,5
"1243",5313405902,2.22,2.37,2.49,2554,1,5
"1244",5313405902,2.39,2.43,2.49,2553,2,5
"1245",5313405902,2.15,2.3,2.49,2554,2,5
"1246",5313405902,2,2.25,2.49,2555,1,5
"1247",5313405902,2.5,2.32,2.49,2554,3,5
"1248",5313405916,1.82,2.13,2.56,2556,2,6
"1249",5313405916,2.15,2.11,2.56,2555,1,6
"1250",5313405916,1.69,2.09,2.56,2555,2,6
"1251",5313405916,1.66,2.09,2.56,2556,1,6
"1252",5313405916,1.66,2.34,2.56,2554,1,6
"1253",5313405916,1.35,2.07,2.56,2554,2,6
"1254",5313405916,2.5,2.1,2.56,2554,3,6
"1255",5313403234,1.09,1.64,2.92,2554,1,6
"1256",5313403234,1.5,1.5,2.92,2553,1,6
"1257",5313403234,2,1.78,2.92,2553,2,6
"1258",5313405944,2.53,2.13,2.79,2553,2,6
"1259",5313405944,2.32,2.31,2.79,2554,1,6
"1260",5313405944,1.5,2.1,2.79,2554,2,6
"1261",5313405944,2.25,2.31,2.79,2553,3,6
"1262",5313405944,2.78,2.41,2.79,2555,1,6
"1263",5313405944,1.77,1.77,2.79,2553,1,6
"1264",5313405944,2.15,2.37,2.79,2555,2,6
"1265",5313405944,2.04,2.33,2.79,2556,2,6
"1266",5313405944,2.32,2.37,2.79,2556,1,6
"1267",5313405944,3.75,2.22,2.79,2554,3,6
"1268",5313403246,3.29,3.29,2.93,2553,1,6
"1269",5313403246,3.15,3.27,2.93,2554,1,6
"1270",5313403246,3.58,3.36,2.93,2554,2,6
"1271",5313403246,3.42,3.35,2.93,2553,2,6
"1272",5313403246,3.66,3.43,2.93,2555,1,6
"1273",5313403246,3.73,3.53,2.93,2556,1,6
"1274",5313403246,3.79,3.49,2.93,2555,2,6
"1275",5313403312,2.53,2.29,2.91,2554,2,6
"1276",5313403312,2,2.21,2.91,2554,1,6
"1277",5313403312,2.23,2.34,2.91,2553,2,6
"1278",5313403312,2.47,2.47,2.91,2553,1,6
"1279",5313403312,1.84,2.14,2.91,2557,1,6
"1280",5313403312,1.47,2.14,2.91,2555,2,6
"1281",5313403312,1.8,2.19,2.91,2556,1,6
"1282",5313403312,0,2.13,2.91,2556,3,6
"1283",5313403312,1.79,2.23,2.91,2556,2,6
"1284",5313403312,1.48,2.17,2.91,2555,1,6
"1285",5313405990,2.5,2.51,2.59,2554,1,6
"1286",5313405990,0,2.32,2.59,2553,3,6
"1287",5313405990,2.17,2.17,2.59,2553,1,6
"1288",5313405990,2.87,2.52,2.59,2553,2,6
"1289",5313405990,2.15,2.51,2.59,2554,2,6
"1290",5313405990,3.19,2.6,2.59,2555,2,6
"1291",5313405990,2.25,2.45,2.59,2555,1,6
"1292",5313405990,3.21,2.68,2.59,2556,1,6
"1293",5313403315,2.72,2.64,3.48,2554,2,7
"1294",5313403315,2.65,2.61,3.48,2554,1,7
"1295",5313403315,2.74,2.59,3.48,2553,2,7
"1296",5313403315,3.36,2.86,3.48,2555,2,7
"1297",5313403315,2.45,2.45,3.48,2553,1,7
"1298",5313403315,3.19,2.76,3.48,2555,1,7
"1299",5313403315,3.37,2.93,3.48,2556,1,7
"1300",5313405999,1.21,1.21,3.24,2553,1,7
"1301",5313405999,0,0.64,3.24,2553,2,7
"1302",5313406010,2.2,2.28,3.42,2553,2,7
"1303",5313406010,2.03,2.19,3.42,2554,1,7
"1304",5313406010,1.19,1.92,3.42,2554,2,7
"1305",5313406010,3.34,2.07,3.42,2554,3,7
"1306",5313406010,1.88,2.11,3.42,2555,1,7
"1307",5313406010,2.37,2.37,3.42,2553,1,7
"1308",5313406010,2.1,2.17,3.42,2555,2,7
"1309",5313406010,2.15,2.23,3.42,2557,1,7
"1310",5313406010,1.47,2.14,3.42,2556,2,7
"1311",5313406010,2.22,2.17,3.42,2556,1,7
"1312",5313409484,0,1.09,1.85,2553,3,4
"1313",5313409484,1.19,1.19,1.85,2553,1,4
"1314",5313409484,1,1.18,1.85,2553,2,4
"1315",5313403337,2.98,2.85,3.41,2553,2,7
"1316",5313403337,3.33,2.93,3.41,2554,2,7
"1317",5313403337,2.22,2.62,3.41,2554,1,7
"1318",5313403337,2.69,2.69,3.41,2553,1,7
"1319",5313403337,2.88,2.92,3.41,2555,1,7
"1320",5313403337,3.22,2.98,3.41,2555,2,7
"1321",5313403351,2.7,2.4,2.7,2556,1,6
"1322",5313403351,2.48,2.31,2.7,2555,1,6
"1323",5313403351,2.5,2.35,2.7,2555,2,6
"1324",5313403351,2.35,2.4,2.7,2556,2,6
"1325",5313406043,1.95,1.93,2.99,2554,2,6
"1326",5313406043,2.07,2.07,2.99,2555,1,6
"1327",5313406043,1,1.97,2.99,2554,3,6
"1328",5313406043,0.75,2.06,2.99,2555,2,6
"1329",5313406043,1.43,1.92,2.99,2554,1,6
"1330",5313406043,2.23,2.09,2.99,2556,1,6
"1331",5313406043,0.97,1.99,2.99,2556,2,6
"1332",5313406043,0,1.94,2.99,2556,3,6
"1333",5313403362,2.5,3.05,2.67,2554,2,6
"1334",5313403362,3.03,3.23,2.67,2554,1,6
"1335",5313403362,3.4,3.35,2.67,2553,2,6
"1336",5313403362,3.73,3.26,2.67,2556,2,6
"1337",5313403362,3.36,3.17,2.67,2555,2,6
"1338",5313403362,3.29,3.29,2.67,2553,1,6
"1339",5313403362,3.4,3.13,2.67,2555,1,6
"1340",5313403362,4,3.22,2.67,2556,1,6
"1341",5313403380,3.94,3.88,3.68,2555,2,8
"1342",5313403380,4,3.86,3.68,2554,2,8
"1343",5313403380,3.91,3.87,3.68,2555,1,8
"1344",5313403380,3.8,3.81,3.68,2554,1,8
"1345",5313403380,4,3.89,3.68,2556,1,8
"1346",5313403380,3.7,3.7,3.68,2553,1,8
"1347",5313403380,3.92,3.81,3.68,2553,2,8
"1348",5313403387,2.5,2.67,3.04,2555,1,7
"1349",5313403387,2.42,2.71,3.04,2554,2,7
"1350",5313403387,3.19,2.79,3.04,2556,1,7
"1351",5313403387,3,2.72,3.04,2554,3,7
"1352",5313403387,2.92,2.72,3.04,2555,2,7
"1353",5313403387,2.8,2.8,3.04,2553,2,7
"1354",5313403387,2,2.73,3.04,2553,3,7
"1355",5313403387,2.93,2.81,3.04,2554,1,7
"1356",5313403387,2.8,2.8,3.04,2553,1,7
"1357",5313403396,2.08,2.38,2.98,2554,2,6
"1358",5313403396,3.53,2.73,2.98,2556,1,6
"1359",5313403396,2.44,2.44,2.98,2555,1,6
"1360",5313403396,3.25,2.45,2.98,2554,3,6
"1361",5313403396,3.36,2.6,2.98,2555,2,6
"1362",5313403396,2.25,2.37,2.98,2554,1,6
"1363",5313403396,2.39,2.39,2.98,2553,1,6
"1364",5313403396,4,2.42,2.98,2553,3,6
"1365",5313403396,2.14,2.28,2.98,2553,2,6
"1366",5313403442,1.84,1.84,3.07,2553,1,7
"1367",5313403442,0.46,1.43,3.07,2553,2,7
"1368",5313409610,1.62,1.62,2.48,2553,1,5
"1369",5313409610,1,1.33,2.48,2553,2,5
"1370",5313409610,0,1.33,2.48,2553,3,5
"1371",5313409628,0,0,2.46,2553,2,5
"1372",5313409628,0,0,2.46,2553,1,5
"1373",5313409635,1.56,1.39,1.52,2553,2,4
"1374",5313409635,1.13,1.13,1.52,2553,1,4
"1375",5313409635,0,1.39,1.52,2553,3,4
"1376",5313406054,2.37,2.41,2.74,2553,2,6
"1377",5313406054,2.8,2.6,2.74,2554,2,6
"1378",5313406054,2.74,2.52,2.74,2554,1,6
"1379",5313406054,2.45,2.45,2.74,2553,1,6
"1380",5313406054,2.88,2.66,2.74,2555,1,6
"1381",5313406054,2.79,2.68,2.74,2555,2,6
"1382",5313406054,3.35,2.78,2.74,2556,1,6
"1383",5313403448,2.58,2.63,3.65,2555,2,8
"1384",5313403448,2.92,2.43,3.65,2554,1,8
"1385",5313403448,3.5,2.66,3.65,2554,3,8
"1386",5313403448,3,2.2,3.65,2553,3,8
"1387",5313403448,1.84,1.88,3.65,2553,2,8
"1388",5313403448,1.92,1.92,3.65,2553,1,8
"1389",5313403448,2.57,2.64,3.65,2555,1,8
"1390",5313403448,2.95,2.56,3.65,2554,2,8
"1391",5313409711,0,0.15,2.8,2553,2,6
"1392",5313409711,0.15,0.15,2.8,2553,1,6
"1393",5313403472,2.59,2.06,3.1,2554,2,7
"1394",5313403472,2.05,2.06,3.1,2555,1,7
"1395",5313403472,2.12,1.87,3.1,2554,1,7
"1396",5313403472,1.64,1.78,3.1,2553,2,7
"1397",5313403472,1.22,2.1,3.1,2557,1,7
"1398",5313403472,1.92,1.92,3.1,2553,1,7
"1399",5313403472,1.75,2,3.1,2555,2,7
"1400",5313403472,1.13,2.15,3.1,2557,2,7
"1401",5313403472,0.5,2.08,3.1,2557,3,7
"1402",5313403472,0,2.07,3.1,2556,3,7
"1403",5313403472,1.8,2.07,3.1,2556,2,7
"1404",5313403472,2.03,2.11,3.1,2556,1,7
"1405",5313406109,2.59,2.59,3.44,2553,1,7
"1406",5313406109,2.72,2.61,3.44,2554,1,7
"1407",5313406109,2.5,2.55,3.44,2553,2,7
"1408",5313406109,2.65,2.62,3.44,2554,2,7
"1409",5313406109,3.7,2.87,3.44,2556,1,7
"1410",5313406109,2.89,2.68,3.44,2555,1,7
"1411",5313406109,2.95,2.73,3.44,2555,2,7
"1412",5313403484,3,2.82,2.9,2554,2,6
"1413",5313403484,3.17,3.1,2.9,2553,2,6
"1414",5313403484,2.29,2.76,2.9,2554,1,6
"1415",5313403484,2,3.02,2.9,2553,3,6
"1416",5313403484,3.03,3.03,2.9,2553,1,6
"1417",5313403484,2.91,2.6,2.9,2555,2,6
"1418",5313403484,1.75,2.55,2.9,2555,1,6
"1419",5313403484,3.08,2.65,2.9,2556,1,6
"1420",5313403484,1.75,2.75,2.9,2554,3,6
"1421",5313403504,2.98,3.08,3.49,2553,2,7
"1422",5313403504,3.08,3,3.49,2554,1,7
"1423",5313403504,1.5,2.97,3.49,2553,3,7
"1424",5313403504,3.33,3.13,3.49,2555,2,7
"1425",5313403504,3.2,3.2,3.49,2553,1,7
"1426",5313403504,3.39,3.09,3.49,2554,2,7
"1427",5313403504,3.19,3.09,3.49,2555,1,7
"1428",5313403504,2.75,3.06,3.49,2554,3,7
"1429",5313410656,1.89,1.93,2.72,2553,2,6
"1430",5313410656,1.98,1.98,2.72,2553,1,6
"1431",5313410656,2.1,1.88,2.72,2554,2,6
"1432",5313410656,1.5,1.81,2.72,2554,1,6
"1433",5313410656,1.89,1.93,2.57,2553,2,6
"1434",5313410656,1.98,1.98,2.57,2553,1,6
"1435",5313410656,2.1,1.88,2.57,2554,2,6
"1436",5313410656,1.5,1.81,2.57,2554,1,6
"1437",5313403517,2.63,2.68,3.11,2554,2,7
"1438",5313403517,2.56,2.7,3.11,2554,1,7
"1439",5313403517,3.03,2.78,3.11,2553,2,7
"1440",5313403517,2.47,2.47,3.11,2553,1,7
"1441",5313403517,2.81,2.76,3.11,2555,1,7
"1442",5313403517,3.14,2.82,3.11,2555,2,7
"1443",5313403517,3.5,2.74,3.11,2554,3,7
"1444",5313403517,3.12,2.85,3.11,2556,1,7
"1445",5313403532,3.37,3.48,3.66,2554,1,8
"1446",5313403532,2.9,3.32,3.66,2554,2,8
"1447",5313403532,3.53,3.53,3.66,2553,2,8
"1448",5313403532,3.53,3.53,3.66,2553,1,8
"1449",5313403532,3.38,3.39,3.66,2555,2,8
"1450",5313403532,3.59,3.39,3.66,2555,1,8
"1451",5313403532,3.42,3.36,3.66,2556,2,8
"1452",5313403532,3.18,3.36,3.66,2556,1,8
"1453",5313403539,2.67,2.67,3.7,2553,1,8
"1454",5313403539,2.25,2.61,3.7,2554,1,8
"1455",5313403539,2.89,2.78,3.7,2553,2,8
"1456",5313403539,2.15,2.48,3.7,2554,2,8
"1457",5313403539,2.21,2.44,3.7,2555,1,8
"1458",5313403539,2.75,2.5,3.7,2554,3,8
"1459",5313403539,2.81,2.5,3.7,2555,2,8
"1460",5313403539,3.06,2.57,3.7,2556,1,8
"1461",5313403539,3.25,2.6,3.7,2556,2,8
"1462",5313403553,2.03,1.66,2.97,2553,2,6
"1463",5313403553,1.24,1.24,2.97,2553,1,6
"1464",5313403588,3.5,1.96,3.43,2554,3,7
"1465",5313403588,4,2.36,3.43,2553,3,7
"1466",5313403588,1.63,2.15,3.43,2554,1,7
"1467",5313403588,0.81,1.89,3.43,2554,2,7
"1468",5313403588,0,1.96,3.43,2555,1,7
"1469",5313403588,2.18,2.23,3.43,2553,2,7
"1470",5313403588,2.29,2.29,3.43,2553,1,7
"1471",5313403588,2.47,2.25,3.43,2556,2,7
"1472",5313403588,1.43,2.21,3.43,2557,2,7
"1473",5313403588,1.75,2.24,3.43,2557,1,7
"1474",5313403588,2.3,2.21,3.43,2556,1,7
"1475",5313403588,2.65,2.19,3.43,2555,2,7
"1476",5313406190,2.05,2.2,2.51,2555,2,6
"1477",5313406190,3.5,2.25,2.51,2554,3,6
"1478",5313406190,2.18,2.23,2.51,2555,1,6
"1479",5313406190,1.83,2.2,2.51,2554,2,6
"1480",5313406190,2.25,2.35,2.51,2554,1,6
"1481",5313406190,2.18,2.2,2.51,2556,1,6
"1482",5313406190,1.5,2.19,2.51,2556,2,6
"1483",5313406190,1.73,1.73,2.51,2553,1,6
"1484",5313406190,2.65,2.41,2.51,2553,2,6
"1485",5313403597,3.33,3.35,2.89,2554,2,6
"1486",5313403597,3.29,3.29,2.89,2553,1,6
"1487",5313403597,3.38,3.36,2.89,2554,1,6
"1488",5313403597,3.4,3.35,2.89,2553,2,6
"1489",5313403597,3.24,3.17,2.89,2556,1,6
"1490",5313403597,2.65,3.21,2.89,2555,1,6
"1491",5313403597,2.9,3.16,2.89,2555,2,6
"1492",5313403621,0.89,1.5,2.58,2554,2,6
"1493",5313403621,2.04,2.04,2.58,2553,1,6
"1494",5313403621,1.4,1.68,2.58,2553,2,6
"1495",5313403621,1.66,1.68,2.58,2554,1,6
"1496",5313409832,0,0.3,2.59,2553,2,6
"1497",5313409832,0.5,0.5,2.59,2553,1,6
"1498",5313403626,2.17,2,2.57,2553,2,6
"1499",5313403626,2.25,2.16,2.57,2554,1,6
"1500",5313403626,3.2,2.59,2.57,2555,2,6
"1501",5313403626,1.75,2.12,2.57,2553,3,6
"1502",5313403626,1.84,1.84,2.57,2553,1,6
"1503",5313403626,2.78,2.43,2.57,2555,1,6
"1504",5313403626,2.89,2.33,2.57,2554,2,6
"1505",5313406213,2.75,2.36,2.79,2555,2,6
"1506",5313406213,2.16,2.26,2.79,2555,1,6
"1507",5313406213,2.37,2.36,2.79,2556,1,6
"1508",5313403643,1.7,2.12,3.44,2554,2,7
"1509",5313403643,2,2.17,3.44,2556,3,7
"1510",5313403643,1.65,2.22,3.44,2554,1,7
"1511",5313403643,2.15,2.36,3.44,2553,2,7
"1512",5313403643,2.58,2.58,3.44,2553,1,7
"1513",5313403643,2.79,2.16,3.44,2555,2,7
"1514",5313403643,1.73,2.03,3.44,2555,1,7
"1515",5313403643,1.4,2.14,3.44,2556,2,7
"1516",5313403643,2.25,2.23,3.44,2556,1,7
"1517",5313403654,3.27,3.65,2.86,2554,2,6
"1518",5313403654,3.73,3.73,2.86,2553,1,6
"1519",5313403654,3.84,3.78,2.86,2553,2,6
"1520",5313403654,3.82,3.79,2.86,2554,1,6
"1521",5313403667,2.88,3,3.48,2553,2,7
"1522",5313403667,2.24,2.74,3.48,2554,1,7
"1523",5313403667,1.95,2.52,3.48,2554,2,7
"1524",5313403667,2.75,2.54,3.48,2554,3,7
"1525",5313403667,2.32,2.48,3.48,2555,2,7
"1526",5313403667,3.17,3.17,3.48,2553,1,7
"1527",5313403667,2.4,2.6,3.48,2556,2,7
"1528",5313403667,3.12,2.58,3.48,2556,1,7
"1529",5313403667,2.2,2.47,3.48,2555,1,7
"1530",5313403709,2.7,2.54,3.12,2553,2,7
"1531",5313403709,2.37,2.37,3.12,2553,1,7
"1532",5313403709,2.5,2.63,3.12,2555,1,7
"1533",5313403709,1,2.72,3.12,2556,3,7
"1534",5313403709,2.77,2.67,3.12,2555,2,7
"1535",5313403709,2.21,2.65,3.12,2556,1,7
"1536",5313403709,3.09,2.76,3.12,2556,2,7
"1537",5313409964,0.5,2.37,2.16,2556,3,5
"1538",5313409964,1.37,2.35,2.16,2556,2,5
"1539",5313409964,2.08,2.35,2.16,2556,1,5
"1540",5313409964,0.4,2.2,2.16,2557,1,5
"1541",5313409964,1.89,2.26,2.16,2555,2,5
"1542",5313409964,1.5,2.24,2.16,2557,2,5
"1543",5313409964,1,2.21,2.16,2557,3,5
"1544",5313409964,3.5,1.97,2.16,2553,3,5
"1545",5313409964,2,2.28,2.16,2555,1,5
"1546",5313409964,1.44,1.44,2.16,2553,1,5
"1547",5313409964,2.2,1.82,2.16,2553,2,5
"1548",5313409964,3,2.25,2.16,2554,1,5
"1549",5313409964,2.87,2.37,2.16,2554,2,5
"1550",5313409964,0,2.37,2.16,2554,3,5
"1551",5313403734,2.38,2.91,3.19,2554,2,7
"1552",5313403734,3.3,3.36,3.19,2553,2,7
"1553",5313403734,2.48,3.09,3.19,2554,1,7
"1554",5313403734,3.41,3.41,3.19,2553,1,7
"1555",5313403734,2.65,2.86,3.19,2556,1,7
"1556",5313403734,2.98,2.92,3.19,2555,1,7
"1557",5313403734,2.74,2.89,3.19,2555,2,7
"1558",5313406283,2.58,2.46,3.14,2555,2,7
"1559",5313406283,2.2,2.35,3.14,2555,1,7
"1560",5313406283,2,2.4,3.14,2554,3,7
"1561",5313406283,2.83,2.43,3.14,2554,2,7
"1562",5313406283,2.5,2.31,3.14,2554,1,7
"1563",5313403757,1.59,2.2,3.03,2554,1,7
"1564",5313403757,1.09,1.91,3.03,2554,2,7
"1565",5313403757,2.25,2.02,3.03,2554,3,7
"1566",5313403757,2.39,2.4,3.03,2553,2,7
"1567",5313403757,2.4,2.4,3.03,2553,1,7
"1568",5313403757,2,1.92,3.03,2555,3,7
"1569",5313403757,1.08,1.86,3.03,2555,2,7
"1570",5313403757,1,1.91,3.03,2555,1,7
"1571",5313406316,1.62,2.1,2.48,2555,1,5
"1572",5313406316,1.5,2.17,2.48,2554,3,5
"1573",5313406316,2,2.1,2.48,2554,2,5
"1574",5313406316,2.75,2.42,2.48,2556,2,5
"1575",5313406316,1.85,2.01,2.48,2554,1,5
"1576",5313406316,2.57,2.26,2.48,2555,2,5
"1577",5313406316,2.62,2.33,2.48,2556,1,5
"1578",5313406316,1,2.39,2.48,2556,3,5
"1579",5313406353,2.35,2.42,2.9,2553,2,6
"1580",5313406353,1.48,2.06,2.9,2554,1,6
"1581",5313406353,2.27,2.2,2.9,2554,2,6
"1582",5313406353,2,2.19,2.9,2554,3,6
"1583",5313406353,2.44,2.32,2.9,2555,2,6
"1584",5313406353,2.5,2.5,2.9,2553,1,6
"1585",5313406353,2.5,2.4,2.9,2556,2,6
"1586",5313406353,2.43,2.33,2.9,2556,1,6
"1587",5313406353,2,2.15,2.9,2555,1,6
"1588",5313410118,2.17,2.27,3.56,2554,2,8
"1589",5313410118,2.62,2.34,3.56,2553,2,8
"1590",5313410118,2.25,2.31,3.56,2554,1,8
"1591",5313410118,1.94,1.94,3.56,2553,1,8
"1592",5313410118,2.58,2.22,3.56,2556,1,8
"1593",5313410118,1.64,2.13,3.56,2555,1,8
"1594",5313410118,2,2.1,3.56,2555,2,8
"1595",5313410118,1.4,2.14,3.56,2556,2,8
"1596",5313410118,2.17,2.27,0,2554,2,1
"1597",5313410118,2.62,2.34,0,2553,2,1
"1598",5313410118,2.25,2.31,0,2554,1,1
"1599",5313410118,1.94,1.94,0,2553,1,1
"1600",5313410118,2.58,2.22,0,2556,1,1
"1601",5313410118,1.64,2.13,0,2555,1,1
"1602",5313410118,2,2.1,0,2555,2,1
"1603",5313410118,1.4,2.14,0,2556,2,1
"1604",5313403770,3.13,3.05,2.96,2553,2,6
"1605",5313403770,2.92,3,2.96,2554,1,6
"1606",5313403770,2.86,2.86,2.96,2555,2,6
"1607",5313403770,2.94,2.94,2.96,2553,1,6
"1608",5313403770,2.9,2.87,2.96,2556,1,6
"1609",5313403770,2.92,2.98,2.96,2554,2,6
"1610",5313403770,2.23,2.86,2.96,2555,1,6
"1611",5313403770,3.75,3.04,2.96,2554,3,6
"1612",5313403792,3,2.29,2.77,2554,3,6
"1613",5313403792,2.52,2.34,2.77,2555,1,6
"1614",5313403792,2.43,2.46,2.77,2556,1,6
"1615",5313403792,1.93,2.24,2.77,2554,2,6
"1616",5313403792,2.28,2.33,2.77,2555,2,6
"1617",5313403792,2.71,2.5,2.77,2553,2,6
"1618",5313403792,2.27,2.27,2.77,2553,1,6
"1619",5313403792,2.09,2.35,2.77,2554,1,6
"1620",5313403801,1.83,1.83,3.54,2553,1,8
"1621",5313403801,2.66,2.26,3.54,2555,1,8
"1622",5313403801,2.06,1.95,3.54,2553,2,8
"1623",5313403801,2.31,2.05,3.54,2554,1,8
"1624",5313403801,2.15,2.13,3.54,2554,2,8
"1625",5313403801,2.23,2.26,3.54,2555,2,8
"1626",5313403801,2,2.27,3.54,2556,3,8
"1627",5313403801,1.73,2.23,3.54,2556,2,8
"1628",5313403801,2.65,2.32,3.54,2556,1,8
"1629",5313403812,3.48,3.67,3.82,2554,2,8
"1630",5313403812,3.75,3.6,3.82,2556,2,8
"1631",5313403812,3.7,3.58,3.82,2556,1,8
"1632",5313403812,3.24,3.56,3.82,2555,2,8
"1633",5313403812,3.5,3.63,3.82,2555,1,8
"1634",5313403812,3.77,3.74,3.82,2554,1,8
"1635",5313403812,3.89,3.73,3.82,2553,2,8
"1636",5313403812,3.56,3.56,3.82,2553,1,8
"1637",5313406397,0.5,2.09,3.31,2553,3,7
"1638",5313406397,1.89,2.12,3.31,2554,1,7
"1639",5313406397,1.79,2.04,3.31,2554,2,7
"1640",5313406397,1.85,2.1,3.31,2556,2,7
"1641",5313406397,2.42,2.38,3.31,2553,2,7
"1642",5313406397,2.34,2.34,3.31,2553,1,7
"1643",5313406397,2.03,2.1,3.31,2556,1,7
"1644",5313406397,1.5,2.04,3.31,2555,1,7
"1645",5313406397,1.59,2,3.31,2555,2,7
"1646",5313406397,2,2.03,3.31,2554,3,7
"1647",5313406433,2.58,2.54,2.99,2554,1,6
"1648",5313406433,2.29,2.47,2.99,2554,2,6
"1649",5313406433,2.85,2.52,2.99,2553,2,6
"1650",5313406433,2.1,2.1,2.99,2553,1,6
"1651",5313406433,2.5,2.47,2.99,2554,3,6
"1652",5313406433,3,2.5,2.99,2555,2,6
"1653",5313406433,3.13,2.57,2.99,2556,1,6
"1654",5313406433,2.09,2.4,2.99,2555,1,6
"1655",5313403851,2.53,2.72,3.67,2553,2,8
"1656",5313403851,2.25,2.58,3.67,2554,2,8
"1657",5313403851,2.93,2.93,3.67,2553,1,8
"1658",5313403851,2.59,2.68,3.67,2554,1,8
"1659",5313403851,3.69,2.86,3.67,2556,1,8
"1660",5313403851,2.71,2.67,3.67,2555,1,8
"1661",5313403851,2,2.66,3.67,2554,3,8
"1662",5313403851,2.96,2.73,3.67,2555,2,8
"1663",5313403862,2.84,2.88,3.13,2553,2,7
"1664",5313403862,2.53,2.83,3.13,2554,2,7
"1665",5313403862,2.64,2.79,3.13,2554,1,7
"1666",5313403862,2.92,2.92,3.13,2553,1,7
"1667",5313403862,3.25,2.86,3.13,2554,3,7
"1668",5313403862,2.2,2.73,3.13,2555,1,7
"1669",5313403862,2.45,2.66,3.13,2556,1,7
"1670",5313403862,2.16,2.62,3.13,2555,2,7
"1671",5313403865,3,2.38,3.57,2554,3,8
"1672",5313403865,1.93,2.53,3.57,2554,1,8
"1673",5313403865,1.81,2.33,3.57,2554,2,8
"1674",5313403865,2.88,2.85,3.57,2553,2,8
"1675",5313403865,2.82,2.82,3.57,2553,1,8
"1676",5313403865,1.43,2.27,3.57,2555,2,8
"1677",5313403865,2.82,2.34,3.57,2556,2,8
"1678",5313403865,2.25,2.27,3.57,2556,1,8
"1679",5313403865,2.65,2.44,3.57,2555,1,8
"1680",5313403920,2,2.26,2.88,2554,2,6
"1681",5313403920,2.25,2.35,2.88,2554,1,6
"1682",5313403920,2.5,2.4,2.88,2553,2,6
"1683",5313403920,2.29,2.29,2.88,2553,1,6
"1684",5313403920,2.5,2.4,2.88,2555,1,6
"1685",5313403920,3.05,2.52,2.88,2555,2,6
"1686",5313403920,2.5,2.37,2.88,2554,3,6
"1687",5313403920,3.37,2.64,2.88,2556,1,6
"1688",5313403942,3.59,3.73,4,2554,1,8
"1689",5313403942,3.86,3.81,4,2553,2,8
"1690",5313403942,3.75,3.75,4,2553,1,8
"1691",5313403942,3.36,3.64,4,2554,2,8
"1692",5313403942,3.12,3.52,4,2555,2,8
"1693",5313403942,3.33,3.58,4,2555,1,8
"1694",5313403948,1.84,2.18,3.16,2554,1,7
"1695",5313403948,2.5,2.32,3.16,2554,3,7
"1696",5313403948,2.7,2.3,3.16,2554,2,7
"1697",5313403948,1.73,2.18,3.16,2555,1,7
"1698",5313403948,2.71,2.29,3.16,2555,2,7
"1699",5313403948,2.82,2.36,3.16,2556,1,7
"1700",5313403959,3.41,3.41,3.63,2553,1,8
"1701",5313403959,3.48,3.34,3.63,2556,1,8
"1702",5313403959,3.03,3.31,3.63,2555,2,8
"1703",5313403959,3.2,3.37,3.63,2555,1,8
"1704",5313403959,3.68,3.56,3.63,2553,2,8
"1705",5313403959,3.41,3.5,3.63,2554,1,8
"1706",5313403959,3.15,3.41,3.63,2554,2,8
"1707",5313403972,2.72,2.72,3,2553,1,7
"1708",5313403972,1.08,2.08,3,2554,1,7
"1709",5313403972,1.8,2.1,3,2555,1,7
"1710",5313403972,1.59,2.18,3,2554,2,7
"1711",5313403972,2.55,2.63,3,2553,2,7
"1712",5313403972,2.25,2.2,3,2555,2,7
"1713",5313403972,2.79,2.27,3,2557,1,7
"1714",5313403972,2.13,2.17,3,2556,2,7
"1715",5313403972,2.05,2.17,3,2556,1,7
"1716",5313403984,0.68,2,3.11,2554,2,7
"1717",5313403984,1.83,2.32,3.11,2554,1,7
"1718",5313403984,2.4,2.55,3.11,2553,2,7
"1719",5313403984,1.29,2.08,3.11,2557,1,7
"1720",5313403984,2.71,2.71,3.11,2553,1,7
"1721",5313403984,0,2,3.11,2554,3,7
"1722",5313403984,1.75,2.18,3.11,2556,1,7
"1723",5313403984,2.33,2.21,3.11,2556,2,7
"1724",5313403984,2,2.2,3.11,2557,2,7
"1725",5313404004,1.73,2.32,3.5,2554,2,8
"1726",5313404004,2.75,2.75,3.5,2553,1,8
"1727",5313404004,2.06,2.54,3.5,2554,1,8
"1728",5313404004,2.83,2.8,3.5,2553,2,8
"1729",5313404004,2.53,2.42,3.5,2556,1,8
"1730",5313404004,2.05,2.33,3.5,2555,1,8
"1731",5313404004,2.5,2.43,3.5,2556,2,8
"1732",5313404004,2.46,2.35,3.5,2555,2,8
"1733",5313404004,3.25,2.39,3.5,2554,3,8
"1734",5313404017,2.74,2.67,3.42,2555,2,7
"1735",5313404017,2.5,2.56,3.42,2554,3,7
"1736",5313404017,3.05,2.66,3.42,2555,1,7
"1737",5313404017,3.21,2.74,3.42,2556,1,7
"1738",5313404017,2.81,2.81,3.42,2553,1,7
"1739",5313404017,2.35,2.56,3.42,2554,2,7
"1740",5313404017,2.62,2.93,3.42,2553,2,7
"1741",5313404017,2.06,2.63,3.42,2554,1,7
"1742",5313406523,0,0.8,2.74,2553,2,6
"1743",5313406523,1.79,1.79,2.74,2553,1,6
"1744",5313404032,1.66,1.98,3.2,2555,1,7
"1745",5313404032,1.1,1.91,3.2,2554,2,7
"1746",5313404032,1.75,1.98,3.2,2554,3,7
"1747",5313404032,2.39,2.37,3.2,2553,2,7
"1748",5313404032,1.89,2.24,3.2,2554,1,7
"1749",5313404032,2.5,2.03,3.2,2555,3,7
"1750",5313404032,2.34,2.34,3.2,2553,1,7
"1751",5313404032,1.28,2.09,3.2,2557,1,7
"1752",5313404032,1,2.04,3.2,2556,3,7
"1753",5313404032,1.79,2.06,3.2,2556,2,7
"1754",5313404032,1.19,1.94,3.2,2555,2,7
"1755",5313404032,1.75,2.03,3.2,2556,1,7
"1756",5313410359,1.98,2.11,2.15,2553,2,5
"1757",5313410359,1.89,1.89,2.15,2553,1,5
"1758",5313410359,1.2,1.83,2.15,2554,1,5
"1759",5313404047,3,2.67,3.45,2554,2,7
"1760",5313404047,2.43,2.57,3.45,2554,1,7
"1761",5313404047,2.89,2.64,3.45,2553,2,7
"1762",5313404047,2.39,2.39,3.45,2553,1,7
"1763",5313404047,3.45,2.7,3.45,2556,1,7
"1764",5313404047,2.23,2.57,3.45,2555,1,7
"1765",5313404047,2.62,2.58,3.45,2555,2,7
"1766",5313404076,2.29,2.52,3.07,2554,2,7
"1767",5313404076,2.34,2.6,3.07,2554,1,7
"1768",5313404076,2.77,2.72,3.07,2553,2,7
"1769",5313404076,2.67,2.67,3.07,2553,1,7
"1770",5313404076,2.03,2.41,3.07,2555,1,7
"1771",5313404076,2.59,2.44,3.07,2555,2,7
"1772",5313404076,2.3,2.53,3.07,2556,2,7
"1773",5313404076,2.84,2.56,3.07,2556,1,7
"1774",5313404102,1.93,2.42,3.06,2557,1,7
"1775",5313404102,1.5,2.36,3.06,2557,2,7
"1776",5313404102,2.13,2.4,3.06,2556,1,7
"1777",5313404102,1.5,2.44,3.06,2556,2,7
"1778",5313404102,1.25,2.38,3.06,2556,3,7
"1779",5313404103,2.45,2.99,3.35,2554,1,7
"1780",5313404103,1.59,2.66,3.35,2554,2,7
"1781",5313404103,3.53,3.29,3.35,2553,2,7
"1782",5313404103,4,2.76,3.35,2554,3,7
"1783",5313404103,2.59,2.73,3.35,2555,1,7
"1784",5313404103,3.06,3.06,3.35,2553,1,7
"1785",5313404103,3.35,2.72,3.35,2556,2,7
"1786",5313404103,2.29,2.72,3.35,2555,2,7
"1787",5313404103,2.18,2.64,3.35,2556,1,7
"1788",5313404116,2.37,2,3.31,2553,2,7
"1789",5313404116,1.62,1.62,3.31,2553,1,7
"1790",5313404116,1.84,2.1,3.31,2556,2,7
"1791",5313404116,2.37,2.04,3.31,2556,1,7
"1792",5313404116,1.27,1.98,3.31,2555,2,7
"1793",5313404116,1.68,1.94,3.31,2554,1,7
"1794",5313404116,1.5,2.08,3.31,2553,3,7
"1795",5313404116,1.98,1.95,3.31,2554,2,7
"1796",5313404116,1.5,1.92,3.31,2554,3,7
"1797",5313404116,2.53,2.04,3.31,2555,1,7
"1798",5313404138,2.03,2.17,3.01,2554,2,7
"1799",5313404138,1.78,1.97,3.01,2554,1,7
"1800",5313404138,0.75,2.24,3.01,2554,3,7
"1801",5313404138,1.94,2.12,3.01,2553,2,7
"1802",5313404138,1.41,2.03,3.01,2555,1,7
"1803",5313404138,1.92,1.92,3.01,2553,1,7
"1804",5313404138,1.83,2.17,3.01,2555,2,7
"1805",5313404138,0.84,2,3.01,2556,3,7
"1806",5313404138,0.5,1.98,3.01,2556,2,7
"1807",5313404138,0.17,2.02,3.01,2556,1,7
"1808",5313406549,3.42,3.37,3.75,2553,2,8
"1809",5313406549,0,3.47,3.75,2555,3,8
"1810",5313406549,3.46,3.4,3.75,2554,1,8
"1811",5313406549,3.32,3.32,3.75,2553,1,8
"1812",5313406549,3.87,3.52,3.75,2556,2,8
"1813",5313406549,3.77,3.5,3.75,2556,1,8
"1814",5313406549,3.15,3.33,3.75,2554,2,8
"1815",5313406549,3.48,3.47,3.75,2555,2,8
"1816",5313406549,3.94,3.46,3.75,2555,1,8
"1817",5313406560,2.79,2.79,3.42,2553,1,7
"1818",5313406560,2.55,2.28,3.42,2555,2,7
"1819",5313406560,1.75,2.6,3.42,2553,3,7
"1820",5313406560,2.7,2.74,3.42,2553,2,7
"1821",5313406560,1.4,2.14,3.42,2555,1,7
"1822",5313406560,1.5,2.32,3.42,2554,3,7
"1823",5313406560,2,2.27,3.42,2554,2,7
"1824",5313406560,1.42,2.25,3.42,2554,1,7
"1825",5313404148,2.15,2.66,3.34,2554,2,7
"1826",5313404148,3.15,2.61,3.34,2556,1,7
"1827",5313404148,2.24,2.56,3.34,2555,1,7
"1828",5313404148,2.34,2.52,3.34,2555,2,7
"1829",5313404148,3.13,2.65,3.34,2556,2,7
"1830",5313404148,2.64,2.84,3.34,2554,1,7
"1831",5313404172,1.5,2.4,3.62,2554,2,8
"1832",5313404172,3.1,3.12,3.62,2553,2,8
"1833",5313404172,0,2.9,3.62,2553,3,8
"1834",5313404172,1.87,2.71,3.62,2554,1,8
"1835",5313404172,3.14,3.14,3.62,2553,1,8
"1836",5313404172,2.6,2.63,3.62,2555,2,8
"1837",5313404172,2.63,2.63,3.62,2555,1,8
"1838",5313404172,2.2,2.57,3.62,2556,1,8
"1839",5313404172,3,2.53,3.62,2554,3,8
"1840",5313410514,2.85,2.85,3.09,2553,1,7
"1841",5313410514,2.98,2.92,3.09,2553,2,7
"1842",5313410514,2.85,2.85,2.96,2553,1,6
"1843",5313410514,2.98,2.92,2.96,2553,2,6
"1844",5313404177,2.45,2.52,3.54,2553,2,8
"1845",5313404177,1.8,2.13,3.54,2554,2,8
"1846",5313404177,1.8,2.25,3.54,2554,1,8
"1847",5313404177,2.6,2.6,3.54,2553,1,8
"1848",5313404177,1.53,2.09,3.54,2555,2,8
"1849",5313404177,1.7,2.13,3.54,2556,2,8
"1850",5313404177,2.35,2.13,3.54,2556,1,8
"1851",5313404177,2.18,2.21,3.54,2555,1,8
"1852",5313404184,1.48,2.02,2.94,2555,2,6
"1853",5313404184,1.94,2.07,2.94,2555,1,6
"1854",5313404184,1,1.99,2.94,2556,3,6
"1855",5313404184,1.5,1.95,2.94,2556,1,6
"1856",5313404184,1.91,1.95,2.94,2556,2,6
"1857",5313404184,2.06,2.06,2.94,2553,1,6
"1858",5313404184,1.75,2.12,2.94,2554,3,6
"1859",5313404184,1.62,1.84,2.94,2553,2,6
"1860",5313404184,2.33,2.1,2.94,2554,1,6
"1861",5313404184,2.27,2.15,2.94,2554,2,6
"1862",5313406594,1.86,1.59,2.57,2553,2,6
"1863",5313406594,0.97,0.97,2.57,2553,1,6
"1864",5313406594,1.84,1.85,2.57,2555,1,6
"1865",5313406594,3.4,2.08,2.57,2555,2,6
"1866",5313406594,1.62,2.06,2.57,2556,1,6
"1867",5313406594,0,1.44,2.57,2553,3,6
"1868",5313406594,2.13,2.15,2.57,2557,2,6
"1869",5313406594,1,2.13,2.57,2557,3,6
"1870",5313406594,1.92,2.11,2.57,2557,1,6
"1871",5313406594,1.25,2.05,2.57,2556,2,6
"1872",5313406594,1.86,1.59,2.59,2553,2,6
"1873",5313406594,0.97,0.97,2.59,2553,1,6
"1874",5313406594,1.84,1.85,2.59,2555,1,6
"1875",5313406594,3.4,2.08,2.59,2555,2,6
"1876",5313406594,1.62,2.06,2.59,2556,1,6
"1877",5313406594,0,1.44,2.59,2553,3,6
"1878",5313406594,2.13,2.15,2.59,2557,2,6
"1879",5313406594,1,2.13,2.59,2557,3,6
"1880",5313406594,1.92,2.11,2.59,2557,1,6
"1881",5313406594,1.25,2.05,2.59,2556,2,6
"1882",5313404193,2.16,2.08,2.89,2554,1,6
"1883",5313404193,4,1.96,2.89,2554,3,6
"1884",5313404193,1.04,1.85,2.89,2554,2,6
"1885",5313404193,1.95,2.05,2.89,2553,2,6
"1886",5313404193,0,2.04,2.89,2555,2,6
"1887",5313404193,2.5,2.04,2.89,2555,1,6
"1888",5313404193,0,1.7,2.89,2556,1,6
"1889",5313404193,2.17,2.17,2.89,2553,1,6
"1890",5313404204,2.97,2.97,3.77,2553,1,8
"1891",5313404204,2.69,2.95,3.77,2554,1,8
"1892",5313404204,2.35,2.79,3.77,2554,2,8
"1893",5313404204,3.25,3.13,3.77,2553,2,8
"1894",5313404204,2.55,2.84,3.77,2556,1,8
"1895",5313404204,3.29,2.91,3.77,2555,1,8
"1896",5313404204,2.79,2.89,3.77,2555,2,8
"1897",5313410536,1.65,1.74,2.01,2554,2,5
"1898",5313410536,1.29,1.29,2.01,2553,1,5
"1899",5313410536,1.74,1.5,2.01,2553,2,5
"1900",5313410536,2.25,1.77,2.01,2554,1,5
"1901",5313404217,2.25,2.73,2.93,2554,2,6
"1902",5313404217,2.78,2.91,2.93,2554,1,6
"1903",5313404217,3,2.98,2.93,2553,2,6
"1904",5313404217,2.95,2.95,2.93,2553,1,6
"1905",5313404217,3,2.77,2.93,2556,1,6
"1906",5313404217,3.13,2.82,2.93,2555,1,6
"1907",5313404217,2.28,2.72,2.93,2555,2,6
"1908",5313406640,1.75,2.13,2.37,2554,3,5
"1909",5313406640,1.81,2.04,2.37,2555,2,5
"1910",5313406640,1.71,2.03,2.37,2555,1,5
"1911",5313406640,1.57,1.99,2.37,2554,1,5
"1912",5313406640,2.14,2.15,2.37,2556,1,5
"1913",5313406640,0.5,2.18,2.37,2557,1,5
"1914",5313406640,0.5,2.16,2.37,2557,2,5
"1915",5313406640,0,2.16,2.37,2557,3,5
"1916",5313406640,1.5,2.21,2.37,2556,3,5
"1917",5313406640,1.38,2.18,2.37,2556,2,5
"1918",5313406640,1.84,1.84,2.37,2553,1,5
"1919",5313406640,1.95,2.07,2.37,2554,2,5
"1920",5313406640,2.4,2.09,2.37,2553,2,5
"1921",5313404251,3.37,3.49,3.35,2554,1,7
"1922",5313404251,3.29,3.35,3.35,2555,2,7
"1923",5313404251,3.5,3.37,3.35,2555,1,7
"1924",5313404251,2.85,3.32,3.35,2554,2,7
"1925",5313404251,3.4,3.36,3.35,2556,1,7
"1926",5313404265,1.61,1.61,3.43,2553,1,7
"1927",5313406679,2.98,2.67,3.7,2556,1,8
"1928",5313406679,2.3,2.7,3.7,2555,1,8
"1929",5313406679,2.23,2.62,3.7,2555,2,8
"1930",5313406679,3.07,3.07,3.7,2553,1,8
"1931",5313406679,2.96,3.05,3.7,2554,1,8
"1932",5313406679,2.12,2.8,3.7,2554,2,8
"1933",5313406679,3.13,3.1,3.7,2553,2,8
"1934",5313404280,2.66,3.05,2.56,2554,1,6
"1935",5313404280,2.78,3.1,2.56,2554,2,6
"1936",5313404280,3.24,3.12,2.56,2556,1,6
"1937",5313404280,3.21,3.25,2.56,2553,2,6
"1938",5313404280,3.29,3.29,2.56,2553,1,6
"1939",5313404280,3.11,3.11,2.56,2555,1,6
"1940",5313404280,3.05,3.1,2.56,2555,2,6
"1941",5313404280,3.25,3.11,2.56,2554,3,6
