"","X","ID","EnrolledYear","Semester","GPA","X2553_GPAX","entry2553_GPAX","group"
"1",2,5313404454,2553,1,2.44,2.44,3.71,8
"2",21,5313404454,2553,2,2.74,2.59,3.71,8
"3",18,5313404454,2554,1,1.69,2.26,3.71,8
"4",29,5313404454,2554,2,0.95,1.9,3.71,8
"5",8,5313404454,2554,3,2,1.91,3.71,8
"6",3,5313404454,2555,1,2.39,2.01,3.71,8
"7",1,5313404454,2555,2,2.92,2.24,3.71,8
"8",13,5313404454,2556,1,2.44,2.32,3.71,8
"9",15,5313404454,2556,2,2,2.37,3.71,8
"10",70,5313400771,2553,1,3.07,3.07,3.08,7
"11",73,5313400771,2553,2,3,3.03,3.08,7
"12",69,5313400771,2554,1,2.4,2.81,3.08,7
"13",75,5313400771,2554,2,2.09,2.64,3.08,7
"14",77,5313400771,2555,1,2.4,2.58,3.08,7
"15",103,5313400771,2555,2,1.88,2.46,3.08,7
"16",104,5313400771,2556,1,2.36,2.44,3.08,7
"17",102,5313400771,2556,2,2.42,2.44,3.08,7
"18",134,5313401005,2553,1,2.29,2.29,3.53,8
"19",131,5313401005,2553,2,2.65,2.47,3.53,8
"20",140,5313401005,2554,1,1.32,2.05,3.53,8
"21",130,5313401005,2554,2,1.91,2.1,3.53,8
"22",149,5313401005,2555,1,1.6,2.03,3.53,8
"23",146,5313401005,2555,2,2.2,2.12,3.53,8
"24",144,5313401005,2556,1,1.94,2.19,3.53,8
"25",129,5313401005,2556,2,2,2.21,3.53,8
"26",138,5313401005,2557,1,2.35,2.31,3.53,8
"27",198,5313407200,2553,1,2.04,2.04,3.37,7
"28",197,5313407200,2553,2,0.14,1.09,3.37,7
"29",245,5313401048,2553,1,2.07,2.07,3.07,7
"30",249,5313401048,2553,2,2.27,2.17,3.07,7
"31",240,5313401048,2554,1,1.86,2.04,3.07,7
"32",233,5313401048,2554,2,2.1,2.06,3.07,7
"33",237,5313401048,2554,3,1.25,1.99,3.07,7
"34",222,5313401048,2555,1,1.82,2.01,3.07,7
"35",213,5313401048,2555,2,2.15,2.04,3.07,7
"36",219,5313401048,2556,1,1.59,2.01,3.07,7
"37",214,5313401048,2556,2,1.08,1.96,3.07,7
"38",215,5313401048,2556,3,1.67,2.01,3.07,7
"39",309,5313401077,2553,1,2.19,2.19,3,7
"40",296,5313401077,2553,2,2.21,2.2,3,7
"41",301,5313401077,2554,1,1.84,2.2,3,7
"42",295,5313401077,2554,2,2.58,2.41,3,7
"43",286,5313401077,2555,1,1.87,2.35,3,7
"44",289,5313401077,2555,2,2.9,2.47,3,7
"45",285,5313401077,2556,1,2.68,2.62,3,7
"46",294,5313401077,2556,2,2.5,2.66,3,7
"47",350,5313404724,2553,1,3.1,3.1,2.89,6
"48",346,5313404724,2553,2,3.14,3.13,2.89,6
"49",345,5313404724,2553,3,3,3.11,2.89,6
"50",362,5313404724,2554,1,2.98,3.06,2.89,6
"51",357,5313404724,2554,2,2.93,3.03,2.89,6
"52",365,5313404724,2554,3,4,3.1,2.89,6
"53",361,5313404724,2555,1,3.03,3.08,2.89,6
"54",358,5313404724,2555,2,2.36,2.96,2.89,6
"55",356,5313404724,2556,1,2.75,2.94,2.89,6
"56",354,5313404724,2556,2,2.38,2.9,2.89,6
"57",521,5313401084,2553,1,2.44,2.44,2.94,6
"58",517,5313401084,2553,2,2.62,2.53,2.94,6
"59",513,5313401084,2554,1,2.72,2.61,2.94,6
"60",497,5313401084,2554,2,3.05,2.73,2.94,6
"61",505,5313401084,2554,3,3,2.76,2.94,6
"62",500,5313401084,2555,1,2.98,2.81,2.94,6
"63",498,5313401084,2555,2,2.7,2.79,2.94,6
"64",558,5313401093,2553,1,3.33,3.33,2.53,6
"65",557,5313401093,2553,2,3.43,3.38,2.53,6
"66",578,5313401093,2554,1,2.5,3.05,2.53,6
"67",587,5313401093,2554,2,2.25,2.95,2.53,6
"68",569,5313401093,2554,3,2.5,2.92,2.53,6
"69",562,5313401093,2555,1,2.58,2.94,2.53,6
"70",561,5313401093,2555,2,1.8,2.81,2.53,6
"71",570,5313401093,2556,1,2.93,2.9,2.53,6
"72",572,5313401093,2556,2,2.64,2.87,2.53,6
"73",567,5313401093,2556,3,2,2.91,2.53,6
"74",631,5313401499,2553,1,2.74,2.74,3.34,7
"75",635,5313401499,2553,2,2.6,2.68,3.34,7
"76",639,5313401499,2554,1,2.58,2.64,3.34,7
"77",629,5313401499,2554,2,3,2.74,3.34,7
"78",647,5313401499,2554,3,3.63,2.79,3.34,7
"79",651,5313401499,2555,1,2.58,2.75,3.34,7
"80",644,5313401499,2555,2,3.08,2.82,3.34,7
"81",630,5313401499,2556,1,3.44,2.89,3.34,7
"82",703,5313401513,2553,1,2.95,2.95,3.42,7
"83",693,5313401513,2553,2,2.8,2.88,3.42,7
"84",696,5313401513,2554,1,2.25,2.66,3.42,7
"85",694,5313401513,2554,2,2.45,2.6,3.42,7
"86",701,5313401513,2555,1,2.45,2.57,3.42,7
"87",712,5313401513,2555,2,2.18,2.5,3.42,7
"88",707,5313401513,2556,1,2.4,2.49,3.42,7
"89",749,5313402006,2553,1,2.66,2.66,3.61,8
"90",758,5313402006,2553,2,2.45,2.55,3.61,8
"91",754,5313402006,2553,3,1,2.63,3.61,8
"92",750,5313402006,2554,1,1.4,2.27,3.61,8
"93",764,5313402006,2554,2,1.93,2.17,3.61,8
"94",797,5313402006,2554,3,0,2.17,3.61,8
"95",777,5313402006,2555,1,1.09,1.98,3.61,8
"96",784,5313402006,2555,2,2.14,2.19,3.61,8
"97",789,5313402006,2556,1,2.07,2.22,3.61,8
"98",791,5313402006,2556,2,2.09,2.34,3.61,8
"99",800,5313402006,2556,3,1.75,2.32,3.61,8
"100",770,5313402006,2557,1,1.84,2.38,3.61,8
"101",766,5313402006,2557,2,0,2.34,3.61,8
"102",950,5313405524,2553,1,2.06,2.06,2.35,5
"103",946,5313405524,2553,2,1.87,1.96,2.35,5
"104",942,5313405524,2554,1,0.82,1.57,2.35,5
"105",954,5313405524,2554,2,2.77,1.85,2.35,5
"106",985,5313405524,2554,3,2.84,2.04,2.35,5
"107",981,5313405524,2555,1,2.27,2.08,2.35,5
"108",952,5313405524,2555,2,1.69,2.01,2.35,5
"109",962,5313405524,2556,1,1.24,1.92,2.35,5
"110",960,5313405524,2556,2,0,1.87,2.35,5
"111",958,5313405524,2556,3,0.5,1.86,2.35,5
"112",956,5313405524,2557,1,0,1.77,2.35,5
"113",941,5313405524,2557,2,0,1.64,2.35,5
"114",1024,5313402511,2553,1,2.45,2.45,3.07,7
"115",1022,5313402511,2553,2,2.68,2.55,3.07,7
"116",1033,5313402511,2554,1,1.84,2.3,3.07,7
"117",1031,5313402511,2554,2,1.75,2.16,3.07,7
"118",1040,5313402511,2554,3,1.5,2.13,3.07,7
"119",1035,5313402511,2555,1,2.11,2.12,3.07,7
"120",1021,5313402511,2555,2,2.41,2.18,3.07,7
"121",1028,5313402511,2556,1,3.21,2.33,3.07,7
"122",1088,5313405548,2553,1,2.56,2.56,2.97,6
"123",1086,5313405548,2553,2,2.53,2.55,2.97,6
"124",1085,5313405548,2554,1,3.08,2.75,2.97,6
"125",1095,5313405548,2554,2,3.15,2.85,2.97,6
"126",1091,5313405548,2554,3,3,2.86,2.97,6
"127",1114,5313406408,2553,1,2.37,2.37,2.31,5
"128",1105,5313406408,2553,2,2.53,2.46,2.31,5
"129",1107,5313406408,2554,1,2.43,2.45,2.31,5
"130",1111,5313406408,2554,2,2.74,2.53,2.31,5
"131",1121,5313406408,2555,1,2.74,2.58,2.31,5
"132",1124,5313406408,2555,2,3.1,2.67,2.31,5
"133",1106,5313406408,2556,1,3.67,2.81,2.31,5
"134",1118,5313406408,2556,2,3.63,2.87,2.31,5
"135",1165,5313410645,2553,1,2.47,2.47,3.09,7
"136",1233,5313410645,2553,1,2.47,2.47,3.2,7
"137",1169,5313410645,2553,2,2.4,2.43,3.09,7
"138",1237,5313410645,2553,2,2.4,2.43,3.2,7
"139",1175,5313410645,2554,1,1.23,2.12,3.09,7
"140",1243,5313410645,2554,1,1.23,2.12,3.2,7
"141",1179,5313410645,2554,2,0.8,1.78,3.09,7
"142",1247,5313410645,2554,2,0.8,1.78,3.2,7
"143",1170,5313410645,2554,3,1.5,1.76,3.09,7
"144",1238,5313410645,2554,3,1.5,1.76,3.2,7
"145",1196,5313410645,2555,1,2.25,2.02,3.09,7
"146",1264,5313410645,2555,1,2.25,2.02,3.2,7
"147",1185,5313410645,2555,2,2.73,2.24,3.09,7
"148",1253,5313410645,2555,2,2.73,2.24,3.2,7
"149",1189,5313410645,2556,1,3.25,2.42,3.09,7
"150",1257,5313410645,2556,1,3.25,2.42,3.2,7
"151",1187,5313410645,2556,2,2.79,2.58,3.09,7
"152",1255,5313410645,2556,2,2.79,2.58,3.2,7
"153",1373,5313403837,2553,1,2.75,2.75,2.64,6
"154",1351,5313403837,2553,2,2.42,2.59,2.64,6
"155",1363,5313403837,2554,1,1.74,2.31,2.64,6
"156",1325,5313403837,2554,2,1.88,2.19,2.64,6
"157",1343,5313403837,2554,3,2,2.18,2.64,6
"158",1333,5313403837,2555,1,2.3,2.37,2.64,6
"159",1301,5313403837,2555,2,1.5,2.28,2.64,6
"160",1307,5313403837,2556,1,2.22,2.33,2.64,6
"161",1315,5313403837,2556,2,2.19,2.36,2.64,6
"162",1311,5313403837,2556,3,0,2.31,2.64,6
"163",1445,5313400776,2553,1,0.78,0.78,2.86,6
"164",1457,5313401288,2553,1,3.79,3.79,3.4,7
"165",1449,5313401288,2553,2,3.58,3.67,3.4,7
"166",1465,5313401288,2554,1,3.7,3.68,3.4,7
"167",1459,5313401288,2554,2,3.45,3.62,3.4,7
"168",1461,5313401288,2555,1,3.79,3.66,3.4,7
"169",1450,5313401288,2555,2,3.5,3.63,3.4,7
"170",1455,5313401288,2556,1,3.55,3.62,3.4,7
"171",1518,5313404809,2553,1,2.79,2.79,3.61,8
"172",1524,5313404809,2553,2,2.98,2.9,3.61,8
"173",1517,5313404809,2554,1,3.36,3.06,3.61,8
"174",1511,5313404809,2554,2,3.61,3.21,3.61,8
"175",1510,5313404809,2555,1,3.1,3.19,3.61,8
"176",1505,5313404809,2555,2,3.29,3.21,3.61,8
"177",1596,5313406686,2553,1,1.95,1.95,2.79,6
"178",1583,5313406686,2553,2,2.2,2.07,2.79,6
"179",1565,5313406686,2554,1,1.64,1.92,2.79,6
"180",1562,5313406686,2554,2,2.15,1.98,2.79,6
"181",1557,5313406686,2554,3,2.5,2.1,2.79,6
"182",1561,5313406686,2555,1,2.12,2.1,2.79,6
"183",1571,5313406686,2555,2,2.42,2.16,2.79,6
"184",1577,5313406686,2556,1,2.82,2.35,2.79,6
"185",1686,5313400567,2553,1,2.32,2.32,3.78,8
"186",1707,5313400567,2553,2,2.3,2.31,3.78,8
"187",1703,5313400567,2554,1,1.73,2.1,3.78,8
"188",1695,5313400567,2554,2,2.07,2.19,3.78,8
"189",1688,5313400567,2554,3,3,2.25,3.78,8
"190",1690,5313400567,2555,1,2.78,2.36,3.78,8
"191",1687,5313400567,2555,2,2.3,2.35,3.78,8
"192",1685,5313400567,2556,1,2.89,2.42,3.78,8
"193",1693,5313400567,2556,2,2.2,2.45,3.78,8
"194",1823,5313400622,2553,1,0.92,0.92,2.72,6
"195",1821,5313400622,2553,2,0.62,0.88,2.72,6
"196",1857,5313400627,2553,1,2.62,2.62,2.55,6
"197",1853,5313400627,2553,2,1.48,2.05,2.55,6
"198",1871,5313400627,2553,3,1.25,2.08,2.55,6
"199",1877,5313400627,2554,1,0.63,1.75,2.55,6
"200",1855,5313400627,2554,2,1.3,1.82,2.55,6
"201",1939,5313400673,2553,1,1.95,1.95,3.28,7
"202",1943,5313400673,2553,2,2.43,2.2,3.28,7
"203",1920,5313400673,2553,3,1.75,2.29,3.28,7
"204",1934,5313400673,2554,1,2,2.21,3.28,7
"205",1928,5313400673,2554,2,2,2.17,3.28,7
"206",1923,5313400673,2554,3,2.75,2.3,3.28,7
"207",1921,5313400673,2555,1,2.26,2.29,3.28,7
"208",1917,5313400673,2555,2,2.24,2.28,3.28,7
"209",1918,5313400673,2556,1,2.37,2.35,3.28,7
"210",2085,5313400699,2553,1,2.92,2.92,3.13,7
"211",2082,5313400699,2553,2,2.86,2.89,3.13,7
"212",2061,5313400699,2553,3,2,2.82,3.13,7
"213",2095,5313400699,2554,1,2.1,2.57,3.13,7
"214",2072,5313400699,2554,2,2.23,2.48,3.13,7
"215",2067,5313400699,2554,3,2.25,2.47,3.13,7
"216",2065,5313400699,2555,1,2.2,2.42,3.13,7
"217",2062,5313400699,2555,2,1.39,2.27,3.13,7
"218",2063,5313400699,2556,1,2.42,2.37,3.13,7
"219",2133,5313404412,2553,1,1.03,1.03,2.65,6
"220",2135,5313404412,2553,2,1.39,1.31,2.65,6
"221",2139,5313404412,2553,3,0,1.2,2.65,6
"222",2162,5313400728,2553,1,2.67,2.67,3.32,7
"223",2157,5313400728,2553,2,3.05,2.89,3.32,7
"224",2158,5313400728,2553,3,2.5,2.86,3.32,7
"225",2163,5313400728,2554,1,2.5,2.73,3.32,7
"226",2188,5313400728,2554,2,3,2.8,3.32,7
"227",2171,5313400728,2554,3,2,2.78,3.32,7
"228",2179,5313400728,2555,1,2.09,2.63,3.32,7
"229",2176,5313400728,2555,2,3.06,2.7,3.32,7
"230",2169,5313400728,2556,1,3.29,2.78,3.32,7
"231",2237,5313400713,2553,1,2.53,2.53,2.56,6
"232",2245,5313400713,2553,2,2.86,2.67,2.56,6
"233",2253,5313400713,2554,1,2,2.41,2.56,6
"234",2231,5313400713,2554,2,2.15,2.34,2.56,6
"235",2229,5313400713,2554,3,2,2.42,2.56,6
"236",2261,5313400713,2555,1,2.09,2.34,2.56,6
"237",2259,5313400713,2555,2,2.73,2.4,2.56,6
"238",2295,5313400713,2556,1,2.79,2.52,2.56,6
"239",2233,5313400713,2556,2,2.34,2.55,2.56,6
"240",2389,5313400735,2553,1,2.32,2.32,2.93,6
"241",2385,5313400735,2553,2,2.42,2.37,2.93,6
"242",2373,5313400735,2554,1,1.8,2.21,2.93,6
"243",2379,5313400735,2554,2,2.5,2.28,2.93,6
"244",2365,5313400735,2554,3,2,2.25,2.93,6
"245",2368,5313400735,2555,1,1.96,2.19,2.93,6
"246",2374,5313400735,2555,2,2.46,2.23,2.93,6
"247",2427,5313406904,2553,1,1.84,1.84,1.57,4
"248",2425,5313406904,2553,2,1.92,2.05,1.57,4
"249",2433,5313406904,2554,1,0,2.05,1.57,4
"250",2448,5313404489,2553,1,0.27,0.27,2.57,6
"251",2445,5313404489,2553,2,0,0.14,2.57,6
"252",2462,5313404534,2553,1,1.87,1.87,3.16,7
"253",2464,5313404534,2553,2,2,2.1,3.16,7
"254",2461,5313404534,2554,1,0.83,1.74,3.16,7
"255",2467,5313404534,2554,2,2.34,1.93,3.16,7
"256",2497,5313400803,2553,1,2.22,2.22,3.3,7
"257",2493,5313400803,2553,2,1.95,2.08,3.3,7
"258",2498,5313400803,2554,1,1.66,2.04,3.3,7
"259",2494,5313400803,2554,2,2.6,2.18,3.3,7
"260",2508,5313400803,2554,3,2.25,2.19,3.3,7
"261",2507,5313400803,2555,1,1.84,2.11,3.3,7
"262",2512,5313400803,2555,2,2.53,2.19,3.3,7
"263",2510,5313400803,2556,1,2.83,2.33,3.3,7
"264",2571,5313400831,2553,1,1.97,1.97,3.31,7
"265",2581,5313400831,2553,2,2.69,2.35,3.31,7
"266",2576,5313400831,2554,1,1.97,2.4,3.31,7
"267",2587,5313400831,2554,2,1.27,2.17,3.31,7
"268",2591,5313400831,2554,3,1.75,2.13,3.31,7
"269",2561,5313400831,2555,1,0.86,2.01,3.31,7
"270",2557,5313400831,2555,2,1,1.97,3.31,7
"271",2563,5313400831,2556,1,1.09,1.94,3.31,7
"272",2567,5313400831,2556,2,1.58,1.89,3.31,7
"273",2569,5313400831,2556,3,0.34,1.87,3.31,7
"274",2630,5313404563,2553,1,2.29,2.29,3.34,7
"275",2631,5313404563,2553,2,2.25,2.27,3.34,7
"276",2629,5313404563,2554,1,2.08,2.2,3.34,7
"277",2649,5313404563,2554,2,2.63,2.31,3.34,7
"278",2634,5313404563,2554,3,2.75,2.34,3.34,7
"279",2639,5313404563,2555,1,2.5,2.38,3.34,7
"280",2635,5313404563,2555,2,3.18,2.5,3.34,7
"281",2694,5313400897,2553,1,2.42,2.42,3.47,7
"282",2709,5313400897,2553,2,1.78,2.09,3.47,7
"283",2703,5313400897,2554,1,1.69,1.96,3.47,7
"284",2713,5313400897,2554,2,2.53,2.21,3.47,7
"285",2715,5313400897,2554,3,3.17,2.33,3.47,7
"286",2692,5313400897,2555,1,2.68,2.39,3.47,7
"287",2689,5313400897,2555,2,2.16,2.34,3.47,7
"288",2705,5313400897,2556,1,1.62,2.25,3.47,7
"289",2700,5313400897,2556,2,1.79,2.24,3.47,7
"290",2808,5313400866,2553,1,2.16,2.16,2.85,6
"291",2778,5313400866,2553,2,2.43,2.52,2.85,6
"292",2799,5313400866,2553,3,1,2.39,2.85,6
"293",2793,5313400866,2554,1,1.66,2.17,2.85,6
"294",2760,5313400866,2554,2,1.89,2.17,2.85,6
"295",2757,5313400866,2554,3,2,2.25,2.85,6
"296",2781,5313400866,2555,1,1.78,2.21,2.85,6
"297",2886,5313400866,2555,2,1.76,2.24,2.85,6
"298",2880,5313400866,2556,1,1.39,2.23,2.85,6
"299",2874,5313400866,2556,2,0.2,2.1,2.85,6
"300",2829,5313400866,2556,3,1.75,2.13,2.85,6
"301",2859,5313400866,2557,1,1.7,2.13,2.85,6
"302",2820,5313400866,2557,2,1,2.12,2.85,6
"303",2838,5313400866,2557,3,0,2.08,2.85,6
"304",3080,5313404605,2553,1,3.03,3.03,2.99,6
"305",3075,5313404605,2553,2,3.28,3.16,2.99,6
"306",3071,5313404605,2554,1,2.03,2.75,2.99,6
"307",3069,5313404605,2554,2,2.07,2.56,2.99,6
"308",3084,5313404605,2555,1,2.08,2.47,2.99,6
"309",3079,5313404605,2555,2,2.25,2.43,2.99,6
"310",3088,5313404605,2556,1,3.18,2.53,2.99,6
"311",3147,5313400881,2553,1,2.97,2.97,3.61,8
"312",3138,5313400881,2553,2,3.27,3.13,3.61,8
"313",3135,5313400881,2554,1,1.85,2.66,3.61,8
"314",3130,5313400881,2554,2,2.39,2.59,3.61,8
"315",3126,5313400881,2554,3,1,2.63,3.61,8
"316",3125,5313400881,2555,1,1.88,2.49,3.61,8
"317",3160,5313400881,2555,2,1.4,2.25,3.61,8
"318",3158,5313400881,2556,1,1.12,2.12,3.61,8
"319",3145,5313400881,2556,2,1.29,2.13,3.61,8
"320",3146,5313400881,2556,3,1,2.15,3.61,8
"321",3141,5313400881,2557,1,1.1,2.13,3.61,8
"322",3148,5313400881,2557,2,1.38,2.24,3.61,8
"323",3224,5313400888,2553,1,2.88,2.88,3.11,7
"324",3214,5313400888,2553,2,3.09,2.99,3.11,7
"325",3215,5313400888,2553,3,4,3.07,3.11,7
"326",3213,5313400888,2554,1,3,3.05,3.11,7
"327",3225,5313400888,2554,2,3.45,3.15,3.11,7
"328",3237,5313400888,2554,3,2.5,3.1,3.11,7
"329",3233,5313400888,2555,1,3.66,3.22,3.11,7
"330",3226,5313400888,2555,2,3.53,3.27,3.11,7
"331",3290,5313400921,2553,1,2,2,2.84,6
"332",3282,5313400921,2553,2,2.85,2.44,2.84,6
"333",3281,5313400921,2554,1,0.5,1.88,2.84,6
"334",3283,5313400921,2554,2,1.19,1.7,2.84,6
"335",3313,5313400926,2553,1,2,2,2.95,6
"336",3320,5313400926,2553,2,2.34,2.17,2.95,6
"337",3316,5313400926,2554,1,2.32,2.22,2.95,6
"338",3314,5313400926,2554,2,2.21,2.22,2.95,6
"339",3337,5313400926,2554,3,2.5,2.25,2.95,6
"340",3329,5313400926,2555,1,2.43,2.36,2.95,6
"341",3344,5313400926,2555,2,2.18,2.32,2.95,6
"342",3349,5313400926,2556,1,2.85,2.43,2.95,6
"343",3389,5313400963,2553,1,2.5,2.5,3.42,7
"344",3396,5313400963,2553,2,2.64,2.57,3.42,7
"345",3392,5313400963,2554,1,2.3,2.47,3.42,7
"346",3377,5313400963,2554,2,2.08,2.36,3.42,7
"347",3383,5313400963,2555,1,2.78,2.47,3.42,7
"348",3378,5313400963,2555,2,2.48,2.47,3.42,7
"349",3405,5313400963,2556,1,4,2.57,3.42,7
"350",3436,5313400978,2553,1,0.97,0.97,2.61,6
"351",3433,5313400978,2553,2,1.18,1.19,2.61,6
"352",3454,5313400978,2553,3,0,1.19,2.61,6
"353",3549,5313400985,2553,1,2.29,2.29,2.78,6
"354",3521,5313400985,2553,2,2.8,2.55,2.78,6
"355",3506,5313400985,2553,3,2.75,2.58,2.78,6
"356",3515,5313400985,2554,1,2.55,2.71,2.78,6
"357",3507,5313400985,2554,2,2.16,2.55,2.78,6
"358",3508,5313400985,2554,3,2.25,2.62,2.78,6
"359",3505,5313400985,2555,1,2.9,2.68,2.78,6
"360",3541,5313400985,2555,2,1.8,2.55,2.78,6
"361",3546,5313400985,2556,1,2.75,2.64,2.78,6
"362",3578,5313400994,2553,1,2.83,2.83,3.41,7
"363",3577,5313400994,2553,2,2.27,2.57,3.41,7
"364",3584,5313400994,2554,1,2.65,2.6,3.41,7
"365",3585,5313400994,2554,2,2.84,2.67,3.41,7
"366",3586,5313400994,2555,1,1.79,2.49,3.41,7
"367",3596,5313400994,2555,2,2.76,2.55,3.41,7
"368",3599,5313400994,2556,1,3.21,2.64,3.41,7
"369",3648,5313401072,2553,1,2.84,2.84,3.7,8
"370",3652,5313401072,2553,2,3.12,2.98,3.7,8
"371",3656,5313401072,2554,1,2.35,2.76,3.7,8
"372",3634,5313401072,2554,2,2.41,2.66,3.7,8
"373",3635,5313401072,2554,3,3.75,2.74,3.7,8
"374",3633,5313401072,2555,1,2.83,2.76,3.7,8
"375",3641,5313401072,2555,2,2.23,2.67,3.7,8
"376",3657,5313401072,2556,1,2.82,2.69,3.7,8
"377",3665,5313401104,2553,1,2.25,2.25,2.54,6
"378",3671,5313401104,2553,2,2.89,2.57,2.54,6
"379",3667,5313401104,2554,1,1.97,2.39,2.54,6
"380",3666,5313401104,2554,2,1.35,2.1,2.54,6
"381",3689,5313401104,2554,3,1.67,2.13,2.54,6
"382",3676,5313401104,2555,1,0.95,1.95,2.54,6
"383",3680,5313401104,2555,2,0,1.66,2.54,6
"384",3737,5313401117,2553,1,2.44,2.44,2.75,6
"385",3733,5313401117,2553,2,2.27,2.35,2.75,6
"386",3727,5313401117,2554,1,2.85,2.53,2.75,6
"387",3725,5313401117,2554,2,2.66,2.57,2.75,6
"388",3738,5313401117,2554,3,3.75,2.66,2.75,6
"389",3741,5313401117,2555,1,2.8,2.69,2.75,6
"390",3744,5313401117,2555,2,2.65,2.69,2.75,6
"391",3743,5313401117,2556,1,2.95,2.73,2.75,6
"392",3798,5313401139,2553,1,3.12,3.12,3.2,7
"393",3793,5313401139,2553,2,3.34,3.23,3.2,7
"394",3789,5313401139,2554,1,3.65,3.38,3.2,7
"395",3797,5313401139,2554,2,3.5,3.41,3.2,7
"396",3805,5313401139,2555,1,2.64,3.25,3.2,7
"397",3799,5313401139,2555,2,3.05,3.21,3.2,7
"398",3811,5313401139,2556,1,3.35,3.23,3.2,7
"399",3862,5313401163,2553,1,2.48,2.48,2.82,6
"400",3859,5313401163,2553,2,2.45,2.46,2.82,6
"401",3861,5313401163,2554,1,1.5,2.18,2.82,6
"402",3872,5313401163,2554,2,1.09,1.91,2.82,6
"403",3858,5313401163,2554,3,2,2,2.82,6
"404",3845,5313401163,2555,1,2.19,2.26,2.82,6
"405",3848,5313401163,2555,2,1.93,2.19,2.82,6
"406",3856,5313401163,2556,1,1.66,2.1,2.82,6
"407",3847,5313401163,2556,2,2.15,2.15,2.82,6
"408",3913,5313401185,2553,1,0.82,0.82,3.14,7
"409",3914,5313401185,2553,2,3.1,1.3,3.14,7
"410",3916,5313401185,2553,3,3.75,1.79,3.14,7
"411",3937,5313401194,2553,1,1.97,1.97,3.28,7
"412",3940,5313401194,2553,2,2.77,2.43,3.28,7
"413",3938,5313401194,2554,1,0.16,1.83,3.28,7
"414",3946,5313401194,2554,2,1.5,1.81,3.28,7
"415",4001,5313401218,2553,1,2.47,2.47,3.48,7
"416",3991,5313401218,2553,2,2.87,2.68,3.48,7
"417",3979,5313401218,2553,3,4,2.79,3.48,7
"418",3969,5313401218,2554,1,1.5,2.47,3.48,7
"419",3975,5313401218,2554,2,0.5,2.33,3.48,7
"420",4027,5313401218,2554,3,2.25,2.32,3.48,7
"421",4009,5313401218,2555,1,1,2.17,3.48,7
"422",3999,5313401218,2555,2,1.3,2.14,3.48,7
"423",4017,5313401218,2556,1,0,2.09,3.48,7
"424",4013,5313401218,2556,2,0,1.83,3.48,7
"425",4130,5313401223,2553,1,2.13,2.13,3.12,7
"426",4121,5313401223,2553,2,2.35,2.25,3.12,7
"427",4127,5313401223,2553,3,3.5,2.35,3.12,7
"428",4123,5313401223,2554,1,2.84,2.5,3.12,7
"429",4122,5313401223,2554,2,3.3,2.69,3.12,7
"430",4148,5313401223,2554,3,3.75,2.77,3.12,7
"431",4134,5313401223,2555,1,2.82,2.78,3.12,7
"432",4140,5313401223,2555,2,3.18,2.86,3.12,7
"433",4189,5313407354,2553,1,2.28,2.28,2.87,6
"434",4191,5313407354,2553,2,2.03,2.16,2.87,6
"435",4195,5313407354,2553,3,2,2.32,2.87,6
"436",4199,5313407354,2554,1,1.47,2.06,2.87,6
"437",4220,5313401253,2553,1,1.95,1.95,3.3,7
"438",4219,5313401253,2553,2,1.6,1.78,3.3,7
"439",4225,5313401253,2554,1,2.29,2.09,3.3,7
"440",4218,5313401253,2554,2,1.8,2.03,3.3,7
"441",4233,5313401253,2555,1,2.11,2.05,3.3,7
"442",4217,5313401253,2555,2,2.75,2.2,3.3,7
"443",4239,5313401253,2556,1,3.32,2.45,3.3,7
"444",4275,5313401321,2553,1,2.25,2.25,2.93,6
"445",4277,5313401321,2553,2,2.64,2.45,2.93,6
"446",4273,5313401321,2553,3,1,2.53,2.93,6
"447",4283,5313401321,2554,1,1.64,2.22,2.93,6
"448",4274,5313401321,2554,2,0.69,1.8,2.93,6
"449",4289,5313401321,2555,1,0,1.61,2.93,6
"450",4333,5313401326,2553,1,1.88,1.88,2.65,6
"451",4325,5313401326,2553,2,1.79,1.84,2.65,6
"452",4319,5313401326,2553,3,2.75,2.17,2.65,6
"453",4320,5313401326,2554,1,2.23,2.19,2.65,6
"454",4324,5313401326,2554,2,2.69,2.31,2.65,6
"455",4348,5313401326,2554,3,2.17,2.29,2.65,6
"456",4338,5313401326,2555,1,2.25,2.28,2.65,6
"457",4343,5313401326,2555,2,2.37,2.42,2.65,6
"458",4341,5313401326,2556,1,3.33,2.6,2.65,6
"459",4340,5313401326,2556,2,2.5,2.6,2.65,6
"460",4404,5313404872,2553,1,2.11,2.11,3.29,7
"461",4400,5313404872,2553,2,2.07,2.32,3.29,7
"462",4395,5313404872,2553,3,2,2.26,3.29,7
"463",4397,5313404872,2554,1,1.42,1.96,3.29,7
"464",4401,5313404872,2554,2,2.1,2,3.29,7
"465",4422,5313404872,2555,1,1.23,1.81,3.29,7
"466",4409,5313404872,2555,2,2.72,2.04,3.29,7
"467",4417,5313404872,2556,1,2.71,2.15,3.29,7
"468",4413,5313404872,2556,2,2.5,2.2,3.29,7
"469",4491,5313404877,2553,1,1.98,1.98,2.29,5
"470",4483,5313404877,2553,2,1.9,1.94,2.29,5
"471",4463,5313404877,2553,3,2.75,2.07,2.29,5
"472",4469,5313404877,2554,1,2.7,2.24,2.29,5
"473",4465,5313404877,2554,2,2.63,2.35,2.29,5
"474",4495,5313404877,2554,3,0,2.26,2.29,5
"475",4525,5313404877,2555,1,1.75,2.21,2.29,5
"476",4501,5313404877,2555,2,1.93,2.21,2.29,5
"477",4511,5313404877,2556,1,2,2.22,2.29,5
"478",4509,5313404877,2556,2,2.95,2.41,2.29,5
"479",4497,5313404877,2556,3,1.5,2.39,2.29,5
"480",4633,5313407486,2553,1,2.5,2.5,3.08,7
"481",4623,5313407486,2553,2,2.06,2.28,3.08,7
"482",4625,5313407486,2554,1,2.28,2.4,3.08,7
"483",4624,5313407486,2554,2,2.35,2.49,3.08,7
"484",4631,5313407486,2555,1,2.9,2.68,3.08,7
"485",4643,5313407486,2555,2,2.95,2.74,3.08,7
"486",4648,5313407486,2556,1,3.33,2.82,3.08,7
"487",4629,5313407486,2556,2,1.25,2.76,3.08,7
"488",4683,5313401376,2553,1,0.58,0.58,2.57,6
"489",4685,5313401376,2553,2,1.36,1.14,2.57,6
"490",4708,5313404893,2553,1,2.25,2.25,3.17,7
"491",4699,5313404893,2553,2,2.28,2.27,3.17,7
"492",4703,5313404893,2554,1,2.04,2.2,3.17,7
"493",4700,5313404893,2554,2,1.64,2.05,3.17,7
"494",4716,5313404893,2554,3,2.25,2.15,3.17,7
"495",4725,5313404893,2555,1,2.15,2.15,3.17,7
"496",4712,5313404893,2555,2,2.15,2.21,3.17,7
"497",4719,5313404893,2556,1,2.35,2.23,3.17,7
"498",4718,5313404893,2556,2,2.64,2.28,3.17,7
"499",4768,5313404904,2553,1,2.36,2.36,3.28,7
"500",4767,5313404904,2553,2,2.5,2.43,3.28,7
"501",4769,5313404904,2553,3,2.75,2.48,3.28,7
"502",4781,5313401416,2553,1,2.06,2.06,3.15,7
"503",4779,5313401416,2553,2,1.92,1.99,3.15,7
"504",4801,5313401402,2553,1,2.22,2.22,3.4,7
"505",4797,5313401402,2553,2,2.15,2.18,3.4,7
"506",4795,5313401402,2554,1,2.43,2.28,3.4,7
"507",4805,5313401402,2554,2,3.03,2.47,3.4,7
"508",4809,5313401402,2554,3,2.75,2.59,3.4,7
"509",4811,5313401402,2555,1,3.02,2.69,3.4,7
"510",4806,5313401402,2555,2,3.12,2.77,3.4,7
"511",4897,5313401383,2554,1,1.17,2.01,2.62,6
"512",4893,5313401383,2554,2,1.67,2.01,2.62,6
"513",4881,5313401383,2554,3,1.5,2.05,2.62,6
"514",4857,5313401383,2555,1,1.62,2.02,2.62,6
"515",4865,5313401383,2555,2,2.75,2.17,2.62,6
"516",4855,5313401383,2556,1,2.82,2.33,2.62,6
"517",4861,5313401383,2556,2,1.7,2.27,2.62,6
"518",4859,5313401383,2556,3,2,2.31,2.62,6
"519",4955,5313401455,2553,1,2.14,2.14,2.75,6
"520",4958,5313401455,2553,2,1.92,2.02,2.75,6
"521",4957,5313401455,2554,1,1.21,1.73,2.75,6
"522",4956,5313401455,2554,2,1.5,1.67,2.75,6
"523",5001,5313401468,2553,1,2.8,2.8,3.82,8
"524",4988,5313401468,2553,2,2.71,2.75,3.82,8
"525",4989,5313401468,2554,1,2,2.47,3.82,8
"526",4987,5313401468,2554,2,2.16,2.39,3.82,8
"527",4996,5313401468,2554,3,4,2.51,3.82,8
"528",5005,5313401468,2555,1,2.29,2.53,3.82,8
"529",5006,5313401468,2555,2,2.64,2.55,3.82,8
"530",5003,5313401468,2556,1,2.68,2.57,3.82,8
"531",5051,5313401473,2553,1,2.06,2.06,2.95,6
"532",5057,5313401473,2553,2,2.58,2.34,2.95,6
"533",5061,5313401473,2554,1,2.07,2.26,2.95,6
"534",5065,5313401473,2554,2,1.93,2.17,2.95,6
"535",5053,5313401473,2554,3,3.25,2.25,2.95,6
"536",5052,5313401473,2555,1,2.7,2.34,2.95,6
"537",5068,5313401473,2555,2,2.69,2.4,2.95,6
"538",5071,5313401473,2556,1,3.03,2.49,2.95,6
"539",5193,5313401490,2553,1,2.44,2.44,3.05,7
"540",5203,5313401490,2553,2,2.65,2.56,3.05,7
"541",5197,5313401490,2553,3,2,2.48,3.05,7
"542",5210,5313401490,2554,1,2.08,2.35,3.05,7
"543",5183,5313401490,2554,2,2.13,2.31,3.05,7
"544",5179,5313401490,2554,3,1.5,2.34,3.05,7
"545",5182,5313401490,2555,1,1.9,2.3,3.05,7
"546",5189,5313401490,2555,2,2.69,2.37,3.05,7
"547",5195,5313401490,2556,1,2.4,2.37,3.05,7
"548",5232,5313401490,2556,2,1.09,2.27,3.05,7
"549",5234,5313401490,2556,3,0,2.27,3.05,7
"550",5276,5313401510,2553,1,2.61,2.61,2.56,6
"551",5275,5313401510,2553,2,2.33,2.47,2.56,6
"552",5284,5313401510,2554,1,2.29,2.4,2.56,6
"553",5260,5313401510,2554,2,2.09,2.33,2.56,6
"554",5270,5313401510,2554,3,1.5,2.39,2.56,6
"555",5259,5313401510,2555,1,1.96,2.29,2.56,6
"556",5262,5313401510,2555,2,2.84,2.45,2.56,6
"557",5274,5313401510,2556,1,2.96,2.53,2.56,6
"558",5326,5313401544,2553,1,3.37,3.37,3.69,8
"559",5328,5313401544,2553,2,3.34,3.35,3.69,8
"560",5332,5313401544,2554,1,2.4,3.02,3.69,8
"561",5324,5313401544,2554,2,1.62,2.69,3.69,8
"562",5323,5313401544,2555,1,2.89,2.83,3.69,8
"563",5345,5313401544,2555,2,2.42,2.74,3.69,8
"564",5350,5313401544,2556,1,2.69,2.74,3.69,8
"565",5325,5313401544,2556,2,2.1,2.73,3.69,8
"566",5384,5313401555,2553,1,2.59,2.59,3.47,7
"567",5385,5313401555,2553,2,2.14,2.37,3.47,7
"568",5389,5313401555,2554,1,2.13,2.29,3.47,7
"569",5383,5313401555,2554,2,2.29,2.29,3.47,7
"570",5397,5313401555,2555,1,1.75,2.26,3.47,7
"571",5402,5313401555,2555,2,2.61,2.32,3.47,7
"572",5407,5313401555,2556,1,1.71,2.26,3.47,7
"573",5394,5313401555,2556,2,0.66,2.15,3.47,7
"574",5396,5313401555,2556,3,1.75,2.13,3.47,7
"575",5425,5313401555,2557,1,1.13,2.14,3.47,7
"576",5429,5313401555,2557,2,1.84,2.1,3.47,7
"577",5433,5313401555,2557,3,2,2.14,3.47,7
"578",5471,5313401573,2553,1,1.67,1.67,2.62,6
"579",5473,5313401573,2553,2,2.39,2.03,2.62,6
"580",5493,5313401573,2553,3,2,2.03,2.62,6
"581",5486,5313401573,2554,1,0.97,1.72,2.62,6
"582",5474,5313401573,2554,2,1.56,1.75,2.62,6
"583",5482,5313401573,2554,3,0,1.62,2.62,6
"584",5478,5313401573,2555,1,0,1.62,2.62,6
"585",5596,5313401590,2553,1,1.84,1.84,3.62,8
"586",5593,5313401590,2553,2,2.53,2.39,3.62,8
"587",5603,5313401590,2553,3,1.5,2.26,3.62,8
"588",5579,5313401590,2554,1,0.75,1.77,3.62,8
"589",5581,5313401590,2554,2,1,1.71,3.62,8
"590",5580,5313401590,2554,3,3,1.81,3.62,8
"591",5588,5313401590,2555,1,0,1.81,3.62,8
"592",5609,5313401590,2555,2,3.63,2.06,3.62,8
"593",5628,5313401590,2555,3,1.5,2.16,3.62,8
"594",5624,5313401590,2556,1,1.35,2.07,3.62,8
"595",5634,5313401590,2556,2,1.66,2.05,3.62,8
"596",5635,5313401590,2556,3,1,2.05,3.62,8
"597",5760,5313407698,2553,1,0.96,0.96,3.43,7
"598",5759,5313407698,2553,2,0.5,0.72,3.43,7
"599",5774,5313407792,2553,1,1.89,1.89,2.93,6
"600",5783,5313407792,2553,2,2.37,2.08,2.93,6
"601",5795,5313407792,2554,1,2.22,2.13,2.93,6
"602",5771,5313407792,2554,2,1.69,2,2.93,6
"603",5867,5313407801,2553,1,2.5,2.5,2.86,6
"604",5868,5313407801,2553,2,1.1,1.77,2.86,6
"605",5874,5313407801,2554,1,2.15,1.93,2.86,6
"606",5880,5313407801,2554,2,1.9,2.05,2.86,6
"607",5875,5313407801,2554,3,1.25,2.08,2.86,6
"608",5887,5313407801,2556,1,1.73,2.18,2.86,6
"609",5891,5313407801,2556,2,1.58,2.18,2.86,6
"610",5882,5313407801,2556,3,0.75,2.16,2.86,6
"611",5918,5313401645,2553,1,2.3,2.3,3.49,7
"612",5919,5313401645,2553,2,2.15,2.22,3.49,7
"613",5953,5313401645,2553,3,2,2.19,3.49,7
"614",5940,5313401645,2554,1,2.25,2.2,3.49,7
"615",5937,5313401645,2554,2,2,2.15,3.49,7
"616",5922,5313401645,2555,1,2.28,2.18,3.49,7
"617",5927,5313401645,2555,2,1.74,2.18,3.49,7
"618",5913,5313401645,2556,1,2.22,2.24,3.49,7
"619",5914,5313401645,2556,2,2.29,2.26,3.49,7
"620",5916,5313401645,2557,1,2.3,2.27,3.49,7
"621",6063,5313401635,2554,1,3.27,3.27,3.31,7
"622",6068,5313401635,2554,2,2.91,3.16,3.31,7
"623",6057,5313401635,2555,1,3.3,3.19,3.31,7
"624",6058,5313401635,2555,2,2.73,3.11,3.31,7
"625",6062,5313401635,2556,1,3.08,3.11,3.31,7
"626",6093,5313401691,2554,1,0,1.43,3.45,7
"627",6105,5313401736,2553,1,2.89,2.89,3.29,7
"628",6101,5313401736,2553,2,2.93,2.91,3.29,7
"629",6099,5313401736,2554,1,2.71,2.85,3.29,7
"630",6102,5313401736,2554,2,2.19,2.67,3.29,7
"631",6113,5313401736,2555,1,2.48,2.64,3.29,7
"632",6108,5313401736,2555,2,1.8,2.5,3.29,7
"633",6120,5313401736,2556,1,2.6,2.51,3.29,7
"634",6155,5313407948,2555,1,1.94,2.11,2.64,6
"635",6163,5313407948,2555,1,1.94,2.11,2.61,6
"636",6156,5313407948,2555,2,2.22,2.13,2.64,6
"637",6164,5313407948,2555,2,2.22,2.13,2.61,6
"638",6171,5313401759,2554,1,2.85,2.44,2.74,6
"639",6174,5313401759,2554,2,2.69,2.51,2.74,6
"640",6175,5313401759,2554,3,2.25,2.59,2.74,6
"641",6173,5313401759,2555,1,2.7,2.61,2.74,6
"642",6180,5313401759,2555,2,2.6,2.61,2.74,6
"643",6172,5313401759,2556,1,2.83,2.64,2.74,6
"644",6227,5313405145,2553,1,2.48,2.48,3.18,7
"645",6219,5313405145,2553,2,2.89,2.68,3.18,7
"646",6207,5313405145,2553,3,2.5,2.66,3.18,7
"647",6209,5313405145,2554,1,2.15,2.5,3.18,7
"648",6217,5313405145,2554,2,2.2,2.42,3.18,7
"649",6267,5313405145,2554,3,1.5,2.48,3.18,7
"650",6237,5313405145,2555,1,1.98,2.38,3.18,7
"651",6247,5313405145,2555,2,1.83,2.3,3.18,7
"652",6245,5313405145,2556,1,2.42,2.36,3.18,7
"653",6507,5313401772,2553,1,2.5,2.5,2.98,6
"654",6503,5313401772,2553,2,2.7,2.6,2.98,6
"655",6495,5313401772,2554,1,2,2.38,2.98,6
"656",6499,5313401772,2554,2,2.25,2.39,2.98,6
"657",6508,5313401772,2554,3,1.5,2.41,2.98,6
"658",6522,5313401772,2555,1,1.88,2.35,2.98,6
"659",6510,5313401772,2555,2,2.59,2.4,2.98,6
"660",6517,5313401772,2556,1,2.64,2.48,2.98,6
"661",6515,5313401772,2556,2,1.8,2.46,2.98,6
"662",6498,5313401772,2556,3,1,2.45,2.98,6
"663",6575,5313401793,2553,1,3.16,3.16,3.61,8
"664",6569,5313401793,2553,2,3.03,3.09,3.61,8
"665",6570,5313401793,2554,1,2.74,2.98,3.61,8
"666",6567,5313401793,2554,2,3.05,3.12,3.61,8
"667",6593,5313401793,2554,3,2,3.07,3.61,8
"668",6582,5313401793,2555,1,3.24,3.1,3.61,8
"669",6579,5313401793,2555,2,3.4,3.15,3.61,8
"670",6585,5313401793,2556,1,3.35,3.18,3.61,8
"671",6631,5313401817,2553,1,2.92,2.92,3.18,7
"672",6637,5313401817,2553,2,3.28,3.1,3.18,7
"673",6633,5313401817,2554,1,2.66,2.95,3.18,7
"674",6632,5313401817,2554,2,2.55,2.84,3.18,7
"675",6651,5313401817,2555,1,2.68,2.81,3.18,7
"676",6642,5313401817,2555,2,3.19,2.87,3.18,7
"677",6648,5313401817,2556,1,3.29,2.92,3.18,7
"678",6646,5313401817,2556,2,3.3,2.96,3.18,7
"679",6703,5313401839,2553,1,2.14,2.14,2.89,6
"680",6700,5313401839,2553,2,2.68,2.62,2.89,6
"681",6693,5313401839,2554,1,2.75,2.66,2.89,6
"682",6692,5313401839,2554,2,2.37,2.57,2.89,6
"683",6691,5313401839,2554,3,3.5,2.64,2.89,6
"684",6718,5313401839,2555,1,2.9,2.7,2.89,6
"685",6708,5313401839,2555,2,2.6,2.68,2.89,6
"686",6711,5313401839,2556,1,2.83,2.7,2.89,6
"687",6710,5313401839,2556,2,1.75,2.66,2.89,6
"688",6766,5313405191,2553,1,2.23,2.23,3.34,7
"689",6767,5313405191,2553,2,2.34,2.47,3.34,7
"690",6762,5313405191,2554,1,1.87,2.27,3.34,7
"691",6759,5313405191,2554,2,1.93,2.18,3.34,7
"692",6782,5313405191,2554,3,1,2.14,3.34,7
"693",6773,5313405191,2555,1,1.92,2.09,3.34,7
"694",6770,5313405191,2555,2,2.05,2.13,3.34,7
"695",6776,5313405191,2556,1,1.85,2.15,3.34,7
"696",6823,5313401867,2553,1,1.98,1.98,3.3,7
"697",6847,5313401867,2553,2,2.95,2.69,3.3,7
"698",6835,5313401867,2554,1,2.72,2.7,3.3,7
"699",6826,5313401867,2554,2,2.67,2.69,3.3,7
"700",6895,5313401867,2554,3,2.25,2.66,3.3,7
"701",6868,5313401867,2555,1,2.5,2.62,3.3,7
"702",6877,5313401867,2555,2,3,2.69,3.3,7
"703",6871,5313401867,2556,1,2.98,2.73,3.3,7
"704",7040,5313401882,2553,1,2.9,2.9,2.72,6
"705",7022,5313401882,2553,2,2.38,2.63,2.72,6
"706",7018,5313401882,2554,1,2.36,2.54,2.72,6
"707",7015,5313401882,2554,2,2.17,2.45,2.72,6
"708",7028,5313401882,2555,1,1.75,2.3,2.72,6
"709",7033,5313401882,2555,2,2.45,2.38,2.72,6
"710",7026,5313401882,2556,1,2.91,2.47,2.72,6
"711",7038,5313401882,2556,2,1.38,2.38,2.72,6
"712",7075,5313408071,2553,1,1.1,1.1,3.39,7
"713",7076,5313408071,2553,2,1.11,1.4,3.39,7
"714",7110,5313401889,2553,1,2.92,2.92,3.51,8
"715",7114,5313401889,2553,2,2.5,2.71,3.51,8
"716",7109,5313401889,2554,1,1.45,2.28,3.51,8
"717",7122,5313401889,2554,2,1.73,2.13,3.51,8
"718",7093,5313401889,2554,3,3,2.2,3.51,8
"719",7094,5313401889,2555,1,1.42,2.08,3.51,8
"720",7091,5313401889,2555,2,1.93,2.06,3.51,8
"721",7104,5313401889,2556,1,1.8,2.11,3.51,8
"722",7106,5313401889,2556,2,1.65,2.13,3.51,8
"723",7092,5313401889,2556,3,2,2.17,3.51,8
"724",7165,5313401909,2553,1,3.07,3.07,2.52,6
"725",7183,5313401909,2553,2,2.9,2.98,2.52,6
"726",7179,5313401909,2554,1,3.05,3,2.52,6
"727",7164,5313401909,2554,2,2.83,2.96,2.52,6
"728",7170,5313401909,2555,1,3.15,3,2.52,6
"729",7166,5313401909,2555,2,2.85,2.97,2.52,6
"730",7163,5313401909,2556,1,3.13,2.99,2.52,6
"731",7240,5313405214,2553,1,1.81,1.81,3.44,7
"732",7237,5313405214,2553,2,1.94,2.05,3.44,7
"733",7242,5313405214,2554,1,1.86,1.98,3.44,7
"734",7250,5313405214,2554,2,1.48,1.92,3.44,7
"735",7244,5313405214,2554,3,1.75,2,3.44,7
"736",7223,5313405214,2555,1,1.11,2.01,3.44,7
"737",7219,5313405214,2555,2,2.09,2.09,3.44,7
"738",7229,5313405214,2555,3,1,2.12,3.44,7
"739",7234,5313405214,2556,1,2.15,2.27,3.44,7
"740",7225,5313405214,2556,2,1.37,2.13,3.44,7
"741",7260,5313401950,2553,1,3.37,3.37,3.74,8
"742",7258,5313401950,2553,2,3.23,3.3,3.74,8
"743",7264,5313401950,2554,1,3.69,3.43,3.74,8
"744",7268,5313401950,2554,2,3.79,3.52,3.74,8
"745",7259,5313401950,2555,1,3.91,3.61,3.74,8
"746",7277,5313401950,2555,2,3.82,3.65,3.74,8
"747",7282,5313401950,2556,1,4,3.67,3.74,8
"748",7274,5313401950,2556,2,3.74,3.68,3.74,8
"749",7318,5313401961,2553,1,2.24,2.24,3.26,7
"750",7321,5313401961,2553,2,2.5,2.38,3.26,7
"751",7338,5313401961,2554,1,2.35,2.37,3.26,7
"752",7347,5313401961,2554,2,1.83,2.2,3.26,7
"753",7328,5313401961,2554,3,4,2.34,3.26,7
"754",7324,5313401961,2555,1,2.23,2.38,3.26,7
"755",7322,5313401961,2555,2,2.15,2.34,3.26,7
"756",7333,5313401961,2556,1,2.3,2.33,3.26,7
"757",7335,5313401961,2556,2,2.88,2.38,3.26,7
"758",7412,5313401964,2553,1,2.67,2.67,3.11,7
"759",7404,5313401964,2553,2,2.77,2.72,3.11,7
"760",7386,5313401964,2553,3,2,2.67,3.11,7
"761",7388,5313401964,2554,1,1.56,2.32,3.11,7
"762",7390,5313401964,2554,2,2.28,2.31,3.11,7
"763",7406,5313401964,2554,3,2,2.3,3.11,7
"764",7424,5313401964,2555,1,2.68,2.44,3.11,7
"765",7432,5313401964,2555,2,2.72,2.49,3.11,7
"766",7428,5313401964,2556,1,2.39,2.48,3.11,7
"767",7402,5313401964,2556,2,3.38,2.55,3.11,7
"768",7544,5313401979,2553,1,2.64,2.64,3.09,7
"769",7555,5313401979,2553,2,2.77,2.7,3.09,7
"770",7546,5313401979,2554,1,2.7,2.7,3.09,7
"771",7538,5313401979,2554,2,2.24,2.58,3.09,7
"772",7540,5313401979,2555,1,2.61,2.58,3.09,7
"773",7545,5313401979,2555,2,1.75,2.45,3.09,7
"774",7551,5313401979,2556,1,2.15,2.44,3.09,7
"775",7594,5313401986,2553,1,3.16,3.16,2.6,6
"776",7597,5313401986,2553,2,3,3.08,2.6,6
"777",7601,5313401986,2554,1,2.93,3.02,2.6,6
"778",7616,5313401986,2554,2,2.65,2.92,2.6,6
"779",7611,5313401986,2555,1,2.06,2.7,2.6,6
"780",7605,5313401986,2555,2,2.65,2.69,2.6,6
"781",7603,5313401986,2556,1,3.07,2.74,2.6,6
"782",7650,5313405259,2553,1,3.29,3.29,3.7,8
"783",7655,5313405259,2553,2,3.43,3.36,3.7,8
"784",7651,5313405259,2554,1,3.12,3.27,3.7,8
"785",7658,5313405259,2554,2,3.36,3.3,3.7,8
"786",7660,5313405259,2555,1,3.64,3.37,3.7,8
"787",7669,5313405259,2555,2,3.29,3.36,3.7,8
"788",7674,5313405259,2556,1,4,3.4,3.7,8
"789",7730,5313402024,2553,1,2.67,2.67,3.33,7
"790",7706,5313402024,2553,2,2.64,2.66,3.33,7
"791",7716,5313402024,2554,1,1.93,2.4,3.33,7
"792",7708,5313402024,2554,2,1.55,2.26,3.33,7
"793",7724,5313402024,2554,3,1.75,2.23,3.33,7
"794",7738,5313402024,2555,1,2.45,2.27,3.33,7
"795",7746,5313402024,2555,2,2.17,2.33,3.33,7
"796",7732,5313402024,2556,1,2.55,2.41,3.33,7
"797",7834,5313402060,2553,1,3.5,3.5,3.97,8
"798",7854,5313402060,2553,2,3.63,3.57,3.97,8
"799",7866,5313402060,2554,1,3.5,3.55,3.97,8
"800",7890,5313402060,2554,2,3.55,3.55,3.97,8
"801",7836,5313402060,2555,1,3.46,3.53,3.97,8
"802",7842,5313402060,2555,2,3.55,3.53,3.97,8
"803",7852,5313402060,2556,1,3.93,3.59,3.97,8
"804",7954,5313402105,2553,1,2.81,2.81,3.4,7
"805",7958,5313402105,2553,2,2.24,2.55,3.4,7
"806",7946,5313402105,2553,3,2,2.47,3.4,7
"807",7947,5313402105,2554,1,1.07,2.06,3.4,7
"808",7951,5313402105,2554,2,0.13,1.62,3.4,7
"809",8019,5313402094,2553,1,3.2,3.2,3.06,7
"810",8015,5313402094,2553,2,2.86,3.02,3.06,7
"811",8012,5313402094,2554,1,2.93,2.99,3.06,7
"812",8007,5313402094,2554,2,2.59,2.9,3.06,7
"813",8003,5313402094,2554,3,2,2.97,3.06,7
"814",7986,5313402094,2555,1,2.23,2.81,3.06,7
"815",7988,5313402094,2555,2,3.08,2.86,3.06,7
"816",7993,5313402094,2556,1,2.74,2.84,3.06,7
"817",8053,5313408296,2553,1,1.67,1.67,3.61,8
"818",8050,5313408296,2553,2,2.08,1.91,3.61,8
"819",8056,5313408296,2553,3,0,1.91,3.61,8
"820",8058,5313408296,2554,1,1.9,1.91,3.61,8
"821",8051,5313408296,2554,2,0.5,1.6,3.61,8
"822",8096,5313410748,2553,1,1.94,1.94,2.22,5
"823",8090,5313410748,2553,2,1.57,1.95,2.22,5
"824",8127,5313410748,2554,1,1.5,1.79,2.22,5
"825",8114,5313410748,2554,2,2.48,2.03,2.22,5
"826",8108,5313410748,2555,1,2.46,2.22,2.22,5
"827",8094,5313410748,2555,2,3.36,2.45,2.22,5
"828",8091,5313410748,2556,1,3.29,2.6,2.22,5
"829",8154,5313402123,2553,1,2.95,2.95,3.62,8
"830",8146,5313402123,2553,2,2.85,2.9,3.62,8
"831",8149,5313402123,2554,1,2.36,2.71,3.62,8
"832",8147,5313402123,2554,2,1.92,2.53,3.62,8
"833",8161,5313402123,2555,1,1.62,2.33,3.62,8
"834",8164,5313402123,2555,2,2.77,2.4,3.62,8
"835",8169,5313402123,2556,1,2.41,2.41,3.62,8
"836",8171,5313402123,2556,2,2.75,2.43,3.62,8
"837",8206,5313402140,2553,1,0.79,0.79,2.87,6
"838",8208,5313402140,2553,2,1.4,1.05,2.87,6
"839",8240,5313402150,2554,1,1.84,2.11,2.62,6
"840",8234,5313402150,2554,2,2.39,2.17,2.62,6
"841",8226,5313402150,2554,3,3,2.2,2.62,6
"842",8222,5313402150,2555,1,1.84,2.27,2.62,6
"843",8236,5313402150,2555,2,1.6,2.14,2.62,6
"844",8254,5313402150,2556,1,2.37,2.23,2.62,6
"845",8258,5313402150,2556,2,2.22,2.23,2.62,6
"846",8317,5313405343,2553,1,3.23,3.23,3.62,8
"847",8314,5313405343,2553,2,2.89,3.06,3.62,8
"848",8316,5313405343,2554,1,2.71,2.93,3.62,8
"849",8315,5313405343,2554,2,2.58,2.83,3.62,8
"850",8330,5313405343,2555,1,3.62,3,3.62,8
"851",8335,5313405343,2555,2,2.86,2.98,3.62,8
"852",8340,5313405343,2556,1,4,3.05,3.62,8
"853",8385,5313402179,2553,1,1.5,1.5,3.05,7
"854",8380,5313402179,2553,2,2.1,1.84,3.05,7
"855",8371,5313402179,2553,3,1.75,1.83,3.05,7
"856",8373,5313402179,2554,1,2.07,2.11,3.05,7
"857",8370,5313402179,2554,2,2.73,2.22,3.05,7
"858",8399,5313402179,2554,3,4,2.29,3.05,7
"859",8389,5313402179,2555,1,1.93,2.29,3.05,7
"860",8395,5313402179,2555,2,1.88,2.22,3.05,7
"861",8393,5313402179,2556,1,2.79,2.32,3.05,7
"862",8386,5313402179,2556,2,1.88,2.28,3.05,7
"863",8455,5313402186,2553,1,3.16,3.16,3.23,7
"864",8452,5313402186,2553,2,3.33,3.25,3.23,7
"865",8446,5313402186,2554,1,2.78,3.08,3.23,7
"866",8449,5313402186,2554,2,2.6,2.96,3.23,7
"867",8461,5313402186,2555,1,2.93,2.95,3.23,7
"868",8458,5313402186,2555,2,2.68,2.91,3.23,7
"869",8470,5313402186,2556,1,3.33,2.97,3.23,7
"870",8502,5313405382,2553,1,1.6,1.6,3.41,7
"871",8503,5313405382,2553,2,0,1.6,3.41,7
"872",8536,5313402195,2553,1,2.81,2.81,3.47,7
"873",8539,5313402195,2553,2,3.24,3.04,3.47,7
"874",8534,5313402195,2553,3,3.5,3.1,3.47,7
"875",8546,5313402195,2554,1,3.22,3.14,3.47,7
"876",8518,5313402195,2554,2,3.25,3.16,3.47,7
"877",8520,5313402195,2554,3,2.5,3.14,3.47,7
"878",8519,5313402195,2555,1,3.25,3.16,3.47,7
"879",8527,5313402195,2555,2,3.69,3.26,3.47,7
"880",8552,5313402219,2553,1,2.6,2.6,3.39,7
"881",8553,5313402219,2553,2,2.47,2.53,3.39,7
"882",8566,5313402224,2553,1,2.85,2.85,3.05,7
"883",8560,5313402224,2553,2,2.75,2.8,3.05,7
"884",8563,5313402224,2554,1,3.22,2.95,3.05,7
"885",8561,5313402224,2554,2,2.67,2.88,3.05,7
"886",8575,5313402224,2555,1,2.98,2.91,3.05,7
"887",8580,5313402224,2555,2,3.05,2.93,3.05,7
"888",8571,5313402224,2556,1,3.46,3.01,3.05,7
"889",8616,5313402254,2553,1,2.95,2.95,3.67,8
"890",8626,5313402254,2553,2,2.79,2.87,3.67,8
"891",8618,5313402254,2554,1,3.22,3,3.67,8
"892",8634,5313402254,2554,2,3,3,3.67,8
"893",8648,5313402254,2555,1,2.64,2.92,3.67,8
"894",8636,5313402254,2555,2,2.69,2.87,3.67,8
"895",8632,5313402254,2556,1,3.06,2.9,3.67,8
"896",8728,5313402298,2553,1,2.37,2.37,3.47,7
"897",8735,5313402298,2553,2,2.62,2.5,3.47,7
"898",8729,5313402298,2554,1,1.73,2.23,3.47,7
"899",8730,5313402298,2554,2,1.64,2.09,3.47,7
"900",8745,5313402298,2554,3,4,2.22,3.47,7
"901",8743,5313402298,2555,1,2.85,2.42,3.47,7
"902",8746,5313402298,2555,2,2.48,2.43,3.47,7
"903",8741,5313402298,2556,1,2.25,2.46,3.47,7
"904",8799,5313408527,2553,1,1.27,1.27,3.24,7
"905",8794,5313408527,2553,2,1.72,1.52,3.24,7
"906",8793,5313408527,2554,1,0.45,1.19,3.24,7
"907",8792,5313408527,2554,2,0.62,1.18,3.24,7
"908",8802,5313408527,2554,3,2,1.26,3.24,7
"909",8832,5313402309,2553,1,2,2,3.54,8
"910",8836,5313402309,2553,2,0.97,1.52,3.54,8
"911",8865,5313408547,2553,1,0,0,2.94,6
"912",8866,5313408547,2553,2,0.67,0.28,2.94,6
"913",8868,5313408547,2554,1,1,0.68,2.94,6
"914",8864,5313408547,2554,2,0.75,0.87,2.94,6
"915",8900,5313402334,2553,1,2.37,2.37,3.19,7
"916",8896,5313402334,2553,2,2.34,2.35,3.19,7
"917",8906,5313402334,2554,1,1.41,2,3.19,7
"918",8912,5313402334,2554,2,1.56,1.9,3.19,7
"919",8929,5313402334,2554,3,2.5,2.02,3.19,7
"920",8910,5313402334,2555,1,1.82,2.03,3.19,7
"921",8888,5313402334,2555,2,1.3,2.04,3.19,7
"922",8892,5313402334,2556,1,1.26,1.97,3.19,7
"923",8890,5313402334,2556,2,1.94,2.09,3.19,7
"924",8889,5313402334,2556,3,0,2.05,3.19,7
"925",8964,5313402348,2553,1,2.27,2.27,3.08,7
"926",8961,5313402348,2553,2,1.95,2.11,3.08,7
"927",8972,5313402348,2554,1,1.85,2.03,3.08,7
"928",8976,5313402348,2554,2,2.8,2.25,3.08,7
"929",8979,5313402348,2555,1,2.14,2.23,3.08,7
"930",8982,5313402348,2555,2,1.94,2.28,3.08,7
"931",8969,5313402348,2556,1,2.33,2.34,3.08,7
"932",8960,5313402348,2556,2,2.9,2.45,3.08,7
"933",9032,5313402377,2553,1,2.59,2.59,3.63,8
"934",9027,5313402377,2553,2,2.72,2.66,3.63,8
"935",9020,5313402377,2554,1,2.14,2.47,3.63,8
"936",9021,5313402377,2554,2,2.03,2.36,3.63,8
"937",9042,5313402377,2554,3,3.67,2.49,3.63,8
"938",9031,5313402377,2555,1,2.35,2.5,3.63,8
"939",9038,5313402377,2555,2,2.34,2.53,3.63,8
"940",9036,5313402377,2556,1,3.1,2.6,3.63,8
"941",9109,5313402404,2553,1,2.19,2.19,2.89,6
"942",9113,5313402404,2553,2,2.18,2.19,2.89,6
"943",9108,5313402404,2554,1,1.57,1.98,2.89,6
"944",9084,5313402404,2554,2,1.5,1.93,2.89,6
"945",9086,5313402404,2554,3,2,2.02,2.89,6
"946",9087,5313402404,2555,1,1.4,2.02,2.89,6
"947",9088,5313402404,2555,2,1.43,1.97,2.89,6
"948",9085,5313402404,2555,3,2,1.97,2.89,6
"949",9098,5313402404,2556,1,2.08,1.98,2.89,6
"950",9100,5313402404,2556,2,1.68,2,2.89,6
"951",9102,5313402404,2557,1,0.97,1.95,2.89,6
"952",9106,5313402404,2557,2,2.3,2.11,2.89,6
"953",9179,5313402439,2553,1,2.17,2.17,2.71,6
"954",9200,5313402439,2553,2,2.23,2.2,2.71,6
"955",9196,5313402439,2554,1,1,1.86,2.71,6
"956",9178,5313402439,2554,2,1.23,1.74,2.71,6
"957",9188,5313402439,2554,3,2,1.84,2.71,6
"958",9183,5313402439,2555,1,0.65,1.69,2.71,6
"959",9180,5313402439,2555,2,0.88,1.73,2.71,6
"960",9298,5313410759,2553,1,0.78,0.78,2.14,5
"961",9304,5313410759,2553,2,1.74,1.39,2.14,5
"962",9300,5313410759,2553,3,0,1.39,2.14,5
"963",9325,5313402474,2553,1,2.82,2.82,3.41,7
"964",9328,5313402474,2553,2,2.53,2.67,3.41,7
"965",9332,5313402474,2554,1,2.09,2.5,3.41,7
"966",9323,5313402474,2554,2,1.68,2.26,3.41,7
"967",9322,5313402474,2555,1,2.48,2.35,3.41,7
"968",9343,5313402474,2555,2,2.1,2.31,3.41,7
"969",9324,5313402474,2556,1,2.9,2.39,3.41,7
"970",9394,5313402491,2553,1,2.87,2.87,2.69,6
"971",9378,5313402491,2553,2,2.81,2.84,2.69,6
"972",9392,5313402491,2553,3,4,2.93,2.69,6
"973",9384,5313402491,2554,1,3.08,2.98,2.69,6
"974",9380,5313402491,2554,2,3,2.98,2.69,6
"975",9398,5313402491,2554,3,3.5,3,2.69,6
"976",9414,5313402491,2555,1,3.19,3.04,2.69,6
"977",9420,5313402491,2555,2,3.67,3.15,2.69,6
"978",9390,5313402491,2556,1,3.93,3.25,2.69,6
"979",9531,5313402536,2553,1,3.14,3.14,3.88,8
"980",9527,5313402536,2553,2,3.06,3.1,3.88,8
"981",9524,5313402536,2554,1,2.75,2.97,3.88,8
"982",9522,5313402536,2554,2,2.75,2.91,3.88,8
"983",9536,5313402536,2555,1,3.18,2.97,3.88,8
"984",9541,5313402536,2555,2,2.72,2.93,3.88,8
"985",9545,5313402536,2556,1,3.05,2.95,3.88,8
"986",9599,5313402571,2553,1,2.32,2.32,2.86,6
"987",9595,5313402571,2553,2,2.2,2.25,2.86,6
"988",9591,5313402571,2553,3,2,2.42,2.86,6
"989",9579,5313402571,2554,1,2.05,2.28,2.86,6
"990",9582,5313402571,2554,2,1.79,2.15,2.86,6
"991",9578,5313402571,2554,3,2,2.14,2.86,6
"992",9586,5313402571,2555,1,2.37,2.18,2.86,6
"993",9617,5313402571,2555,2,2.19,2.18,2.86,6
"994",9623,5313402571,2556,1,4,2.31,2.86,6
"995",9625,5313402571,2556,2,2.4,2.31,2.86,6
"996",9656,5313408751,2553,1,1.3,1.3,2.33,5
"997",9654,5313408751,2553,2,0,0.55,2.33,5
"998",9685,5313402638,2553,1,1.97,1.97,3.14,7
"999",9672,5313402638,2553,2,2.33,2.17,3.14,7
"1000",9673,5313402638,2553,3,2.25,2.18,3.14,7
"1001",9670,5313402638,2554,1,1.71,2.04,3.14,7
"1002",9671,5313402638,2554,2,1.93,2.01,3.14,7
"1003",9701,5313402638,2554,3,2.84,2.09,3.14,7
"1004",9688,5313402638,2555,1,2.59,2.17,3.14,7
"1005",9684,5313402638,2555,2,2.31,2.22,3.14,7
"1006",9691,5313402638,2556,1,1.85,2.17,3.14,7
"1007",9760,5313402648,2553,1,2,2,2.52,6
"1008",9758,5313402648,2553,2,2.33,2.18,2.52,6
"1009",9765,5313402648,2554,1,0.79,1.75,2.52,6
"1010",9767,5313402648,2554,2,2.27,1.86,2.52,6
"1011",9746,5313402648,2554,3,2.5,1.91,2.52,6
"1012",9743,5313402648,2555,1,1.93,1.98,2.52,6
"1013",9742,5313402648,2555,2,2.03,1.99,2.52,6
"1014",9747,5313402648,2556,1,1.88,2.02,2.52,6
"1015",9753,5313402648,2556,2,2.13,2.06,2.52,6
"1016",9776,5313402704,2553,1,1.85,1.85,2.61,6
"1017",9778,5313402704,2553,2,0.18,1.06,2.61,6
"1018",9800,5313402739,2554,1,1.6,2.35,3.23,7
"1019",9792,5313402739,2554,2,2,2.26,3.23,7
"1020",9794,5313402739,2554,3,2.84,2.42,3.23,7
"1021",9793,5313402739,2555,1,1.89,2.3,3.23,7
"1022",9806,5313402739,2555,2,2.46,2.33,3.23,7
"1023",9808,5313402739,2556,1,2.55,2.41,3.23,7
"1024",9799,5313402739,2556,2,2.25,2.4,3.23,7
"1025",9856,5313402751,2553,1,1.88,1.88,2.97,6
"1026",9854,5313402751,2553,2,1.75,1.81,2.97,6
"1027",9863,5313402751,2554,1,1.69,1.77,2.97,6
"1028",9866,5313402751,2554,2,2.72,2.05,2.97,6
"1029",9838,5313402751,2554,3,3.5,2.1,2.97,6
"1030",9841,5313402751,2555,1,1.46,2,2.97,6
"1031",9840,5313402751,2555,2,2.24,2.05,2.97,6
"1032",9839,5313402751,2556,1,2.23,2.22,2.97,6
"1033",9849,5313402751,2556,2,2.18,2.21,2.97,6
"1034",9873,5313405617,2553,1,1.44,1.44,2.35,5
"1035",9874,5313405617,2553,2,1.48,1.6,2.35,5
"1036",9872,5313405617,2553,3,1.5,1.59,2.35,5
"1037",9896,5313405632,2553,1,1.31,1.31,2.77,6
"1038",9920,5313402787,2553,1,2.23,2.23,3.2,7
"1039",9916,5313402787,2553,2,1.9,2.08,3.2,7
"1040",9909,5313402787,2553,3,1.75,2.03,3.2,7
"1041",9908,5313402787,2554,1,1.74,2.04,3.2,7
"1042",9921,5313402787,2554,2,2.29,2.11,3.2,7
"1043",9936,5313402787,2554,3,2.32,2.21,3.2,7
"1044",9923,5313402787,2555,1,1.64,2.09,3.2,7
"1045",9928,5313402787,2555,2,2.23,2.11,3.2,7
"1046",9927,5313402787,2556,1,3.14,2.25,3.2,7
"1047",9933,5313402787,2556,2,2.95,2.33,3.2,7
"1048",10103,5313402796,2553,1,2.34,2.34,2.84,6
"1049",10094,5313402796,2553,2,1.98,2.16,2.84,6
"1050",10082,5313402796,2553,3,2,2.3,2.84,6
"1051",10052,5313402796,2554,1,1.42,2.03,2.84,6
"1052",10061,5313402796,2554,2,1.69,1.93,2.84,6
"1053",10055,5313402796,2554,3,2,1.94,2.84,6
"1054",10163,5313402796,2555,1,1.44,2,2.84,6
"1055",10115,5313402796,2555,2,1.19,1.91,2.84,6
"1056",10145,5313402796,2556,1,2.19,2.05,2.84,6
"1057",10178,5313402796,2556,2,0,2.05,2.84,6
"1058",10130,5313402796,2557,1,1.1,2.03,2.84,6
"1059",10109,5313402796,2557,2,2.06,2.14,2.84,6
"1060",10580,5313405660,2553,1,0.27,0.27,2.26,5
"1061",10581,5313405660,2553,2,0,0.14,2.26,5
"1062",10596,5313405663,2555,1,1.87,2.25,2.8,6
"1063",10600,5313405663,2555,2,3.03,2.39,2.8,6
"1064",10608,5313405663,2556,1,2.84,2.46,2.8,6
"1065",10636,5313405678,2553,1,2.21,2.21,3.44,7
"1066",10652,5313405678,2553,2,1.95,2.08,3.44,7
"1067",10638,5313405678,2554,1,2.27,2.14,3.44,7
"1068",10642,5313405678,2554,2,2.5,2.22,3.44,7
"1069",10640,5313405678,2554,3,1.25,2.23,3.44,7
"1070",10664,5313405678,2555,1,2.42,2.28,3.44,7
"1071",10668,5313405678,2555,2,2.43,2.36,3.44,7
"1072",10674,5313405678,2556,1,3.18,2.49,3.44,7
"1073",10670,5313405678,2556,2,3.25,2.52,3.44,7
"1074",10783,5313402842,2553,1,2.53,2.53,3.36,7
"1075",10778,5313402842,2553,2,2.38,2.45,3.36,7
"1076",10772,5313402842,2553,3,3,2.49,3.36,7
"1077",10774,5313402842,2554,1,1.03,2.01,3.36,7
"1078",10777,5313402842,2554,2,1.79,2.13,3.36,7
"1079",10806,5313402842,2554,3,3.5,2.19,3.36,7
"1080",10791,5313402842,2555,1,2.38,2.23,3.36,7
"1081",10789,5313402842,2555,2,1.95,2.24,3.36,7
"1082",10796,5313402842,2556,1,1.97,2.26,3.36,7
"1083",10794,5313402842,2556,2,1.87,2.24,3.36,7
"1084",10790,5313402842,2556,3,0,2.24,3.36,7
"1085",10860,5313402846,2553,1,2.75,2.75,3.25,7
"1086",10856,5313402846,2553,2,3.2,2.98,3.25,7
"1087",10852,5313402846,2554,1,3,2.99,3.25,7
"1088",10854,5313402846,2554,2,2.86,2.95,3.25,7
"1089",10867,5313402846,2555,1,1.87,2.74,3.25,7
"1090",10872,5313402846,2555,2,3,2.79,3.25,7
"1091",10874,5313402846,2556,1,3.32,2.91,3.25,7
"1092",10921,5313405685,2553,1,2.59,2.59,2.75,6
"1093",10908,5313405685,2553,2,2.5,2.55,2.75,6
"1094",10913,5313405685,2554,1,1.95,2.34,2.75,6
"1095",10909,5313405685,2554,2,1.93,2.23,2.75,6
"1096",10919,5313405685,2554,3,3,2.4,2.75,6
"1097",10920,5313405685,2555,1,2.75,2.47,2.75,6
"1098",10924,5313405685,2555,2,2.34,2.45,2.75,6
"1099",10927,5313405685,2556,1,2.18,2.41,2.75,6
"1100",10972,5313402875,2553,1,3.22,3.22,3.82,8
"1101",10978,5313402875,2553,2,2.88,3.03,3.82,8
"1102",10974,5313402875,2554,1,3.39,3.17,3.82,8
"1103",10973,5313402875,2554,2,3.15,3.16,3.82,8
"1104",10987,5313402875,2555,1,3.78,3.3,3.82,8
"1105",10992,5313402875,2555,2,3.5,3.33,3.82,8
"1106",10997,5313402875,2556,1,3.31,3.33,3.82,8
"1107",11134,5313402892,2553,1,2.09,2.09,2.88,6
"1108",11126,5313402892,2553,2,2.96,2.56,2.88,6
"1109",11118,5313402892,2554,1,3.08,2.74,2.88,6
"1110",11104,5313402892,2554,2,3.18,2.85,2.88,6
"1111",11086,5313402892,2554,3,3.5,2.87,2.88,6
"1112",11094,5313402892,2555,1,2.98,2.9,2.88,6
"1113",11084,5313402892,2555,2,3.33,2.97,2.88,6
"1114",11204,5313402915,2553,1,4,4,3.86,8
"1115",11205,5313402915,2553,2,3.86,3.93,3.86,8
"1116",11207,5313402915,2554,1,4,3.95,3.86,8
"1117",11209,5313402915,2554,2,3.85,3.93,3.86,8
"1118",11212,5313402915,2555,1,4,3.94,3.86,8
"1119",11213,5313402915,2555,2,3.84,3.93,3.86,8
"1120",11211,5313402915,2556,1,3.93,3.93,3.86,8
"1121",11286,5313409066,2553,1,1.64,1.64,2.65,6
"1122",11282,5313409066,2553,2,0.92,1.4,2.65,6
"1123",11299,5313405752,2553,1,2.24,2.24,2.89,6
"1124",11301,5313405752,2553,2,1.7,1.94,2.89,6
"1125",11300,5313405752,2554,1,1.44,1.78,2.89,6
"1126",11309,5313405752,2554,2,1.74,1.77,2.89,6
"1127",11298,5313405752,2554,3,1,1.85,2.89,6
"1128",11338,5313405788,2553,1,1.64,1.64,2.76,6
"1129",11363,5313402982,2553,1,2.07,2.07,2.83,6
"1130",11346,5313402982,2553,2,2.3,2.2,2.83,6
"1131",11348,5313402982,2554,1,2.08,2.15,2.83,6
"1132",11347,5313402982,2554,2,2.5,2.34,2.83,6
"1133",11359,5313402982,2554,3,1.5,2.31,2.83,6
"1134",11354,5313402982,2555,1,2.16,2.27,2.83,6
"1135",11349,5313402982,2555,2,2.93,2.39,2.83,6
"1136",11361,5313402982,2556,1,3.11,2.49,2.83,6
"1137",11413,5313402989,2553,1,1.59,1.59,2.8,6
"1138",11410,5313402989,2553,2,0.82,1.44,2.8,6
"1139",11430,5313403009,2553,1,2.84,2.84,3.51,8
"1140",11426,5313403009,2553,2,3.28,3.06,3.51,8
"1141",11435,5313403009,2554,1,3.61,3.25,3.51,8
"1142",11442,5313403009,2554,2,3.18,3.23,3.51,8
"1143",11446,5313403009,2555,1,3.79,3.36,3.51,8
"1144",11432,5313403009,2555,2,3.34,3.36,3.51,8
"1145",11434,5313403009,2556,1,3.78,3.42,3.51,8
"1146",11501,5313403034,2553,1,2.06,2.06,3.31,7
"1147",11505,5313403034,2553,2,2.16,2.12,3.31,7
"1148",11500,5313403034,2554,1,1.53,2.02,3.31,7
"1149",11492,5313403034,2554,2,2.4,2.21,3.31,7
"1150",11485,5313403034,2554,3,2.67,2.26,3.31,7
"1151",11484,5313403034,2555,1,2.29,2.27,3.31,7
"1152",11482,5313403034,2555,2,2.11,2.24,3.31,7
"1153",11497,5313403034,2556,1,2.44,2.32,3.31,7
"1154",11483,5313403034,2556,2,2.72,2.36,3.31,7
"1155",11570,5313403053,2553,1,2.82,2.82,3.3,7
"1156",11568,5313403053,2553,2,3.18,3.02,3.3,7
"1157",11551,5313403053,2553,3,2.25,2.91,3.3,7
"1158",11560,5313403053,2554,1,3.22,3.01,3.3,7
"1159",11553,5313403053,2554,2,3.68,3.19,3.3,7
"1160",11555,5313403053,2554,3,3,3.18,3.3,7
"1161",11552,5313403053,2555,1,3.82,3.32,3.3,7
"1162",11550,5313403053,2555,2,3.55,3.35,3.3,7
"1163",11640,5313403066,2553,1,2.23,2.23,2.93,6
"1164",11644,5313403066,2553,2,2.12,2.17,2.93,6
"1165",11639,5313403066,2554,1,2.4,2.24,2.93,6
"1166",11631,5313403066,2554,2,2.58,2.31,2.93,6
"1167",11624,5313403066,2555,1,0.93,2.08,2.93,6
"1168",11622,5313403066,2555,2,1.37,2,2.93,6
"1169",11632,5313403066,2556,1,0.97,1.97,2.93,6
"1170",11634,5313403066,2556,2,1.63,2.05,2.93,6
"1171",11621,5313403066,2556,3,1.5,2.09,2.93,6
"1172",11620,5313403066,2557,1,0,2.09,2.93,6
"1173",11618,5313403066,2557,2,1.57,2.04,2.93,6
"1174",11709,5313403081,2553,1,1.92,1.92,2.93,6
"1175",11706,5313403081,2553,2,2.34,2.13,2.93,6
"1176",11717,5313403081,2554,1,1.66,1.95,2.93,6
"1177",11696,5313403081,2554,2,2.59,2.1,2.93,6
"1178",11692,5313403081,2554,3,2.25,2.11,2.93,6
"1179",11690,5313403081,2555,1,1.46,1.98,2.93,6
"1180",11700,5313403081,2555,2,2.28,2.02,2.93,6
"1181",11691,5313403081,2556,1,2.16,2.16,2.93,6
"1182",11754,5313409246,2553,1,3.64,3.64,3.57,8
"1183",11759,5313409246,2553,2,3.48,3.56,3.57,8
"1184",11755,5313409246,2554,1,3.35,3.49,3.57,8
"1185",11761,5313409246,2554,2,2.91,3.33,3.57,8
"1186",11763,5313409246,2555,1,3,3.26,3.57,8
"1187",11774,5313409246,2555,2,2.43,3.12,3.57,8
"1188",11765,5313409246,2556,1,2.95,3.09,3.57,8
"1189",11821,5313403108,2553,1,2.47,2.47,3.02,7
"1190",11810,5313403108,2553,2,2.75,2.63,3.02,7
"1191",11817,5313403108,2554,1,1.45,2.22,3.02,7
"1192",11813,5313403108,2554,2,1.25,2.05,3.02,7
"1193",11811,5313403108,2554,3,3.25,2.14,3.02,7
"1194",11840,5313403108,2555,1,1.77,2.07,3.02,7
"1195",11827,5313403108,2555,2,1.58,2.08,3.02,7
"1196",11833,5313403108,2556,1,1.69,2.12,3.02,7
"1197",11832,5313403108,2556,2,0.79,2.08,3.02,7
"1198",11830,5313403108,2556,3,1.75,2.11,3.02,7
"1199",11882,5313403121,2553,1,2.81,2.81,3.29,7
"1200",11892,5313403121,2553,2,2.79,2.8,3.29,7
"1201",11883,5313403121,2554,1,1.85,2.49,3.29,7
"1202",11884,5313403121,2554,2,1.74,2.29,3.29,7
"1203",11906,5313403121,2554,3,1.5,2.35,3.29,7
"1204",11891,5313403121,2555,1,2.35,2.35,3.29,7
"1205",11899,5313403121,2555,2,2.08,2.36,3.29,7
"1206",11903,5313403121,2556,1,1.92,2.29,3.29,7
"1207",11901,5313403121,2556,2,2.14,2.32,3.29,7
"1208",11964,5313403126,2553,1,1.54,1.54,2.51,6
"1209",11950,5313403126,2553,2,1.3,1.61,2.51,6
"1210",11957,5313403126,2554,1,2.2,1.99,2.51,6
"1211",11953,5313403126,2554,2,1.97,2.11,2.51,6
"1212",11951,5313403126,2554,3,0,1.98,2.51,6
"1213",11980,5313403126,2555,1,0.7,1.7,2.51,6
"1214",11967,5313403126,2555,2,2.09,1.84,2.51,6
"1215",11973,5313403126,2556,1,1.69,1.99,2.51,6
"1216",11968,5313403126,2556,2,2.29,2.1,2.51,6
"1217",11970,5313403126,2556,3,1.17,2.08,2.51,6
"1218",12023,5313403133,2553,1,2.64,2.64,3.38,7
"1219",12024,5313403133,2553,2,1.95,2.29,3.38,7
"1220",12026,5313403133,2554,1,1.79,2.11,3.38,7
"1221",12028,5313403133,2554,2,1.75,2.05,3.38,7
"1222",12022,5313403133,2555,1,0.69,1.83,3.38,7
"1223",12030,5313403133,2555,2,1.18,1.71,3.38,7
"1224",12050,5313403154,2553,1,2.53,2.53,3.69,8
"1225",12060,5313403154,2553,2,2.54,2.53,3.69,8
"1226",12051,5313403154,2554,1,1.84,2.26,3.69,8
"1227",12053,5313403154,2554,2,1.74,2.14,3.69,8
"1228",12052,5313403154,2554,3,3.5,2.19,3.69,8
"1229",12074,5313403154,2555,1,2.2,2.26,3.69,8
"1230",12064,5313403154,2555,2,1.96,2.21,3.69,8
"1231",12072,5313403154,2556,1,2.57,2.29,3.69,8
"1232",12070,5313403154,2556,2,1.92,2.3,3.69,8
"1233",12192,5313403167,2553,1,2.77,2.77,3.7,8
"1234",12186,5313403167,2553,2,3.06,2.92,3.7,8
"1235",12189,5313403167,2554,1,3,2.95,3.7,8
"1236",12187,5313403167,2554,2,3.22,3.03,3.7,8
"1237",12210,5313403167,2554,3,3.17,3.04,3.7,8
"1238",12196,5313403167,2555,1,3.34,3.11,3.7,8
"1239",12202,5313403167,2555,2,3.33,3.14,3.7,8
"1240",12246,5313405902,2553,1,2.48,2.48,2.49,5
"1241",12268,5313405902,2553,2,2.39,2.43,2.49,5
"1242",12262,5313405902,2554,1,2.22,2.37,2.49,5
"1243",12280,5313405902,2554,2,2.15,2.3,2.49,5
"1244",12294,5313405902,2554,3,2.5,2.32,2.49,5
"1245",12286,5313405902,2555,1,2,2.25,2.49,5
"1246",12254,5313405902,2555,2,2.65,2.32,2.49,5
"1247",12252,5313405902,2556,1,2.79,2.43,2.49,5
"1248",12381,5313405916,2554,1,1.66,2.34,2.56,6
"1249",12386,5313405916,2554,2,1.35,2.07,2.56,6
"1250",12389,5313405916,2554,3,2.5,2.1,2.56,6
"1251",12371,5313405916,2555,1,2.15,2.11,2.56,6
"1252",12373,5313405916,2555,2,1.69,2.09,2.56,6
"1253",12378,5313405916,2556,1,1.66,2.09,2.56,6
"1254",12370,5313405916,2556,2,1.82,2.13,2.56,6
"1255",12395,5313403234,2553,1,1.5,1.5,2.92,6
"1256",12401,5313403234,2553,2,2,1.78,2.92,6
"1257",12393,5313403234,2554,1,1.09,1.64,2.92,6
"1258",12453,5313405944,2553,1,1.77,1.77,2.79,6
"1259",12437,5313405944,2553,2,2.53,2.13,2.79,6
"1260",12445,5313405944,2553,3,2.25,2.31,2.79,6
"1261",12438,5313405944,2554,1,2.32,2.31,2.79,6
"1262",12439,5313405944,2554,2,1.5,2.1,2.79,6
"1263",12465,5313405944,2554,3,3.75,2.22,2.79,6
"1264",12450,5313405944,2555,1,2.78,2.41,2.79,6
"1265",12455,5313405944,2555,2,2.15,2.37,2.79,6
"1266",12460,5313405944,2556,1,2.32,2.37,2.79,6
"1267",12458,5313405944,2556,2,2.04,2.33,2.79,6
"1268",12513,5313403246,2553,1,3.29,3.29,2.93,6
"1269",12520,5313403246,2553,2,3.42,3.35,2.93,6
"1270",12514,5313403246,2554,1,3.15,3.27,2.93,6
"1271",12515,5313403246,2554,2,3.58,3.36,2.93,6
"1272",12524,5313403246,2555,1,3.66,3.43,2.93,6
"1273",12533,5313403246,2555,2,3.79,3.49,2.93,6
"1274",12527,5313403246,2556,1,3.73,3.53,2.93,6
"1275",12580,5313403312,2553,1,2.47,2.47,2.91,6
"1276",12576,5313403312,2553,2,2.23,2.34,2.91,6
"1277",12570,5313403312,2554,1,2,2.21,2.91,6
"1278",12569,5313403312,2554,2,2.53,2.29,2.91,6
"1279",12594,5313403312,2555,1,1.48,2.17,2.91,6
"1280",12585,5313403312,2555,2,1.47,2.14,2.91,6
"1281",12586,5313403312,2556,1,1.8,2.19,2.91,6
"1282",12590,5313403312,2556,2,1.79,2.23,2.91,6
"1283",12589,5313403312,2556,3,0,2.13,2.91,6
"1284",12583,5313403312,2557,1,1.84,2.14,2.91,6
"1285",12653,5313405990,2553,1,2.17,2.17,2.59,6
"1286",12655,5313405990,2553,2,2.87,2.52,2.59,6
"1287",12643,5313405990,2553,3,0,2.32,2.59,6
"1288",12637,5313405990,2554,1,2.5,2.51,2.59,6
"1289",12659,5313405990,2554,2,2.15,2.51,2.59,6
"1290",12667,5313405990,2555,1,2.25,2.45,2.59,6
"1291",12661,5313405990,2555,2,3.19,2.6,2.59,6
"1292",12673,5313405990,2556,1,3.21,2.68,2.59,6
"1293",12775,5313403315,2553,1,2.45,2.45,3.48,7
"1294",12770,5313403315,2553,2,2.74,2.59,3.48,7
"1295",12766,5313403315,2554,1,2.65,2.61,3.48,7
"1296",12765,5313403315,2554,2,2.72,2.64,3.48,7
"1297",12780,5313403315,2555,1,3.19,2.76,3.48,7
"1298",12774,5313403315,2555,2,3.36,2.86,3.48,7
"1299",12788,5313403315,2556,1,3.37,2.93,3.48,7
"1300",12821,5313405999,2553,1,1.21,1.21,3.24,7
"1301",12822,5313405999,2553,2,0,0.64,3.24,7
"1302",12863,5313406010,2553,1,2.37,2.37,3.42,7
"1303",12837,5313406010,2553,2,2.2,2.28,3.42,7
"1304",12839,5313406010,2554,1,2.03,2.19,3.42,7
"1305",12841,5313406010,2554,2,1.19,1.92,3.42,7
"1306",12855,5313406010,2554,3,3.34,2.07,3.42,7
"1307",12859,5313406010,2555,1,1.88,2.11,3.42,7
"1308",12873,5313406010,2555,2,2.1,2.17,3.42,7
"1309",12881,5313406010,2556,1,2.22,2.17,3.42,7
"1310",12877,5313406010,2556,2,1.47,2.14,3.42,7
"1311",12875,5313406010,2557,1,2.15,2.23,3.42,7
"1312",12982,5313409484,2553,1,1.19,1.19,1.85,4
"1313",12985,5313409484,2553,2,1,1.18,1.85,4
"1314",12981,5313409484,2553,3,0,1.09,1.85,4
"1315",13012,5313403337,2553,1,2.69,2.69,3.41,7
"1316",13005,5313403337,2553,2,2.98,2.85,3.41,7
"1317",13007,5313403337,2554,1,2.22,2.62,3.41,7
"1318",13006,5313403337,2554,2,3.33,2.93,3.41,7
"1319",13019,5313403337,2555,1,2.88,2.92,3.41,7
"1320",13023,5313403337,2555,2,3.22,2.98,3.41,7
"1321",13058,5313403351,2555,1,2.48,2.31,2.7,6
"1322",13060,5313403351,2555,2,2.5,2.35,2.7,6
"1323",13057,5313403351,2556,1,2.7,2.4,2.7,6
"1324",13064,5313403351,2556,2,2.35,2.4,2.7,6
"1325",13094,5313406043,2554,1,1.43,1.92,2.99,6
"1326",13085,5313406043,2554,2,1.95,1.93,2.99,6
"1327",13088,5313406043,2554,3,1,1.97,2.99,6
"1328",13086,5313406043,2555,1,2.07,2.07,2.99,6
"1329",13092,5313406043,2555,2,0.75,2.06,2.99,6
"1330",13101,5313406043,2556,1,2.23,2.09,2.99,6
"1331",13103,5313406043,2556,2,0.97,1.99,2.99,6
"1332",13105,5313406043,2556,3,0,1.94,2.99,6
"1333",13147,5313403362,2553,1,3.29,3.29,2.67,6
"1334",13142,5313403362,2553,2,3.4,3.35,2.67,6
"1335",13138,5313403362,2554,1,3.03,3.23,2.67,6
"1336",13135,5313403362,2554,2,2.5,3.05,2.67,6
"1337",13151,5313403362,2555,1,3.4,3.13,2.67,6
"1338",13146,5313403362,2555,2,3.36,3.17,2.67,6
"1339",13159,5313403362,2556,1,4,3.22,2.67,6
"1340",13144,5313403362,2556,2,3.73,3.26,2.67,6
"1341",13218,5313403380,2553,1,3.7,3.7,3.68,8
"1342",13224,5313403380,2553,2,3.92,3.81,3.68,8
"1343",13202,5313403380,2554,1,3.8,3.81,3.68,8
"1344",13196,5313403380,2554,2,4,3.86,3.68,8
"1345",13200,5313403380,2555,1,3.91,3.87,3.68,8
"1346",13195,5313403380,2555,2,3.94,3.88,3.68,8
"1347",13208,5313403380,2556,1,4,3.89,3.68,8
"1348",13293,5313403387,2553,1,2.8,2.8,3.04,7
"1349",13268,5313403387,2553,2,2.8,2.8,3.04,7
"1350",13271,5313403387,2553,3,2,2.73,3.04,7
"1351",13281,5313403387,2554,1,2.93,2.81,3.04,7
"1352",13252,5313403387,2554,2,2.42,2.71,3.04,7
"1353",13255,5313403387,2554,3,3,2.72,3.04,7
"1354",13251,5313403387,2555,1,2.5,2.67,3.04,7
"1355",13263,5313403387,2555,2,2.92,2.72,3.04,7
"1356",13253,5313403387,2556,1,3.19,2.79,3.04,7
"1357",13389,5313403396,2553,1,2.39,2.39,2.98,6
"1358",13399,5313403396,2553,2,2.14,2.28,2.98,6
"1359",13391,5313403396,2553,3,4,2.42,2.98,6
"1360",13361,5313403396,2554,1,2.25,2.37,2.98,6
"1361",13323,5313403396,2554,2,2.08,2.38,2.98,6
"1362",13333,5313403396,2554,3,3.25,2.45,2.98,6
"1363",13329,5313403396,2555,1,2.44,2.44,2.98,6
"1364",13345,5313403396,2555,2,3.36,2.6,2.98,6
"1365",13327,5313403396,2556,1,3.53,2.73,2.98,6
"1366",13467,5313403442,2553,1,1.84,1.84,3.07,7
"1367",13468,5313403442,2553,2,0.46,1.43,3.07,7
"1368",13483,5313409610,2553,1,1.62,1.62,2.48,5
"1369",13484,5313409610,2553,2,1,1.33,2.48,5
"1370",13485,5313409610,2553,3,0,1.33,2.48,5
"1371",13499,5313409628,2553,1,0,0,2.46,5
"1372",13495,5313409628,2553,2,0,0,2.46,5
"1373",13504,5313409635,2553,1,1.13,1.13,1.52,4
"1374",13503,5313409635,2553,2,1.56,1.39,1.52,4
"1375",13506,5313409635,2553,3,0,1.39,1.52,4
"1376",13522,5313406054,2553,1,2.45,2.45,2.74,6
"1377",13515,5313406054,2553,2,2.37,2.41,2.74,6
"1378",13517,5313406054,2554,1,2.74,2.52,2.74,6
"1379",13516,5313406054,2554,2,2.8,2.6,2.74,6
"1380",13529,5313406054,2555,1,2.88,2.66,2.74,6
"1381",13534,5313406054,2555,2,2.79,2.68,2.74,6
"1382",13538,5313406054,2556,1,3.35,2.78,2.74,6
"1383",13585,5313403448,2553,1,1.92,1.92,3.65,8
"1384",13576,5313403448,2553,2,1.84,1.88,3.65,8
"1385",13574,5313403448,2553,3,3,2.2,3.65,8
"1386",13572,5313403448,2554,1,2.92,2.43,3.65,8
"1387",13595,5313403448,2554,2,2.95,2.56,3.65,8
"1388",13573,5313403448,2554,3,3.5,2.66,3.65,8
"1389",13588,5313403448,2555,1,2.57,2.64,3.65,8
"1390",13571,5313403448,2555,2,2.58,2.63,3.65,8
"1391",13641,5313409711,2553,1,0.15,0.15,2.8,6
"1392",13639,5313409711,2553,2,0,0.15,2.8,6
"1393",13672,5313403472,2553,1,1.92,1.92,3.1,7
"1394",13662,5313403472,2553,2,1.64,1.78,3.1,7
"1395",13661,5313403472,2554,1,2.12,1.87,3.1,7
"1396",13655,5313403472,2554,2,2.59,2.06,3.1,7
"1397",13659,5313403472,2555,1,2.05,2.06,3.1,7
"1398",13674,5313403472,2555,2,1.75,2,3.1,7
"1399",13693,5313403472,2556,1,2.03,2.11,3.1,7
"1400",13691,5313403472,2556,2,1.8,2.07,3.1,7
"1401",13689,5313403472,2556,3,0,2.07,3.1,7
"1402",13669,5313403472,2557,1,1.22,2.1,3.1,7
"1403",13675,5313403472,2557,2,1.13,2.15,3.1,7
"1404",13679,5313403472,2557,3,0.5,2.08,3.1,7
"1405",13743,5313406109,2553,1,2.59,2.59,3.44,7
"1406",13758,5313406109,2553,2,2.5,2.55,3.44,7
"1407",13746,5313406109,2554,1,2.72,2.61,3.44,7
"1408",13773,5313406109,2554,2,2.65,2.62,3.44,7
"1409",13791,5313406109,2555,1,2.89,2.68,3.44,7
"1410",13806,5313406109,2555,2,2.95,2.73,3.44,7
"1411",13776,5313406109,2556,1,3.7,2.87,3.44,7
"1412",13922,5313403484,2553,1,3.03,3.03,2.9,6
"1413",13913,5313403484,2553,2,3.17,3.1,2.9,6
"1414",13917,5313403484,2553,3,2,3.02,2.9,6
"1415",13914,5313403484,2554,1,2.29,2.76,2.9,6
"1416",13911,5313403484,2554,2,3,2.82,2.9,6
"1417",13942,5313403484,2554,3,1.75,2.75,2.9,6
"1418",13929,5313403484,2555,1,1.75,2.55,2.9,6
"1419",13926,5313403484,2555,2,2.91,2.6,2.9,6
"1420",13932,5313403484,2556,1,3.08,2.65,2.9,6
"1421",13997,5313403504,2553,1,3.2,3.2,3.49,7
"1422",13983,5313403504,2553,2,2.98,3.08,3.49,7
"1423",13993,5313403504,2553,3,1.5,2.97,3.49,7
"1424",13985,5313403504,2554,1,3.08,3,3.49,7
"1425",14005,5313403504,2554,2,3.39,3.09,3.49,7
"1426",14029,5313403504,2554,3,2.75,3.06,3.49,7
"1427",14007,5313403504,2555,1,3.19,3.09,3.49,7
"1428",13995,5313403504,2555,2,3.33,3.13,3.49,7
"1429",14120,5313410656,2553,1,1.98,1.98,2.72,6
"1430",14152,5313410656,2553,1,1.98,1.98,2.57,6
"1431",14119,5313410656,2553,2,1.89,1.93,2.72,6
"1432",14151,5313410656,2553,2,1.89,1.93,2.57,6
"1433",14125,5313410656,2554,1,1.5,1.81,2.72,6
"1434",14157,5313410656,2554,1,1.5,1.81,2.57,6
"1435",14121,5313410656,2554,2,2.1,1.88,2.72,6
"1436",14153,5313410656,2554,2,2.1,1.88,2.57,6
"1437",14194,5313403517,2553,1,2.47,2.47,3.11,7
"1438",14189,5313403517,2553,2,3.03,2.78,3.11,7
"1439",14185,5313403517,2554,1,2.56,2.7,3.11,7
"1440",14183,5313403517,2554,2,2.63,2.68,3.11,7
"1441",14199,5313403517,2554,3,3.5,2.74,3.11,7
"1442",14195,5313403517,2555,1,2.81,2.76,3.11,7
"1443",14198,5313403517,2555,2,3.14,2.82,3.11,7
"1444",14201,5313403517,2556,1,3.12,2.85,3.11,7
"1445",14257,5313403532,2553,1,3.53,3.53,3.66,8
"1446",14253,5313403532,2553,2,3.53,3.53,3.66,8
"1447",14247,5313403532,2554,1,3.37,3.48,3.66,8
"1448",14248,5313403532,2554,2,2.9,3.32,3.66,8
"1449",14262,5313403532,2555,1,3.59,3.39,3.66,8
"1450",14258,5313403532,2555,2,3.38,3.39,3.66,8
"1451",14265,5313403532,2556,1,3.18,3.36,3.66,8
"1452",14264,5313403532,2556,2,3.42,3.36,3.66,8
"1453",14307,5313403539,2553,1,2.67,2.67,3.7,8
"1454",14311,5313403539,2553,2,2.89,2.78,3.7,8
"1455",14308,5313403539,2554,1,2.25,2.61,3.7,8
"1456",14315,5313403539,2554,2,2.15,2.48,3.7,8
"1457",14327,5313403539,2554,3,2.75,2.5,3.7,8
"1458",14319,5313403539,2555,1,2.21,2.44,3.7,8
"1459",14336,5313403539,2555,2,2.81,2.5,3.7,8
"1460",14341,5313403539,2556,1,3.06,2.57,3.7,8
"1461",14343,5313403539,2556,2,3.25,2.6,3.7,8
"1462",14376,5313403553,2553,1,1.24,1.24,2.97,6
"1463",14375,5313403553,2553,2,2.03,1.66,2.97,6
"1464",14411,5313403588,2553,1,2.29,2.29,3.43,7
"1465",14407,5313403588,2553,2,2.18,2.23,3.43,7
"1466",14392,5313403588,2553,3,4,2.36,3.43,7
"1467",14393,5313403588,2554,1,1.63,2.15,3.43,7
"1468",14395,5313403588,2554,2,0.81,1.89,3.43,7
"1469",14391,5313403588,2554,3,3.5,1.96,3.43,7
"1470",14405,5313403588,2555,1,0,1.96,3.43,7
"1471",14429,5313403588,2555,2,2.65,2.19,3.43,7
"1472",14427,5313403588,2556,1,2.3,2.21,3.43,7
"1473",14414,5313403588,2556,2,2.47,2.25,3.43,7
"1474",14421,5313403588,2557,1,1.75,2.24,3.43,7
"1475",14417,5313403588,2557,2,1.43,2.21,3.43,7
"1476",14502,5313406190,2553,1,1.73,1.73,2.51,6
"1477",14513,5313406190,2553,2,2.65,2.41,2.51,6
"1478",14493,5313406190,2554,1,2.25,2.35,2.51,6
"1479",14491,5313406190,2554,2,1.83,2.2,2.51,6
"1480",14484,5313406190,2554,3,3.5,2.25,2.51,6
"1481",14488,5313406190,2555,1,2.18,2.23,2.51,6
"1482",14483,5313406190,2555,2,2.05,2.2,2.51,6
"1483",14498,5313406190,2556,1,2.18,2.2,2.51,6
"1484",14500,5313406190,2556,2,1.5,2.19,2.51,6
"1485",14552,5313403597,2553,1,3.29,3.29,2.89,6
"1486",14558,5313403597,2553,2,3.4,3.35,2.89,6
"1487",14553,5313403597,2554,1,3.38,3.36,2.89,6
"1488",14551,5313403597,2554,2,3.33,3.35,2.89,6
"1489",14566,5313403597,2555,1,2.65,3.21,2.89,6
"1490",14571,5313403597,2555,2,2.9,3.16,2.89,6
"1491",14563,5313403597,2556,1,3.24,3.17,2.89,6
"1492",14608,5313403621,2553,1,2.04,2.04,2.58,6
"1493",14609,5313403621,2553,2,1.4,1.68,2.58,6
"1494",14613,5313403621,2554,1,1.66,1.68,2.58,6
"1495",14607,5313403621,2554,2,0.89,1.5,2.58,6
"1496",14640,5313409832,2553,1,0.5,0.5,2.59,6
"1497",14639,5313409832,2553,2,0,0.3,2.59,6
"1498",14667,5313403626,2553,1,1.84,1.84,2.57,6
"1499",14655,5313403626,2553,2,2.17,2,2.57,6
"1500",14663,5313403626,2553,3,1.75,2.12,2.57,6
"1501",14657,5313403626,2554,1,2.25,2.16,2.57,6
"1502",14703,5313403626,2554,2,2.89,2.33,2.57,6
"1503",14679,5313403626,2555,1,2.78,2.43,2.57,6
"1504",14659,5313403626,2555,2,3.2,2.59,2.57,6
"1505",14776,5313406213,2555,1,2.16,2.26,2.79,6
"1506",14775,5313406213,2555,2,2.75,2.36,2.79,6
"1507",14778,5313406213,2556,1,2.37,2.36,2.79,6
"1508",14811,5313403643,2553,1,2.58,2.58,3.44,7
"1509",14807,5313403643,2553,2,2.15,2.36,3.44,7
"1510",14801,5313403643,2554,1,1.65,2.22,3.44,7
"1511",14799,5313403643,2554,2,1.7,2.12,3.44,7
"1512",14816,5313403643,2555,1,1.73,2.03,3.44,7
"1513",14815,5313403643,2555,2,2.79,2.16,3.44,7
"1514",14818,5313403643,2556,1,2.25,2.23,3.44,7
"1515",14817,5313403643,2556,2,1.4,2.14,3.44,7
"1516",14800,5313403643,2556,3,2,2.17,3.44,7
"1517",14864,5313403654,2553,1,3.73,3.73,2.86,6
"1518",14865,5313403654,2553,2,3.84,3.78,2.86,6
"1519",14869,5313403654,2554,1,3.82,3.79,2.86,6
"1520",14863,5313403654,2554,2,3.27,3.65,2.86,6
"1521",14901,5313403667,2553,1,3.17,3.17,3.48,7
"1522",14887,5313403667,2553,2,2.88,3,3.48,7
"1523",14888,5313403667,2554,1,2.24,2.74,3.48,7
"1524",14889,5313403667,2554,2,1.95,2.52,3.48,7
"1525",14893,5313403667,2554,3,2.75,2.54,3.48,7
"1526",14911,5313403667,2555,1,2.2,2.47,3.48,7
"1527",14900,5313403667,2555,2,2.32,2.48,3.48,7
"1528",14909,5313403667,2556,1,3.12,2.58,3.48,7
"1529",14907,5313403667,2556,2,2.4,2.6,3.48,7
"1530",15026,5313403709,2553,1,2.37,2.37,3.12,7
"1531",15023,5313403709,2553,2,2.7,2.54,3.12,7
"1532",15029,5313403709,2555,1,2.5,2.63,3.12,7
"1533",15034,5313403709,2555,2,2.77,2.67,3.12,7
"1534",15037,5313403709,2556,1,2.21,2.65,3.12,7
"1535",15038,5313403709,2556,2,3.09,2.76,3.12,7
"1536",15030,5313403709,2556,3,1,2.72,3.12,7
"1537",15088,5313409964,2553,1,1.44,1.44,2.16,5
"1538",15090,5313409964,2553,2,2.2,1.82,2.16,5
"1539",15085,5313409964,2553,3,3.5,1.97,2.16,5
"1540",15092,5313409964,2554,1,3,2.25,2.16,5
"1541",15096,5313409964,2554,2,2.87,2.37,2.16,5
"1542",15103,5313409964,2554,3,0,2.37,2.16,5
"1543",15087,5313409964,2555,1,2,2.28,2.16,5
"1544",15069,5313409964,2555,2,1.89,2.26,2.16,5
"1545",15067,5313409964,2556,1,2.08,2.35,2.16,5
"1546",15065,5313409964,2556,2,1.37,2.35,2.16,5
"1547",15063,5313409964,2556,3,0.5,2.37,2.16,5
"1548",15068,5313409964,2557,1,0.4,2.2,2.16,5
"1549",15070,5313409964,2557,2,1.5,2.24,2.16,5
"1550",15078,5313409964,2557,3,1,2.21,2.16,5
"1551",15163,5313403734,2553,1,3.41,3.41,3.19,7
"1552",15156,5313403734,2553,2,3.3,3.36,3.19,7
"1553",15157,5313403734,2554,1,2.48,3.09,3.19,7
"1554",15155,5313403734,2554,2,2.38,2.91,3.19,7
"1555",15169,5313403734,2555,1,2.98,2.92,3.19,7
"1556",15174,5313403734,2555,2,2.74,2.89,3.19,7
"1557",15166,5313403734,2556,1,2.65,2.86,3.19,7
"1558",15225,5313406283,2554,1,2.5,2.31,3.14,7
"1559",15222,5313406283,2554,2,2.83,2.43,3.14,7
"1560",15217,5313406283,2554,3,2,2.4,3.14,7
"1561",15212,5313406283,2555,1,2.2,2.35,3.14,7
"1562",15211,5313406283,2555,2,2.58,2.46,3.14,7
"1563",15267,5313403757,2553,1,2.4,2.4,3.03,7
"1564",15264,5313403757,2553,2,2.39,2.4,3.03,7
"1565",15255,5313403757,2554,1,1.59,2.2,3.03,7
"1566",15257,5313403757,2554,2,1.09,1.91,3.03,7
"1567",15260,5313403757,2554,3,2.25,2.02,3.03,7
"1568",15283,5313403757,2555,1,1,1.91,3.03,7
"1569",15272,5313403757,2555,2,1.08,1.86,3.03,7
"1570",15269,5313403757,2555,3,2,1.92,3.03,7
"1571",15333,5313406316,2554,1,1.85,2.01,2.48,5
"1572",15330,5313406316,2554,2,2,2.1,2.48,5
"1573",15329,5313406316,2554,3,1.5,2.17,2.48,5
"1574",15325,5313406316,2555,1,1.62,2.1,2.48,5
"1575",15335,5313406316,2555,2,2.57,2.26,2.48,5
"1576",15339,5313406316,2556,1,2.62,2.33,2.48,5
"1577",15331,5313406316,2556,2,2.75,2.42,2.48,5
"1578",15341,5313406316,2556,3,1,2.39,2.48,5
"1579",15383,5313406353,2553,1,2.5,2.5,2.9,6
"1580",15369,5313406353,2553,2,2.35,2.42,2.9,6
"1581",15370,5313406353,2554,1,1.48,2.06,2.9,6
"1582",15371,5313406353,2554,2,2.27,2.2,2.9,6
"1583",15375,5313406353,2554,3,2,2.19,2.9,6
"1584",15393,5313406353,2555,1,2,2.15,2.9,6
"1585",15382,5313406353,2555,2,2.44,2.32,2.9,6
"1586",15391,5313406353,2556,1,2.43,2.33,2.9,6
"1587",15389,5313406353,2556,2,2.5,2.4,2.9,6
"1588",15446,5313410118,2553,1,1.94,1.94,3.56,8
"1589",15506,5313410118,2553,1,1.94,1.94,0,1
"1590",15438,5313410118,2553,2,2.62,2.34,3.56,8
"1591",15498,5313410118,2553,2,2.62,2.34,0,1
"1592",15439,5313410118,2554,1,2.25,2.31,3.56,8
"1593",15499,5313410118,2554,1,2.25,2.31,0,1
"1594",15437,5313410118,2554,2,2.17,2.27,3.56,8
"1595",15497,5313410118,2554,2,2.17,2.27,0,1
"1596",15453,5313410118,2555,1,1.64,2.13,3.56,8
"1597",15513,5313410118,2555,1,1.64,2.13,0,1
"1598",15458,5313410118,2555,2,2,2.1,3.56,8
"1599",15518,5313410118,2555,2,2,2.1,0,1
"1600",15449,5313410118,2556,1,2.58,2.22,3.56,8
"1601",15509,5313410118,2556,1,2.58,2.22,0,1
"1602",15463,5313410118,2556,2,1.4,2.14,3.56,8
"1603",15523,5313410118,2556,2,1.4,2.14,0,1
"1604",15626,5313403770,2553,1,2.94,2.94,2.96,6
"1605",15617,5313403770,2553,2,3.13,3.05,2.96,6
"1606",15620,5313403770,2554,1,2.92,3,2.96,6
"1607",15633,5313403770,2554,2,2.92,2.98,2.96,6
"1608",15649,5313403770,2554,3,3.75,3.04,2.96,6
"1609",15635,5313403770,2555,1,2.23,2.86,2.96,6
"1610",15624,5313403770,2555,2,2.86,2.86,2.96,6
"1611",15630,5313403770,2556,1,2.9,2.87,2.96,6
"1612",15699,5313403792,2553,1,2.27,2.27,2.77,6
"1613",15698,5313403792,2553,2,2.71,2.5,2.77,6
"1614",15707,5313403792,2554,1,2.09,2.35,2.77,6
"1615",15688,5313403792,2554,2,1.93,2.24,2.77,6
"1616",15681,5313403792,2554,3,3,2.29,2.77,6
"1617",15682,5313403792,2555,1,2.52,2.34,2.77,6
"1618",15692,5313403792,2555,2,2.28,2.33,2.77,6
"1619",15683,5313403792,2556,1,2.43,2.46,2.77,6
"1620",15745,5313403801,2553,1,1.83,1.83,3.54,8
"1621",15749,5313403801,2553,2,2.06,1.95,3.54,8
"1622",15753,5313403801,2554,1,2.31,2.05,3.54,8
"1623",15757,5313403801,2554,2,2.15,2.13,3.54,8
"1624",15746,5313403801,2555,1,2.66,2.26,3.54,8
"1625",15761,5313403801,2555,2,2.23,2.26,3.54,8
"1626",15765,5313403801,2556,1,2.65,2.32,3.54,8
"1627",15763,5313403801,2556,2,1.73,2.23,3.54,8
"1628",15762,5313403801,2556,3,2,2.27,3.54,8
"1629",15827,5313403812,2553,1,3.56,3.56,3.82,8
"1630",15819,5313403812,2553,2,3.89,3.73,3.82,8
"1631",15811,5313403812,2554,1,3.77,3.74,3.82,8
"1632",15777,5313403812,2554,2,3.48,3.67,3.82,8
"1633",15797,5313403812,2555,1,3.5,3.63,3.82,8
"1634",15787,5313403812,2555,2,3.24,3.56,3.82,8
"1635",15783,5313403812,2556,1,3.7,3.58,3.82,8
"1636",15781,5313403812,2556,2,3.75,3.6,3.82,8
"1637",15911,5313406397,2553,1,2.34,2.34,3.31,7
"1638",15908,5313406397,2553,2,2.42,2.38,3.31,7
"1639",15897,5313406397,2553,3,0.5,2.09,3.31,7
"1640",15898,5313406397,2554,1,1.89,2.12,3.31,7
"1641",15901,5313406397,2554,2,1.79,2.04,3.31,7
"1642",15929,5313406397,2554,3,2,2.03,3.31,7
"1643",15916,5313406397,2555,1,1.5,2.04,3.31,7
"1644",15920,5313406397,2555,2,1.59,2,3.31,7
"1645",15914,5313406397,2556,1,2.03,2.1,3.31,7
"1646",15904,5313406397,2556,2,1.85,2.1,3.31,7
"1647",15981,5313406433,2553,1,2.1,2.1,2.99,6
"1648",15977,5313406433,2553,2,2.85,2.52,2.99,6
"1649",15973,5313406433,2554,1,2.58,2.54,2.99,6
"1650",15975,5313406433,2554,2,2.29,2.47,2.99,6
"1651",15985,5313406433,2554,3,2.5,2.47,2.99,6
"1652",15994,5313406433,2555,1,2.09,2.4,2.99,6
"1653",15986,5313406433,2555,2,3,2.5,2.99,6
"1654",15991,5313406433,2556,1,3.13,2.57,2.99,6
"1655",16039,5313403851,2553,1,2.93,2.93,3.67,8
"1656",16037,5313403851,2553,2,2.53,2.72,3.67,8
"1657",16043,5313403851,2554,1,2.59,2.68,3.67,8
"1658",16038,5313403851,2554,2,2.25,2.58,3.67,8
"1659",16053,5313403851,2554,3,2,2.66,3.67,8
"1660",16052,5313403851,2555,1,2.71,2.67,3.67,8
"1661",16056,5313403851,2555,2,2.96,2.73,3.67,8
"1662",16049,5313403851,2556,1,3.69,2.86,3.67,8
"1663",16111,5313403862,2553,1,2.92,2.92,3.13,7
"1664",16101,5313403862,2553,2,2.84,2.88,3.13,7
"1665",16106,5313403862,2554,1,2.64,2.79,3.13,7
"1666",16102,5313403862,2554,2,2.53,2.83,3.13,7
"1667",16113,5313403862,2554,3,3.25,2.86,3.13,7
"1668",16117,5313403862,2555,1,2.2,2.73,3.13,7
"1669",16120,5313403862,2555,2,2.16,2.62,3.13,7
"1670",16119,5313403862,2556,1,2.45,2.66,3.13,7
"1671",16178,5313403865,2553,1,2.82,2.82,3.57,8
"1672",16174,5313403865,2553,2,2.88,2.85,3.57,8
"1673",16166,5313403865,2554,1,1.93,2.53,3.57,8
"1674",16167,5313403865,2554,2,1.81,2.33,3.57,8
"1675",16165,5313403865,2554,3,3,2.38,3.57,8
"1676",16192,5313403865,2555,1,2.65,2.44,3.57,8
"1677",16181,5313403865,2555,2,1.43,2.27,3.57,8
"1678",16185,5313403865,2556,1,2.25,2.27,3.57,8
"1679",16182,5313403865,2556,2,2.82,2.34,3.57,8
"1680",16312,5313403920,2553,1,2.29,2.29,2.88,6
"1681",16307,5313403920,2553,2,2.5,2.4,2.88,6
"1682",16303,5313403920,2554,1,2.25,2.35,2.88,6
"1683",16301,5313403920,2554,2,2,2.26,2.88,6
"1684",16318,5313403920,2554,3,2.5,2.37,2.88,6
"1685",16313,5313403920,2555,1,2.5,2.4,2.88,6
"1686",16316,5313403920,2555,2,3.05,2.52,2.88,6
"1687",16319,5313403920,2556,1,3.37,2.64,2.88,6
"1688",16372,5313403942,2553,1,3.75,3.75,4,8
"1689",16369,5313403942,2553,2,3.86,3.81,4,8
"1690",16365,5313403942,2554,1,3.59,3.73,4,8
"1691",16374,5313403942,2554,2,3.36,3.64,4,8
"1692",16381,5313403942,2555,1,3.33,3.58,4,8
"1693",16375,5313403942,2555,2,3.12,3.52,4,8
"1694",16417,5313403948,2554,1,1.84,2.18,3.16,7
"1695",16421,5313403948,2554,2,2.7,2.3,3.16,7
"1696",16418,5313403948,2554,3,2.5,2.32,3.16,7
"1697",16423,5313403948,2555,1,1.73,2.18,3.16,7
"1698",16424,5313403948,2555,2,2.71,2.29,3.16,7
"1699",16434,5313403948,2556,1,2.82,2.36,3.16,7
"1700",16459,5313403959,2553,1,3.41,3.41,3.63,8
"1701",16469,5313403959,2553,2,3.68,3.56,3.63,8
"1702",16473,5313403959,2554,1,3.41,3.5,3.63,8
"1703",16478,5313403959,2554,2,3.15,3.41,3.63,8
"1704",16467,5313403959,2555,1,3.2,3.37,3.63,8
"1705",16465,5313403959,2555,2,3.03,3.31,3.63,8
"1706",16463,5313403959,2556,1,3.48,3.34,3.63,8
"1707",16515,5313403972,2553,1,2.72,2.72,3,7
"1708",16523,5313403972,2553,2,2.55,2.63,3,7
"1709",16516,5313403972,2554,1,1.08,2.08,3,7
"1710",16518,5313403972,2554,2,1.59,2.18,3,7
"1711",16517,5313403972,2555,1,1.8,2.1,3,7
"1712",16529,5313403972,2555,2,2.25,2.2,3,7
"1713",16539,5313403972,2556,1,2.05,2.17,3,7
"1714",16536,5313403972,2556,2,2.13,2.17,3,7
"1715",16532,5313403972,2557,1,2.79,2.27,3,7
"1716",16594,5313403984,2553,1,2.71,2.71,3.11,7
"1717",16589,5313403984,2553,2,2.4,2.55,3.11,7
"1718",16585,5313403984,2554,1,1.83,2.32,3.11,7
"1719",16583,5313403984,2554,2,0.68,2,3.11,7
"1720",16598,5313403984,2554,3,0,2,3.11,7
"1721",16602,5313403984,2556,1,1.75,2.18,3.11,7
"1722",16604,5313403984,2556,2,2.33,2.21,3.11,7
"1723",16593,5313403984,2557,1,1.29,2.08,3.11,7
"1724",16606,5313403984,2557,2,2,2.2,3.11,7
"1725",16640,5313404004,2553,1,2.75,2.75,3.5,8
"1726",16647,5313404004,2553,2,2.83,2.8,3.5,8
"1727",16642,5313404004,2554,1,2.06,2.54,3.5,8
"1728",16639,5313404004,2554,2,1.73,2.32,3.5,8
"1729",16664,5313404004,2554,3,3.25,2.39,3.5,8
"1730",16655,5313404004,2555,1,2.05,2.33,3.5,8
"1731",16661,5313404004,2555,2,2.46,2.35,3.5,8
"1732",16653,5313404004,2556,1,2.53,2.42,3.5,8
"1733",16656,5313404004,2556,2,2.5,2.43,3.5,8
"1734",16722,5313404017,2553,1,2.81,2.81,3.42,7
"1735",16727,5313404017,2553,2,2.62,2.93,3.42,7
"1736",16730,5313404017,2554,1,2.06,2.63,3.42,7
"1737",16723,5313404017,2554,2,2.35,2.56,3.42,7
"1738",16708,5313404017,2554,3,2.5,2.56,3.42,7
"1739",16710,5313404017,2555,1,3.05,2.66,3.42,7
"1740",16707,5313404017,2555,2,2.74,2.67,3.42,7
"1741",16715,5313404017,2556,1,3.21,2.74,3.42,7
"1742",16740,5313406523,2553,1,1.79,1.79,2.74,6
"1743",16739,5313406523,2553,2,0,0.8,2.74,6
"1744",16793,5313404032,2553,1,2.34,2.34,3.2,7
"1745",16771,5313404032,2553,2,2.39,2.37,3.2,7
"1746",16777,5313404032,2554,1,1.89,2.24,3.2,7
"1747",16757,5313404032,2554,2,1.1,1.91,3.2,7
"1748",16761,5313404032,2554,3,1.75,1.98,3.2,7
"1749",16755,5313404032,2555,1,1.66,1.98,3.2,7
"1750",16817,5313404032,2555,2,1.19,1.94,3.2,7
"1751",16791,5313404032,2555,3,2.5,2.03,3.2,7
"1752",16819,5313404032,2556,1,1.75,2.03,3.2,7
"1753",16813,5313404032,2556,2,1.79,2.06,3.2,7
"1754",16809,5313404032,2556,3,1,2.04,3.2,7
"1755",16803,5313404032,2557,1,1.28,2.09,3.2,7
"1756",16932,5313410359,2553,1,1.89,1.89,2.15,5
"1757",16931,5313410359,2553,2,1.98,2.11,2.15,5
"1758",16941,5313410359,2554,1,1.2,1.83,2.15,5
"1759",16960,5313404047,2553,1,2.39,2.39,3.45,7
"1760",16957,5313404047,2553,2,2.89,2.64,3.45,7
"1761",16953,5313404047,2554,1,2.43,2.57,3.45,7
"1762",16951,5313404047,2554,2,3,2.67,3.45,7
"1763",16966,5313404047,2555,1,2.23,2.57,3.45,7
"1764",16971,5313404047,2555,2,2.62,2.58,3.45,7
"1765",16962,5313404047,2556,1,3.45,2.7,3.45,7
"1766",17014,5313404076,2553,1,2.67,2.67,3.07,7
"1767",17013,5313404076,2553,2,2.77,2.72,3.07,7
"1768",17009,5313404076,2554,1,2.34,2.6,3.07,7
"1769",17007,5313404076,2554,2,2.29,2.52,3.07,7
"1770",17022,5313404076,2555,1,2.03,2.41,3.07,7
"1771",17027,5313404076,2555,2,2.59,2.44,3.07,7
"1772",17031,5313404076,2556,1,2.84,2.56,3.07,7
"1773",17029,5313404076,2556,2,2.3,2.53,3.07,7
"1774",17074,5313404102,2556,1,2.13,2.4,3.06,7
"1775",17075,5313404102,2556,2,1.5,2.44,3.06,7
"1776",17079,5313404102,2556,3,1.25,2.38,3.06,7
"1777",17067,5313404102,2557,1,1.93,2.42,3.06,7
"1778",17071,5313404102,2557,2,1.5,2.36,3.06,7
"1779",17101,5313404103,2553,1,3.06,3.06,3.35,7
"1780",17097,5313404103,2553,2,3.53,3.29,3.35,7
"1781",17089,5313404103,2554,1,2.45,2.99,3.35,7
"1782",17090,5313404103,2554,2,1.59,2.66,3.35,7
"1783",17098,5313404103,2554,3,4,2.76,3.35,7
"1784",17100,5313404103,2555,1,2.59,2.73,3.35,7
"1785",17105,5313404103,2555,2,2.29,2.72,3.35,7
"1786",17109,5313404103,2556,1,2.18,2.64,3.35,7
"1787",17102,5313404103,2556,2,3.35,2.72,3.35,7
"1788",17159,5313404116,2553,1,1.62,1.62,3.31,7
"1789",17157,5313404116,2553,2,2.37,2,3.31,7
"1790",17173,5313404116,2553,3,1.5,2.08,3.31,7
"1791",17168,5313404116,2554,1,1.68,1.94,3.31,7
"1792",17179,5313404116,2554,2,1.98,1.95,3.31,7
"1793",17187,5313404116,2554,3,1.5,1.92,3.31,7
"1794",17210,5313404116,2555,1,2.53,2.04,3.31,7
"1795",17167,5313404116,2555,2,1.27,1.98,3.31,7
"1796",17165,5313404116,2556,1,2.37,2.04,3.31,7
"1797",17163,5313404116,2556,2,1.84,2.1,3.31,7
"1798",17248,5313404138,2553,1,1.92,1.92,3.01,7
"1799",17239,5313404138,2553,2,1.94,2.12,3.01,7
"1800",17237,5313404138,2554,1,1.78,1.97,3.01,7
"1801",17233,5313404138,2554,2,2.03,2.17,3.01,7
"1802",17238,5313404138,2554,3,0.75,2.24,3.01,7
"1803",17245,5313404138,2555,1,1.41,2.03,3.01,7
"1804",17251,5313404138,2555,2,1.83,2.17,3.01,7
"1805",17256,5313404138,2556,1,0.17,2.02,3.01,7
"1806",17254,5313404138,2556,2,0.5,1.98,3.01,7
"1807",17252,5313404138,2556,3,0.84,2,3.01,7
"1808",17314,5313406549,2553,1,3.32,3.32,3.75,8
"1809",17305,5313406549,2553,2,3.42,3.37,3.75,8
"1810",17307,5313406549,2554,1,3.46,3.4,3.75,8
"1811",17322,5313406549,2554,2,3.15,3.33,3.75,8
"1812",17335,5313406549,2555,1,3.94,3.46,3.75,8
"1813",17324,5313406549,2555,2,3.48,3.47,3.75,8
"1814",17306,5313406549,2555,3,0,3.47,3.75,8
"1815",17320,5313406549,2556,1,3.77,3.5,3.75,8
"1816",17318,5313406549,2556,2,3.87,3.52,3.75,8
"1817",17375,5313406560,2553,1,2.79,2.79,3.42,7
"1818",17379,5313406560,2553,2,2.7,2.74,3.42,7
"1819",17377,5313406560,2553,3,1.75,2.6,3.42,7
"1820",17406,5313406560,2554,1,1.42,2.25,3.42,7
"1821",17402,5313406560,2554,2,2,2.27,3.42,7
"1822",17395,5313406560,2554,3,1.5,2.32,3.42,7
"1823",17390,5313406560,2555,1,1.4,2.14,3.42,7
"1824",17376,5313406560,2555,2,2.55,2.28,3.42,7
"1825",17457,5313404148,2554,1,2.64,2.84,3.34,7
"1826",17443,5313404148,2554,2,2.15,2.66,3.34,7
"1827",17445,5313404148,2555,1,2.24,2.56,3.34,7
"1828",17452,5313404148,2555,2,2.34,2.52,3.34,7
"1829",17444,5313404148,2556,1,3.15,2.61,3.34,7
"1830",17455,5313404148,2556,2,3.13,2.65,3.34,7
"1831",17531,5313404172,2553,1,3.14,3.14,3.62,8
"1832",17524,5313404172,2553,2,3.1,3.12,3.62,8
"1833",17525,5313404172,2553,3,0,2.9,3.62,8
"1834",17526,5313404172,2554,1,1.87,2.71,3.62,8
"1835",17523,5313404172,2554,2,1.5,2.4,3.62,8
"1836",17553,5313404172,2554,3,3,2.53,3.62,8
"1837",17540,5313404172,2555,1,2.63,2.63,3.62,8
"1838",17538,5313404172,2555,2,2.6,2.63,3.62,8
"1839",17543,5313404172,2556,1,2.2,2.57,3.62,8
"1840",17595,5313410514,2553,1,2.85,2.85,3.09,7
"1841",17611,5313410514,2553,1,2.85,2.85,2.96,6
"1842",17596,5313410514,2553,2,2.98,2.92,3.09,7
"1843",17612,5313410514,2553,2,2.98,2.92,2.96,6
"1844",17634,5313404177,2553,1,2.6,2.6,3.54,8
"1845",17627,5313404177,2553,2,2.45,2.52,3.54,8
"1846",17630,5313404177,2554,1,1.8,2.25,3.54,8
"1847",17628,5313404177,2554,2,1.8,2.13,3.54,8
"1848",17650,5313404177,2555,1,2.18,2.21,3.54,8
"1849",17638,5313404177,2555,2,1.53,2.09,3.54,8
"1850",17645,5313404177,2556,1,2.35,2.13,3.54,8
"1851",17643,5313404177,2556,2,1.7,2.13,3.54,8
"1852",17777,5313404184,2553,1,2.06,2.06,2.94,6
"1853",17781,5313404184,2553,2,1.62,1.84,2.94,6
"1854",17785,5313404184,2554,1,2.33,2.1,2.94,6
"1855",17807,5313404184,2554,2,2.27,2.15,2.94,6
"1856",17779,5313404184,2554,3,1.75,2.12,2.94,6
"1857",17751,5313404184,2555,1,1.94,2.07,2.94,6
"1858",17747,5313404184,2555,2,1.48,2.02,2.94,6
"1859",17769,5313404184,2556,1,1.5,1.95,2.94,6
"1860",17773,5313404184,2556,2,1.91,1.95,2.94,6
"1861",17759,5313404184,2556,3,1,1.99,2.94,6
"1862",17894,5313406594,2553,1,0.97,0.97,2.57,6
"1863",17970,5313406594,2553,1,0.97,0.97,2.59,6
"1864",17891,5313406594,2553,2,1.86,1.59,2.57,6
"1865",17967,5313406594,2553,2,1.86,1.59,2.59,6
"1866",17911,5313406594,2553,3,0,1.44,2.57,6
"1867",17987,5313406594,2553,3,0,1.44,2.59,6
"1868",17900,5313406594,2555,1,1.84,1.85,2.57,6
"1869",17976,5313406594,2555,1,1.84,1.85,2.59,6
"1870",17902,5313406594,2555,2,3.4,2.08,2.57,6
"1871",17978,5313406594,2555,2,3.4,2.08,2.59,6
"1872",17907,5313406594,2556,1,1.62,2.06,2.57,6
"1873",17983,5313406594,2556,1,1.62,2.06,2.59,6
"1874",17931,5313406594,2556,2,1.25,2.05,2.57,6
"1875",18007,5313406594,2556,2,1.25,2.05,2.59,6
"1876",17927,5313406594,2557,1,1.92,2.11,2.57,6
"1877",18003,5313406594,2557,1,1.92,2.11,2.59,6
"1878",17917,5313406594,2557,2,2.13,2.15,2.57,6
"1879",17993,5313406594,2557,2,2.13,2.15,2.59,6
"1880",17920,5313406594,2557,3,1,2.13,2.57,6
"1881",17996,5313406594,2557,3,1,2.13,2.59,6
"1882",18067,5313404193,2553,1,2.17,2.17,2.89,6
"1883",18050,5313404193,2553,2,1.95,2.05,2.89,6
"1884",18043,5313404193,2554,1,2.16,2.08,2.89,6
"1885",18045,5313404193,2554,2,1.04,1.85,2.89,6
"1886",18044,5313404193,2554,3,4,1.96,2.89,6
"1887",18058,5313404193,2555,1,2.5,2.04,2.89,6
"1888",18053,5313404193,2555,2,0,2.04,2.89,6
"1889",18066,5313404193,2556,1,0,1.7,2.89,6
"1890",18151,5313404204,2553,1,2.97,2.97,3.77,8
"1891",18158,5313404204,2553,2,3.25,3.13,3.77,8
"1892",18152,5313404204,2554,1,2.69,2.95,3.77,8
"1893",18153,5313404204,2554,2,2.35,2.79,3.77,8
"1894",18166,5313404204,2555,1,3.29,2.91,3.77,8
"1895",18171,5313404204,2555,2,2.79,2.89,3.77,8
"1896",18162,5313404204,2556,1,2.55,2.84,3.77,8
"1897",18208,5313410536,2553,1,1.29,1.29,2.01,5
"1898",18210,5313410536,2553,2,1.74,1.5,2.01,5
"1899",18214,5313410536,2554,1,2.25,1.77,2.01,5
"1900",18207,5313410536,2554,2,1.65,1.74,2.01,5
"1901",18249,5313404217,2553,1,2.95,2.95,2.93,6
"1902",18245,5313404217,2553,2,3,2.98,2.93,6
"1903",18240,5313404217,2554,1,2.78,2.91,2.93,6
"1904",18239,5313404217,2554,2,2.25,2.73,2.93,6
"1905",18254,5313404217,2555,1,3.13,2.82,2.93,6
"1906",18259,5313404217,2555,2,2.28,2.72,2.93,6
"1907",18250,5313404217,2556,1,3,2.77,2.93,6
"1908",18328,5313406640,2553,1,1.84,1.84,2.37,5
"1909",18337,5313406640,2553,2,2.4,2.09,2.37,5
"1910",18306,5313406640,2554,1,1.57,1.99,2.37,5
"1911",18330,5313406640,2554,2,1.95,2.07,2.37,5
"1912",18295,5313406640,2554,3,1.75,2.13,2.37,5
"1913",18301,5313406640,2555,1,1.71,2.03,2.37,5
"1914",18296,5313406640,2555,2,1.81,2.04,2.37,5
"1915",18307,5313406640,2556,1,2.14,2.15,2.37,5
"1916",18324,5313406640,2556,2,1.38,2.18,2.37,5
"1917",18322,5313406640,2556,3,1.5,2.21,2.37,5
"1918",18309,5313406640,2557,1,0.5,2.18,2.37,5
"1919",18311,5313406640,2557,2,0.5,2.16,2.37,5
"1920",18312,5313406640,2557,3,0,2.16,2.37,5
"1921",18391,5313404251,2554,1,3.37,3.49,3.35,7
"1922",18398,5313404251,2554,2,2.85,3.32,3.35,7
"1923",18393,5313404251,2555,1,3.5,3.37,3.35,7
"1924",18392,5313404251,2555,2,3.29,3.35,3.35,7
"1925",18403,5313404251,2556,1,3.4,3.36,3.35,7
"1926",18423,5313404265,2553,1,1.61,1.61,3.43,7
"1927",18436,5313406679,2553,1,3.07,3.07,3.7,8
"1928",18452,5313406679,2553,2,3.13,3.1,3.7,8
"1929",18439,5313406679,2554,1,2.96,3.05,3.7,8
"1930",18444,5313406679,2554,2,2.12,2.8,3.7,8
"1931",18428,5313406679,2555,1,2.3,2.7,3.7,8
"1932",18431,5313406679,2555,2,2.23,2.62,3.7,8
"1933",18427,5313406679,2556,1,2.98,2.67,3.7,8
"1934",18495,5313404280,2553,1,3.29,3.29,2.56,6
"1935",18491,5313404280,2553,2,3.21,3.25,2.56,6
"1936",18483,5313404280,2554,1,2.66,3.05,2.56,6
"1937",18484,5313404280,2554,2,2.78,3.1,2.56,6
"1938",18505,5313404280,2554,3,3.25,3.11,2.56,6
"1939",18498,5313404280,2555,1,3.11,3.11,2.56,6
"1940",18501,5313404280,2555,2,3.05,3.1,2.56,6
"1941",18489,5313404280,2556,1,3.24,3.12,2.56,6
