"","ID","EnrolledYear","Semester","GPA","X2556_GPAX","entry2553_GPAX"
"14",5613400878,2556,1,3.09,3.09,3.14
"12976",5613400878,2556,1,3.09,3.09,3.15
"1",5613400878,2556,2,3,3.04,3.14
"12963",5613400878,2556,2,3,3.04,3.15
"4",5613400878,2557,1,2.48,2.85,3.14
"12966",5613400878,2557,1,2.48,2.85,3.15
"3",5613400878,2557,2,2.58,2.78,3.14
"12965",5613400878,2557,2,2.58,2.78,3.15
"2",5613400878,2557,3,3.5,2.83,3.14
"12964",5613400878,2557,3,3.5,2.83,3.15
"35",5613405503,2556,1,1.9,1.9,3.37
"13533",5613405503,2556,1,1.9,1.9,3.35
"33",5613405503,2556,2,1.75,2,3.37
"13531",5613405503,2556,2,1.75,2,3.35
"34",5613405503,2557,1,1.3,1.81,3.37
"13532",5613405503,2557,1,1.3,1.81,3.35
"40",5613405503,2557,2,1.85,1.91,3.37
"13538",5613405503,2557,2,1.85,1.91,3.35
"36",5613405503,2557,3,3,2,3.37
"13534",5613405503,2557,3,3,2,3.35
"74",5613406025,2556,1,2.48,2.48,3.54
"77",5613406025,2556,2,2.6,2.53,3.54
"66",5613406025,2557,1,1.68,2.22,3.54
"65",5613406025,2557,2,2.14,2.29,3.54
"67",5613406025,2557,3,2.38,2.29,3.54
"94",5613401462,2556,1,2.74,2.74,3.9
"13148",5613401462,2556,1,2.74,2.74,3.91
"85",5613401462,2556,2,2.85,2.79,3.9
"13139",5613401462,2556,2,2.85,2.79,3.91
"83",5613401462,2556,3,2.75,2.79,3.9
"13137",5613401462,2556,3,2.75,2.79,3.91
"81",5613401462,2557,1,2.47,2.69,3.9
"13135",5613401462,2557,1,2.47,2.69,3.91
"90",5613401462,2557,2,3.12,2.81,3.9
"13144",5613401462,2557,2,3.12,2.81,3.91
"87",5613401462,2557,3,2,2.75,3.9
"13141",5613401462,2557,3,2,2.75,3.91
"128",5613403809,2556,1,2.53,2.53,3.53
"13438",5613403809,2556,1,2.53,2.53,3.52
"123",5613403809,2556,2,2.57,2.55,3.53
"13433",5613403809,2556,2,2.57,2.55,3.52
"117",5613403809,2557,1,1.65,2.22,3.53
"13427",5613403809,2557,1,1.65,2.22,3.52
"120",5613403809,2557,2,2.37,2.27,3.53
"13430",5613403809,2557,2,2.37,2.27,3.52
"118",5613403809,2557,3,4,2.33,3.53
"13428",5613403809,2557,3,4,2.33,3.52
"163",5613401344,2556,1,3.84,3.84,3.67
"12945",5613401344,2556,1,3.84,3.84,3.65
"149",5613401344,2556,2,3.66,3.75,3.67
"12931",5613401344,2556,2,3.66,3.75,3.65
"152",5613401344,2557,1,3.07,3.5,3.67
"12934",5613401344,2557,1,3.07,3.5,3.65
"151",5613401344,2557,2,3.3,3.45,3.67
"12933",5613401344,2557,2,3.3,3.45,3.65
"150",5613401344,2557,3,4,3.49,3.67
"12932",5613401344,2557,3,4,3.49,3.65
"190",5613405794,2556,1,2.85,2.85,3.6
"13216",5613405794,2556,1,2.85,2.85,3.66
"181",5613405794,2556,2,2.03,2.39,3.6
"13207",5613405794,2556,2,2.03,2.39,3.66
"183",5613405794,2557,1,2.86,2.57,3.6
"13209",5613405794,2557,1,2.86,2.57,3.66
"187",5613405794,2557,2,3.33,2.76,3.6
"13213",5613405794,2557,2,3.33,2.76,3.66
"218",5613401435,2556,1,3.06,3.06,3.68
"13244",5613401435,2556,1,3.06,3.06,3.61
"206",5613401435,2556,2,2.67,2.87,3.68
"13232",5613401435,2556,2,2.67,2.87,3.61
"209",5613401435,2557,1,2.64,2.78,3.68
"13235",5613401435,2557,1,2.64,2.78,3.61
"207",5613401435,2557,2,2.73,2.77,3.68
"13233",5613401435,2557,2,2.73,2.77,3.61
"205",5613401435,2557,3,4,2.86,3.68
"13231",5613401435,2557,3,4,2.86,3.61
"269",5613404284,2556,1,1.33,1.33,2.61
"270",5613404284,2556,2,0,0.9,2.61
"286",5613406064,2556,1,3.2,3.2,3.5
"277",5613406064,2556,2,3.23,3.21,3.5
"278",5613406064,2556,3,3.6,3.26,3.5
"282",5613406064,2557,1,2.83,3.12,3.5
"279",5613406064,2557,2,3.39,3.19,3.5
"296",5613406446,2556,1,1.85,1.85,2.17
"13946",5613406446,2556,1,1.85,1.85,2.22
"291",5613406446,2556,2,2.43,2.12,2.17
"13941",5613406446,2556,2,2.43,2.12,2.22
"295",5613406446,2556,3,2,2.11,2.17
"13945",5613406446,2556,3,2,2.11,2.22
"294",5613406446,2557,1,2.86,2.4,2.17
"13944",5613406446,2557,1,2.86,2.4,2.22
"292",5613406446,2557,2,3.15,2.58,2.17
"13942",5613406446,2557,2,3.15,2.58,2.22
"302",5613406446,2557,3,3.5,2.62,2.17
"13952",5613406446,2557,3,3.5,2.62,2.22
"339",5613406268,2556,1,2.27,2.27,2.66
"14347",5613406268,2556,1,2.27,2.27,2.83
"336",5613406268,2556,2,2.24,2.25,2.66
"14344",5613406268,2556,2,2.24,2.25,2.83
"327",5613406268,2557,1,1.37,1.95,2.66
"14335",5613406268,2557,1,1.37,1.95,2.83
"330",5613406268,2557,2,2.1,2.07,2.66
"14338",5613406268,2557,2,2.1,2.07,2.83
"334",5613406268,2557,3,0,2.07,2.66
"14342",5613406268,2557,3,0,2.07,2.83
"360",5613400975,2556,1,2.78,2.78,3.64
"13392",5613400975,2556,1,2.78,2.78,3.66
"363",5613400975,2556,2,2.55,2.66,3.64
"13395",5613400975,2556,2,2.55,2.66,3.66
"359",5613400975,2556,3,3.75,2.8,3.64
"13391",5613400975,2556,3,3.75,2.8,3.66
"409",5613401305,2556,1,2.79,2.79,2.94
"407",5613401305,2556,2,2.3,2.56,2.94
"414",5613401305,2556,3,3.25,2.66,2.94
"419",5613401305,2557,1,1.79,2.39,2.94
"415",5613401305,2557,2,1.95,2.29,2.94
"411",5613401305,2557,3,3.5,2.38,2.94
"454",5613401212,2556,1,3.21,3.21,3.51
"13526",5613401212,2556,1,3.21,3.21,3.48
"451",5613401212,2556,2,3.12,3.16,3.51
"13523",5613401212,2556,2,3.12,3.16,3.48
"459",5613403474,2556,1,2.74,2.74,3.41
"13791",5613403474,2556,1,2.74,2.74,3.37
"470",5613403474,2556,2,2.92,2.83,3.41
"13802",5613403474,2556,2,2.92,2.83,3.37
"466",5613403474,2557,1,1.91,2.48,3.41
"13798",5613403474,2557,1,1.91,2.48,3.37
"460",5613403474,2557,2,1.96,2.33,3.41
"13792",5613403474,2557,2,1.96,2.33,3.37
"461",5613403474,2557,3,3.2,2.38,3.41
"13793",5613403474,2557,3,3.2,2.38,3.37
"499",5613402711,2556,1,2.92,2.92,2.7
"501",5613402711,2556,2,2.48,2.68,2.7
"491",5613402711,2557,1,1.83,2.38,2.7
"495",5613402711,2557,2,2.35,2.37,2.7
"639",5613402889,2556,1,2.3,2.3,2.94
"637",5613402889,2556,2,2.58,2.45,2.94
"636",5613402889,2557,1,1.63,2.2,2.94
"645",5613402889,2557,2,1.91,2.13,2.94
"635",5613402889,2557,3,2.5,2.25,2.94
"682",5613401030,2556,1,2.53,2.53,2.98
"668",5613401030,2556,2,3.03,2.8,2.98
"669",5613401030,2557,1,2.4,2.66,2.98
"667",5613401030,2557,2,1.98,2.48,2.98
"678",5613401030,2557,3,3.5,2.55,2.98
"700",5613402238,2556,1,2.8,2.8,3.24
"703",5613402238,2556,2,2.56,2.68,3.24
"701",5613402238,2557,1,3.39,2.95,3.24
"707",5613402238,2557,2,3.63,3.13,3.24
"699",5613402238,2557,3,3.75,3.17,3.24
"779",5613402003,2556,1,2.5,2.5,3.23
"14027",5613402003,2556,1,2.5,2.5,3.27
"765",5613402003,2556,2,2.55,2.53,3.23
"14013",5613402003,2556,2,2.55,2.53,3.27
"766",5613402003,2556,3,3.5,2.61,3.23
"14014",5613402003,2556,3,3.5,2.61,3.27
"764",5613402003,2557,1,2.22,2.49,3.23
"14012",5613402003,2557,1,2.22,2.49,3.27
"772",5613402003,2557,2,2.48,2.49,3.23
"14020",5613402003,2557,2,2.48,2.49,3.27
"763",5613402003,2557,3,2.5,2.49,3.23
"14011",5613402003,2557,3,2.5,2.49,3.27
"814",5613404236,2556,1,3.21,3.21,3.83
"13114",5613404236,2556,1,3.21,3.21,3.78
"801",5613404236,2556,2,3.37,3.29,3.83
"13101",5613404236,2556,2,3.37,3.29,3.78
"803",5613404236,2556,3,4,3.39,3.83
"13103",5613404236,2556,3,4,3.39,3.78
"805",5613404236,2557,1,3.46,3.42,3.83
"13105",5613404236,2557,1,3.46,3.42,3.78
"799",5613404236,2557,2,3.75,3.5,3.83
"13099",5613404236,2557,2,3.75,3.5,3.78
"800",5613404236,2557,3,4,3.53,3.83
"13100",5613404236,2557,3,4,3.53,3.78
"835",5613403640,2556,1,2.44,2.44,3.29
"839",5613403640,2556,2,2.17,2.29,3.29
"840",5613403640,2556,3,3.5,2.48,3.29
"836",5613403640,2557,1,2.18,2.39,3.29
"846",5613403640,2557,2,1.77,2.23,3.29
"837",5613403640,2557,3,1.5,2.18,3.29
"907",5613404952,2556,1,0.24,0.24,3.21
"916",5613404786,2556,1,2.23,2.23,3.18
"911",5613404786,2556,2,1.92,2.27,3.18
"913",5613404786,2556,3,1.5,2.41,3.18
"909",5613404786,2557,1,0.85,1.81,3.18
"919",5613404786,2557,2,1.93,2.01,3.18
"910",5613404786,2557,3,3,2.09,3.18
"945",5613401487,2556,1,2.48,2.48,2.88
"953",5613401487,2556,2,2.17,2.32,2.88
"950",5613401487,2556,3,3,2.42,2.88
"946",5613401487,2557,1,1.59,2.28,2.88
"954",5613401487,2557,2,2.61,2.37,2.88
"958",5613401487,2557,3,3.75,2.47,2.88
"1017",5613401653,2556,1,3.24,3.24,3.53
"1019",5613401653,2556,2,3.16,3.2,3.53
"1034",5613400606,2556,1,3.07,3.07,2.99
"1032",5613400606,2556,2,2.64,2.83,2.99
"1025",5613400606,2556,3,2,2.71,2.99
"1027",5613400606,2557,1,2.75,2.72,2.99
"1030",5613400606,2557,2,2.74,2.73,2.99
"1036",5613400606,2557,3,3,2.75,2.99
"1062",5613405107,2556,1,3.39,3.39,3.35
"1061",5613405107,2556,2,2.86,3.11,3.35
"1069",5613403118,2556,1,1.33,1.33,2.77
"1074",5613400619,2556,1,2.5,2.5,2.78
"1085",5613400619,2556,2,2.24,2.37,2.78
"1081",5613400619,2557,1,1.35,1.99,2.78
"1077",5613400619,2557,2,1.04,1.79,2.78
"1071",5613400619,2557,3,3.75,1.96,2.78
"1103",5613401507,2556,1,3.16,3.16,3.5
"1115",5613401507,2556,2,3.7,3.44,3.5
"1105",5613401507,2557,1,3.46,3.45,3.5
"1104",5613401507,2557,2,3.55,3.47,3.5
"1111",5613401507,2557,3,3.75,3.49,3.5
"1121",5613401390,2556,1,1.25,1.25,2.7
"1122",5613401390,2556,2,2.11,1.88,2.7
"1123",5613401390,2556,3,1,1.89,2.7
"1119",5613401390,2557,1,1.6,1.79,2.7
"1129",5613401390,2557,2,2.75,2.09,2.7
"1120",5613401390,2557,3,2.67,2.25,2.7
"1164",5613402319,2556,1,2.45,2.45,3.58
"14002",5613402319,2556,1,2.45,2.45,3.66
"1167",5613402319,2556,2,2.29,2.37,3.58
"14005",5613402319,2556,2,2.29,2.37,3.66
"1169",5613402319,2556,3,1.75,2.45,3.58
"14007",5613402319,2556,3,1.75,2.45,3.66
"1155",5613402319,2557,1,1.96,2.28,3.58
"13993",5613402319,2557,1,1.96,2.28,3.66
"1160",5613402319,2557,2,2.31,2.29,3.58
"13998",5613402319,2557,2,2.31,2.29,3.66
"1157",5613402319,2557,3,3.6,2.37,3.58
"13995",5613402319,2557,3,3.6,2.37,3.66
"1174",5613404099,2556,1,2.97,2.97,3.75
"1175",5613404099,2556,2,2.77,2.87,3.75
"1177",5613404099,2556,3,4,3.03,3.75
"1173",5613404099,2557,1,2.12,2.71,3.75
"1180",5613404099,2557,2,2.46,2.65,3.75
"1212",5613405657,2556,1,2.78,2.78,3.55
"1202",5613405657,2556,2,2.82,2.8,3.55
"1204",5613405657,2556,3,4,2.96,3.55
"1201",5613405657,2557,1,2.25,2.76,3.55
"1209",5613405657,2557,2,3.24,2.87,3.55
"1241",5613403789,2556,1,2.04,2.04,2.89
"1243",5613403789,2556,2,0,1.02,2.89
"1272",5613401480,2556,1,2.54,2.54,3.7
"1271",5613401480,2556,2,2.74,2.64,3.7
"1269",5613401480,2556,3,3.5,2.78,3.7
"1249",5613401480,2557,1,3.03,2.87,3.7
"1251",5613401480,2557,2,3.4,3,3.7
"1250",5613401480,2557,3,4,3.09,3.7
"1300",5613401886,2556,1,2.34,2.34,3.52
"1286",5613401886,2556,2,2.63,2.49,3.52
"1285",5613401886,2556,3,2.75,2.53,3.52
"1287",5613401886,2557,1,2.5,2.52,3.52
"1293",5613401886,2557,2,2.47,2.51,3.52
"1297",5613401886,2557,3,2,2.49,3.52
"1323",5613401263,2556,1,2.3,2.3,3.85
"1321",5613401263,2556,2,1.77,2.02,3.85
"1329",5613401263,2556,3,2.75,2.29,3.85
"1333",5613401263,2557,1,1.6,2.05,3.85
"1330",5613401263,2557,2,2.19,2.09,3.85
"1325",5613401263,2557,3,2.75,2.13,3.85
"1357",5613405749,2556,1,2.92,2.92,3.28
"1362",5613405749,2556,2,2.66,2.79,3.28
"1358",5613405749,2557,1,2.98,2.87,3.28
"1364",5613405749,2557,2,3.15,2.93,3.28
"1366",5613405749,2557,3,4,2.98,3.28
"1434",5613400923,2556,1,2.39,2.39,3.03
"1423",5613400923,2556,2,2.66,2.52,3.03
"1424",5613400923,2556,3,2,2.48,3.03
"1422",5613400923,2557,1,1.3,2.11,3.03
"1429",5613400923,2557,2,1.46,1.92,3.03
"1421",5613400923,2557,3,2.25,2.02,3.03
"1458",5613404332,2556,1,2.36,2.36,3
"1459",5613404332,2556,2,1.64,1.99,3
"1461",5613404332,2557,1,1.75,2.02,3
"1457",5613404332,2557,2,1.93,2,3
"1519",5613404461,2556,1,1.94,1.94,3.16
"1506",5613404461,2556,2,1.7,1.97,3.16
"1507",5613404461,2557,1,2.16,2.04,3.16
"1505",5613404461,2557,2,2.24,2.19,3.16
"1516",5613404461,2557,3,2.25,2.2,3.16
"1551",5613404011,2556,1,2.67,2.67,2.73
"1537",5613404011,2556,2,2.03,2.35,2.73
"1541",5613404011,2557,1,1.34,2.01,2.73
"1539",5613404011,2557,2,3.06,2.36,2.73
"1538",5613404011,2557,3,3,2.42,2.73
"1575",5613404248,2556,1,3.41,3.41,3.72
"1571",5613404248,2556,2,3.15,3.29,3.72
"1569",5613404248,2557,1,3.5,3.37,3.72
"1577",5613404248,2557,2,3.25,3.34,3.72
"1570",5613404248,2557,3,3,3.32,3.72
"1602",5613403578,2556,1,1.56,1.56,2.71
"1603",5613403578,2556,2,1.74,1.81,2.71
"1605",5613403578,2556,3,0,1.81,2.71
"1601",5613403578,2557,1,1.29,1.7,2.71
"1611",5613403578,2557,2,0.35,1.5,2.71
"1610",5613403578,2557,3,0,1.5,2.71
"1642",5613400561,2556,1,1.89,1.89,3.34
"1640",5613400561,2556,2,2.31,2.29,3.34
"1638",5613400561,2556,3,2,2.25,3.34
"1637",5613400561,2557,1,1.75,2.1,3.34
"1647",5613400561,2557,2,1.79,2.12,3.34
"1643",5613400561,2557,3,2.75,2.17,3.34
"1687",5613405516,2556,1,2.87,2.87,3.23
"1674",5613405516,2556,2,2.56,2.71,3.23
"1676",5613405516,2556,3,3.1,2.76,3.23
"1678",5613405516,2557,1,2.48,2.67,3.23
"1673",5613405516,2557,2,2.64,2.66,3.23
"1714",5613405080,2556,1,2.77,2.77,3.28
"1706",5613405080,2556,2,2.35,2.55,3.28
"1701",5613405080,2557,1,1.5,2.15,3.28
"1705",5613405080,2557,2,2.4,2.2,3.28
"1707",5613405080,2557,3,3,2.38,3.28
"1734",5613402613,2556,1,2.03,2.03,2.81
"1737",5613402613,2556,2,2.2,2.32,2.81
"1740",5613402613,2556,3,0.5,2.03,2.81
"1733",5613402613,2557,1,1.68,2.03,2.81
"1745",5613402613,2557,2,2,2.12,2.81
"1739",5613402613,2557,3,2.75,2.17,2.81
"1782",5613403679,2556,1,2.5,2.5,2.75
"1780",5613403679,2556,2,2.84,2.67,2.75
"1778",5613403679,2556,3,3.5,2.73,2.75
"1769",5613403679,2557,1,1.8,2.4,2.75
"1770",5613403679,2557,2,2.48,2.42,2.75
"1813",5613401111,2556,1,2.21,2.21,3.11
"1797",5613401111,2556,2,2.14,2.37,3.11
"1801",5613401111,2556,3,2.5,2.59,3.11
"1800",5613401111,2557,1,1.85,2.33,3.11
"1806",5613401111,2557,2,2.6,2.4,3.11
"1799",5613401111,2557,3,2.25,2.39,3.11
"1876",5613404398,2556,1,2.62,2.62,3.92
"1871",5613404398,2556,2,2.82,2.72,3.92
"1873",5613404398,2556,3,3,2.76,3.92
"1870",5613404398,2557,1,2.97,2.83,3.92
"1869",5613404398,2557,2,2.75,2.81,3.92
"1883",5613404398,2557,3,3.5,2.86,3.92
"1916",5613402411,2556,1,2.17,2.17,2.79
"1906",5613402411,2556,2,2.43,2.32,2.79
"1907",5613402411,2556,3,2.5,2.35,2.79
"1905",5613402411,2557,1,1.15,1.95,2.79
"1912",5613402411,2557,2,1.71,1.97,2.79
"1973",5613405329,2556,1,2.53,2.53,3.79
"1965",5613405329,2556,2,2.39,2.46,3.79
"1961",5613405329,2557,1,1.72,2.23,3.79
"1968",5613405329,2557,2,2.2,2.33,3.79
"1966",5613405329,2557,3,2,2.3,3.79
"1993",5613401201,2556,1,2.7,2.7,2.91
"1999",5613401201,2556,2,2.37,2.53,2.91
"1996",5613401201,2557,1,2.72,2.6,2.91
"1995",5613401201,2557,2,2.53,2.59,2.91
"1994",5613401201,2557,3,2.75,2.6,2.91
"2038",5613400885,2556,1,2.5,2.5,3.64
"2026",5613400885,2556,2,2.66,2.59,3.64
"2028",5613400885,2557,1,1.25,2.11,3.64
"2032",5613400885,2557,2,1.98,2.08,3.64
"2025",5613400885,2557,3,3.25,2.16,3.64
"2075",5613403404,2556,1,2.17,2.17,3.4
"2058",5613403404,2556,2,2.19,2.18,3.4
"2059",5613403404,2556,3,0.5,2.1,3.4
"2057",5613403404,2557,1,0.84,1.81,3.4
"2065",5613403404,2557,2,0,1.81,3.4
"2099",5613402508,2556,1,1.83,1.83,3.17
"2089",5613402508,2556,2,2.11,2.16,3.17
"2087",5613402508,2556,3,1.75,2.09,3.17
"2085",5613402508,2557,1,1.25,1.83,3.17
"2094",5613402508,2557,2,2.94,2.07,3.17
"2091",5613402508,2557,3,3.5,2.18,3.17
"2146",5613401260,2556,1,2.89,2.89,3.41
"2121",5613401260,2556,2,2.86,2.88,3.41
"2134",5613401260,2556,3,3.75,3,3.41
"2129",5613401260,2557,1,2.59,2.86,3.41
"2126",5613401260,2557,2,2.06,2.69,3.41
"2122",5613401260,2557,3,3,2.72,3.41
"2167",5613404914,2556,1,1.48,1.48,2.97
"2165",5613404914,2556,2,1.81,1.79,2.97
"2157",5613404914,2556,3,1.25,1.85,2.97
"2162",5613404914,2557,1,1.75,1.82,2.97
"2158",5613404914,2557,2,2.95,2.1,2.97
"2190",5613404434,2556,1,2.24,2.24,3.62
"2192",5613404434,2556,2,2.79,2.5,3.62
"2185",5613404434,2557,1,2.68,2.57,3.62
"2187",5613404434,2557,2,2.55,2.56,3.62
"2203",5613405763,2556,1,2.58,2.58,2.79
"2209",5613405763,2556,2,2.37,2.49,2.79
"2205",5613405763,2557,1,1.1,2.05,2.79
"2197",5613405763,2557,2,0.95,1.86,2.79
"2201",5613405763,2557,3,2.2,1.88,2.79
"2232",5613402898,2556,1,1.85,1.85,2.51
"2238",5613402898,2556,2,1.82,2.25,2.51
"2240",5613402898,2556,3,0,2.25,2.51
"2229",5613402898,2557,1,2,2.28,2.51
"2234",5613402898,2557,2,1.94,2.19,2.51
"2294",5613402599,2556,1,1.83,1.83,3.32
"2286",5613402599,2556,2,1.93,1.87,3.32
"2288",5613402599,2556,3,1,1.79,3.32
"2290",5613402599,2557,1,1.86,1.82,3.32
"2285",5613402599,2557,2,2.39,1.93,3.32
"2296",5613402599,2557,3,3.15,2.13,3.32
"2322",5613401919,2556,1,2.66,2.66,3.3
"2323",5613401919,2556,2,2.33,2.48,3.3
"2325",5613401919,2557,1,1.65,2.21,3.3
"2321",5613401919,2557,2,2.59,2.41,3.3
"2377",5613405269,2556,1,2.18,2.18,3.55
"2375",5613405269,2556,2,2.91,2.53,3.55
"2373",5613405269,2556,3,0.75,2.26,3.55
"2369",5613405269,2557,1,0.34,1.74,3.55
"2370",5613405269,2557,2,0,1.74,3.55
"2386",5613402414,2556,1,2.87,2.87,2.89
"2381",5613402414,2556,2,2.14,2.5,2.89
"2380",5613402414,2557,1,1.13,2.03,2.89
"2388",5613402414,2557,2,1.32,1.91,2.89
"2379",5613402414,2557,3,3.25,2.03,2.89
"2486",5613404601,2556,1,2.83,2.83,3.62
"2484",5613404601,2556,2,2.69,2.75,3.62
"2480",5613404601,2557,1,2.5,2.66,3.62
"2475",5613404601,2557,2,2.3,2.57,3.62
"2502",5613402568,2556,1,2.19,2.19,3.41
"2499",5613402568,2556,2,2.25,2.23,3.41
"2500",5613402568,2557,1,1.43,1.94,3.41
"2501",5613402568,2557,2,2.72,2.12,3.41
"2536",5613400725,2556,1,2.33,2.33,2.67
"2523",5613400725,2556,2,2.63,2.47,2.67
"2532",5613400725,2557,1,2.28,2.4,2.67
"2524",5613400725,2557,2,2.73,2.6,2.67
"2525",5613400725,2557,3,2.4,2.59,2.67
"2542",5613403605,2556,1,2.75,2.75,3.54
"2540",5613403605,2556,2,2.62,2.68,3.54
"2539",5613403605,2556,3,2.3,2.64,3.54
"2543",5613403605,2557,1,2.09,2.45,3.54
"2547",5613403605,2557,2,2.48,2.46,3.54
"2544",5613403605,2557,3,2.84,2.53,3.54
"2577",5613404592,2556,1,2.72,2.72,3.62
"2579",5613404592,2556,2,2.33,2.52,3.62
"2575",5613404592,2557,1,2,2.32,3.62
"2576",5613404592,2557,2,2.43,2.35,3.62
"2645",5613405026,2556,1,1.8,1.8,3.43
"2635",5613405026,2556,2,2.07,1.93,3.43
"2643",5613405026,2556,3,1.5,2.02,3.43
"2624",5613405026,2557,1,1.97,2,3.43
"2626",5613405026,2557,2,2.18,2.05,3.43
"2623",5613405026,2557,3,2.75,2.1,3.43
"2671",5613401850,2556,1,1.74,1.74,3.49
"2664",5613401850,2556,2,1.87,1.8,3.49
"2659",5613401850,2556,3,1.5,1.9,3.49
"2666",5613401850,2557,1,1.5,1.77,3.49
"2661",5613401850,2557,2,2.38,1.94,3.49
"2660",5613401850,2557,3,3.25,2.04,3.49
"2708",5613402466,2556,1,2.81,2.81,2.96
"2700",5613402466,2556,2,2.67,2.75,2.96
"2695",5613402466,2557,1,2,2.45,2.96
"2699",5613402466,2557,2,2.57,2.48,2.96
"2701",5613402466,2557,3,4,2.59,2.96
"2737",5613404819,2556,1,2.24,2.24,3.24
"2734",5613404819,2556,2,2.34,2.3,3.24
"2730",5613404819,2557,1,2.03,2.2,3.24
"2727",5613404819,2557,2,2.14,2.19,3.24
"2739",5613404819,2557,3,2.25,2.19,3.24
"2769",5613402804,2556,1,2.18,2.18,2.85
"2772",5613402804,2556,2,2.38,2.49,2.85
"2759",5613402804,2556,3,2.5,2.49,2.85
"2764",5613402804,2557,1,2.1,2.36,2.85
"2760",5613402804,2557,2,2.32,2.45,2.85
"2765",5613402804,2557,3,0,2.45,2.85
"2806",5613405008,2556,1,3.06,3.06,3.9
"2808",5613405008,2556,2,2.71,2.88,3.9
"2795",5613405008,2557,1,2.9,2.89,3.9
"2800",5613405008,2557,2,2.71,2.84,3.9
"2796",5613405008,2557,3,3.7,2.9,3.9
"2828",5613401596,2556,1,2.28,2.28,3.07
"2829",5613401596,2556,2,2.41,2.34,3.07
"2842",5613401596,2556,3,1.7,2.26,3.07
"2834",5613401596,2557,1,1.79,2.1,3.07
"2827",5613401596,2557,2,2.22,2.12,3.07
"2830",5613401596,2557,3,0,2.12,3.07
"2865",5613405120,2556,1,2.39,2.39,3.3
"2866",5613405120,2556,2,2.14,2.27,3.3
"2868",5613405120,2556,3,1.7,2.2,3.3
"2870",5613405120,2557,1,1.58,1.99,3.3
"2863",5613405120,2557,2,2.27,2.13,3.3
"2864",5613405120,2557,3,3.25,2.21,3.3
"2903",5613405730,2556,1,2.53,2.53,2.86
"2901",5613405730,2556,2,2.85,2.7,2.86
"2899",5613405730,2557,1,2.4,2.59,2.86
"2907",5613405730,2557,2,2.7,2.62,2.86
"2904",5613405730,2557,3,3.25,2.67,2.86
"2951",5613404966,2556,1,2.73,2.73,3.08
"2941",5613404966,2556,2,2.73,2.73,3.08
"2931",5613404966,2557,1,1.3,2.19,3.08
"2937",5613404966,2557,2,1.75,2.26,3.08
"2933",5613404966,2557,3,3.75,2.38,3.08
"2963",5613400918,2556,1,2.45,2.45,3.51
"2971",5613400918,2556,2,2.42,2.43,3.51
"2976",5613400918,2556,3,2.5,2.44,3.51
"2972",5613400918,2557,1,2.03,2.31,3.51
"2964",5613400918,2557,2,2.74,2.41,3.51
"2965",5613400918,2557,3,4,2.54,3.51
"2999",5613401769,2556,1,2.34,2.34,2.65
"3002",5613401769,2556,2,2.28,2.31,2.65
"3003",5613401769,2556,3,1,2.14,2.65
"3005",5613401769,2557,1,1.95,2.18,2.65
"3009",5613401769,2557,2,2.21,2.19,2.65
"3028",5613401565,2556,1,2,2,2.56
"3037",5613401565,2556,2,1.59,1.97,2.56
"3041",5613401565,2556,3,1.25,1.86,2.56
"3027",5613401565,2557,1,2.08,2.03,2.56
"3033",5613401565,2557,2,0.58,1.7,2.56
"3029",5613401565,2557,3,1.84,1.87,2.56
"3077",5613405760,2556,1,2.44,2.44,3.68
"3075",5613405760,2556,2,2.38,2.41,3.68
"3064",5613405760,2556,3,3.69,2.64,3.68
"3073",5613405760,2557,1,2.15,2.48,3.68
"3069",5613405760,2557,2,2,2.37,3.68
"3063",5613405760,2557,3,4,2.42,3.68
"3112",5613402922,2556,1,2.59,2.59,2.69
"3114",5613402922,2556,2,2.56,2.58,2.69
"3110",5613402922,2556,3,0,2.58,2.69
"3099",5613402922,2557,1,1.45,2.21,2.69
"3102",5613402922,2557,2,1.71,2.14,2.69
"3100",5613402922,2557,3,0,2.14,2.69
"3136",5613403105,2556,1,2.21,2.21,3.28
"3137",5613403105,2556,2,2.12,2.16,3.28
"3139",5613403105,2556,3,2.07,2.14,3.28
"3135",5613403105,2557,1,1.66,2.01,3.28
"3145",5613403105,2557,2,2.19,2.05,3.28
"3142",5613403105,2557,3,2,2.05,3.28
"3171",5613405087,2556,1,2.2,2.2,3.01
"3172",5613405087,2556,2,2.42,2.31,3.01
"3174",5613405087,2557,1,1.48,2.02,3.01
"3178",5613405087,2557,2,2.2,2.06,3.01
"3179",5613405087,2557,3,2.75,2.19,3.01
"3216",5613401697,2556,1,1.7,1.7,2.91
"3204",5613401697,2556,2,2.05,1.84,2.91
"3203",5613401697,2557,1,1.22,1.58,2.91
"3205",5613401697,2557,2,2.55,1.94,2.91
"3209",5613401697,2557,3,2.82,2.03,2.91
"3236",5613404293,2556,1,2.65,2.65,2.53
"3237",5613404293,2556,2,2.92,2.79,2.53
"3239",5613404293,2556,3,1.9,2.68,2.53
"3241",5613404293,2557,1,2.43,2.59,2.53
"3235",5613404293,2557,2,3.31,2.76,2.53
"3246",5613404293,2557,3,0,2.76,2.53
"3279",5613402995,2556,1,1.83,1.83,2.98
"3271",5613402995,2556,2,2.4,2.13,2.98
"3275",5613402995,2556,3,2.5,2.18,2.98
"3277",5613402995,2557,1,2.28,2.21,2.98
"3272",5613402995,2557,2,2.69,2.32,2.98
"3283",5613402995,2557,3,2.75,2.35,2.98
"3323",5613403969,2556,1,2.59,2.59,2.78
"3309",5613403969,2556,2,1.84,2.21,2.78
"3310",5613403969,2556,3,1.5,2.27,2.78
"3308",5613403969,2557,1,1.9,2.17,2.78
"3316",5613403969,2557,2,2.13,2.16,2.78
"3307",5613403969,2557,3,0,2.16,2.78
"3343",5613400835,2556,1,2.87,2.87,3.23
"3353",5613400835,2556,2,2.53,2.7,3.23
"3344",5613400835,2557,1,2.45,2.61,3.23
"3346",5613400835,2557,2,2.84,2.68,3.23
"3383",5613400744,2556,1,2.95,2.95,3.59
"3369",5613400744,2556,2,2.45,2.71,3.59
"3370",5613400744,2557,1,1.05,2.08,3.59
"3367",5613400744,2557,2,1.69,2,3.59
"3368",5613400744,2557,3,1.88,1.99,3.59
"3407",5613405502,2556,1,3.09,3.09,3.44
"13675",5613405502,2556,1,3.09,3.09,3.52
"3405",5613405502,2556,2,3.18,3.14,3.44
"13673",5613405502,2556,2,3.18,3.14,3.52
"3401",5613405502,2557,1,2.5,2.9,3.44
"13669",5613405502,2557,1,2.5,2.9,3.52
"3399",5613405502,2557,2,2.58,2.82,3.44
"13667",5613405502,2557,2,2.58,2.82,3.52
"3409",5613405502,2557,3,3.5,2.87,3.44
"13677",5613405502,2557,3,3.5,2.87,3.52
"3432",5613404557,2556,1,3.75,3.75,3.76
"3444",5613404557,2556,2,3.84,3.8,3.76
"3439",5613404557,2557,1,3.6,3.73,3.76
"3435",5613404557,2557,2,3.5,3.67,3.76
"3431",5613404557,2557,3,0,3.67,3.76
"3463",5613404191,2556,1,2.13,2.13,2.93
"3466",5613404191,2556,2,2.68,2.59,2.93
"3468",5613404191,2556,3,2.5,2.59,2.93
"3464",5613404191,2557,1,2.35,2.5,2.93
"3473",5613404191,2557,2,2.08,2.39,2.93
"3501",5613401100,2556,1,2.48,2.48,3.03
"3492",5613401100,2556,2,1.74,2.13,3.03
"3494",5613401100,2557,1,2.28,2.31,3.03
"3491",5613401100,2557,2,2.4,2.33,3.03
"3516",5613405636,2556,1,2.84,2.84,3.34
"3517",5613405636,2556,2,2.53,2.68,3.34
"3519",5613405636,2557,1,1.71,2.31,3.34
"3522",5613405636,2557,2,1.21,2.06,3.34
"3515",5613405636,2557,3,3.5,2.12,3.34
"3549",5613401562,2556,1,2.15,2.15,3.27
"3562",5613401562,2556,2,2.19,2.17,3.27
"3547",5613401562,2556,3,1.6,2.1,3.27
"3548",5613401562,2557,1,2.17,2.12,3.27
"3551",5613401562,2557,2,2.15,2.13,3.27
"3550",5613401562,2557,3,2.25,2.14,3.27
"3598",5613405395,2556,1,2.77,2.77,3
"13920",5613405395,2556,1,2.77,2.77,3.05
"3589",5613405395,2556,2,2.71,2.74,3
"13911",5613405395,2556,2,2.71,2.74,3.05
"3586",5613405395,2556,3,3,2.78,3
"13908",5613405395,2556,3,3,2.78,3.05
"3583",5613405395,2557,1,2.4,2.68,3
"13905",5613405395,2557,1,2.4,2.68,3.05
"3592",5613405395,2557,2,2.43,2.63,3
"13914",5613405395,2557,2,2.43,2.63,3.05
"3590",5613405395,2557,3,3,2.66,3
"13912",5613405395,2557,3,3,2.66,3.05
"3626",5613403085,2556,1,2.5,2.5,2.8
"3620",5613403085,2556,2,2.37,2.43,2.8
"3622",5613403085,2556,3,1.25,2.26,2.8
"3619",5613403085,2557,1,1.97,2.18,2.8
"3627",5613403085,2557,2,2.74,2.32,2.8
"3630",5613403085,2557,3,0,2.32,2.8
"3660",5613405125,2556,1,2.24,2.24,3.34
"3662",5613405125,2556,2,1.87,2.05,3.34
"3663",5613405125,2556,3,2.5,2.11,3.34
"3669",5613405125,2557,1,1.5,1.94,3.34
"3655",5613405125,2557,2,2.66,2.11,3.34
"3656",5613405125,2557,3,3.75,2.19,3.34
"3700",5613404068,2556,1,2.34,2.34,3.39
"13652",5613404068,2556,1,2.34,2.34,3.37
"3692",5613404068,2556,2,2.23,2.28,3.39
"13644",5613404068,2556,2,2.23,2.28,3.37
"3694",5613404068,2557,1,1.12,1.92,3.39
"13646",5613404068,2557,1,1.12,1.92,3.37
"3691",5613404068,2557,2,1.67,2.03,3.39
"13643",5613404068,2557,2,1.67,2.03,3.37
"3715",5613404464,2556,1,2.17,2.17,3.86
"3716",5613404464,2556,2,2.27,2.22,3.86
"3718",5613404464,2557,1,1.29,1.87,3.86
"3722",5613404464,2557,2,2.47,2.01,3.86
"3723",5613404464,2557,3,2.5,2.13,3.86
"3747",5613401146,2556,1,2.06,2.06,3.41
"13731",5613401146,2556,1,2.06,2.06,3.45
"3751",5613401146,2556,2,1.93,2.16,3.41
"13735",5613401146,2556,2,1.93,2.16,3.45
"3749",5613401146,2556,3,0,1.99,3.41
"13733",5613401146,2556,3,0,1.99,3.45
"3821",5613405424,2556,1,2.79,2.79,2.57
"13041",5613405424,2556,1,2.79,2.79,2.52
"3810",5613405424,2556,2,2.45,2.61,2.57
"13030",5613405424,2556,2,2.45,2.61,2.52
"3812",5613405424,2556,3,2.25,2.56,2.57
"13032",5613405424,2556,3,2.25,2.56,2.52
"3808",5613405424,2557,1,1.53,2.21,2.57
"13028",5613405424,2557,1,1.53,2.21,2.52
"3807",5613405424,2557,2,2.18,2.29,2.57
"13027",5613405424,2557,2,2.18,2.29,2.52
"3809",5613405424,2557,3,2.2,2.29,2.57
"13029",5613405424,2557,3,2.2,2.29,2.52
"3845",5613404824,2556,1,2.67,2.67,2.73
"3843",5613404824,2556,2,2.36,2.5,2.73
"3848",5613404824,2556,3,2.75,2.54,2.73
"3872",5613402817,2556,1,2.86,2.86,3.43
"3867",5613402817,2556,2,3.17,3.02,3.43
"3883",5613402817,2556,3,3.75,3.13,3.43
"3873",5613402817,2557,1,3.87,3.38,3.43
"3868",5613402817,2557,2,3.93,3.52,3.43
"3951",5613401157,2556,1,2.69,2.69,2.99
"14047",5613401157,2556,1,2.69,2.69,2.86
"3957",5613401157,2556,2,1.92,2.32,2.99
"14053",5613401157,2556,2,1.92,2.32,2.86
"3952",5613401157,2557,1,0.6,1.79,2.99
"14048",5613401157,2557,1,0.6,1.79,2.86
"3982",5613401170,2556,1,2.75,2.75,3.2
"3967",5613401170,2556,2,3.11,2.92,3.2
"3971",5613401170,2556,3,0,2.92,3.2
"3968",5613401170,2557,1,3.36,3.1,3.2
"3976",5613401170,2557,2,3.63,3.25,3.2
"3974",5613401170,2557,3,3.4,3.26,3.2
"4006",5613404716,2556,1,2.44,2.44,2.59
"4005",5613404716,2556,2,1.71,2.06,2.59
"4004",5613404716,2557,1,1.8,1.97,2.59
"4011",5613404716,2557,2,2,1.98,2.59
"4003",5613404716,2557,3,3,2.07,2.59
"4035",5613403094,2556,1,2.56,2.56,3.33
"4038",5613403094,2556,2,1.87,2.17,3.33
"4039",5613403094,2556,3,1.5,2.4,3.33
"4037",5613403094,2557,1,1.55,2.09,3.33
"4045",5613403094,2557,2,1.82,2.08,3.33
"4036",5613403094,2557,3,1.5,2.14,3.33
"4081",5613403945,2556,1,2.73,2.73,3.36
"4072",5613403945,2556,2,3.17,2.95,3.36
"4074",5613403945,2557,1,2.44,2.75,3.36
"4071",5613403945,2557,2,2.29,2.62,3.36
"4099",5613401399,2556,1,2.18,2.18,3.4
"4096",5613401399,2556,2,1.64,1.9,3.4
"4100",5613401399,2557,1,1.65,1.93,3.4
"4095",5613401399,2557,2,2.55,2.04,3.4
"4145",5613405221,2556,1,2.86,2.86,3.47
"4144",5613405221,2556,2,3.05,2.96,3.47
"4146",5613405221,2557,1,2.62,2.84,3.47
"4143",5613405221,2557,2,2.33,2.71,3.47
"4172",5613402488,2556,1,2.3,2.3,3.12
"4171",5613402488,2556,2,2.09,2.19,3.12
"4167",5613402488,2557,1,2,2.12,3.12
"4174",5613402488,2557,2,1.93,2.07,3.12
"4175",5613402488,2557,3,0,2.07,3.12
"4199",5613402171,2556,1,0.53,0.53,2.81
"4200",5613402171,2556,2,1.29,1.24,2.81
"4223",5613402306,2556,1,2.42,2.42,3.43
"4208",5613402306,2556,2,2.5,2.46,3.43
"4210",5613402306,2556,3,0,2.46,3.43
"4212",5613402306,2557,1,1.48,2.11,3.43
"4207",5613402306,2557,2,2.15,2.21,3.43
"4214",5613402306,2557,3,0,2.21,3.43
"4252",5613403650,2556,1,2.5,2.5,3.71
"12776",5613403650,2556,1,2.5,2.5,3.69
"4250",5613403650,2556,2,2.71,2.62,3.71
"12774",5613403650,2556,2,2.71,2.62,3.69
"4257",5613403650,2557,1,2.8,2.67,3.71
"12781",5613403650,2557,1,2.8,2.67,3.69
"4244",5613403650,2557,2,2.96,2.76,3.71
"12768",5613403650,2557,2,2.96,2.76,3.69
"4243",5613403650,2557,3,2,2.7,3.71
"12767",5613403650,2557,3,2,2.7,3.69
"4290",5613404874,2556,1,1.62,1.62,2.85
"4289",5613404874,2556,2,1.8,1.87,2.85
"4285",5613404874,2556,3,1.75,1.85,2.85
"4276",5613404874,2557,1,0.95,1.73,2.85
"4279",5613404874,2557,2,2.3,1.95,2.85
"4275",5613404874,2557,3,2.67,2.11,2.85
"4312",5613403834,2556,1,1.67,1.67,3.02
"4319",5613403834,2556,2,1.54,1.77,3.02
"4321",5613403834,2557,1,1.24,1.58,3.02
"4314",5613403834,2557,2,2.41,1.79,3.02
"4311",5613403834,2557,3,2,1.89,3.02
"4350",5613401726,2556,1,1.45,1.45,2.75
"4343",5613401726,2556,2,2.1,1.96,2.75
"4349",5613401726,2556,3,0.5,1.89,2.75
"4345",5613401726,2557,1,1.09,1.63,2.75
"4344",5613401726,2557,2,2.2,2.02,2.75
"4353",5613401726,2557,3,2.75,2.08,2.75
"4379",5613402979,2556,1,2.06,2.06,2.5
"4387",5613402979,2556,2,1.95,2.19,2.5
"4382",5613402979,2556,3,1.9,2.15,2.5
"4384",5613402979,2557,1,1,1.85,2.5
"4380",5613402979,2557,2,1.98,2.14,2.5
"4381",5613402979,2557,3,2,2.14,2.5
"4428",5613403932,2556,1,3.06,3.06,3.16
"4418",5613403932,2556,2,3.11,3.09,3.16
"4415",5613403932,2557,1,2.91,3.02,3.16
"4422",5613403932,2557,2,3.45,3.13,3.16
"4419",5613403932,2557,3,3.25,3.14,3.16
"4455",5613405419,2556,1,3.06,3.06,3.56
"4448",5613405419,2556,2,2.92,2.99,3.56
"4449",5613405419,2557,1,2.25,2.71,3.56
"4447",5613405419,2557,2,1.58,2.42,3.56
"4495",5613404211,2556,1,2.64,2.64,3.45
"4497",5613404211,2556,2,2.56,2.6,3.45
"4519",5613402356,2556,1,1.71,1.71,3.2
"4508",5613402356,2556,2,2.24,2.41,3.2
"4505",5613402356,2556,3,0,2.16,3.2
"4504",5613402356,2557,1,1.53,2.01,3.2
"4512",5613402356,2557,2,3.4,2.41,3.2
"4503",5613402356,2557,3,3.75,2.52,3.2
"4541",5613402112,2556,1,2.92,2.92,3.13
"12801",5613402112,2556,1,2.92,2.92,3.2
"4543",5613402112,2556,2,2.87,2.89,3.13
"12803",5613402112,2556,2,2.87,2.89,3.2
"4545",5613402112,2557,1,2.86,2.88,3.13
"12805",5613402112,2557,1,2.86,2.88,3.2
"4539",5613402112,2557,2,2.85,2.87,3.13
"12799",5613402112,2557,2,2.85,2.87,3.2
"4628",5613404612,2556,1,2.89,2.89,3.04
"4627",5613404612,2556,2,2.67,2.78,3.04
"4630",5613404612,2557,1,3,2.86,3.04
"4631",5613404612,2557,2,2.83,2.85,3.04
"4632",5613404612,2557,3,2.6,2.84,3.04
"4692",5613404647,2556,1,2.74,2.74,2.63
"4704",5613404647,2556,2,2.14,2.43,2.63
"4700",5613404647,2557,1,1.2,2.1,2.63
"4691",5613404647,2557,2,1.93,2.24,2.63
"4694",5613404647,2557,3,1.5,2.18,2.63
"4733",5613404671,2556,1,2.33,2.33,3.38
"4724",5613404671,2556,2,2.37,2.35,3.38
"4726",5613404671,2557,1,1.79,2.14,3.38
"4723",5613404671,2557,2,2.18,2.15,3.38
"4773",5613401278,2556,1,2.89,2.89,2.72
"4772",5613401278,2556,2,2.98,2.93,2.72
"4782",5613401278,2557,1,3.2,3.03,2.72
"4771",5613401278,2557,2,3.45,3.14,2.72
"4775",5613401278,2557,3,3.5,3.16,2.72
"4809",5613400586,2556,1,2.04,2.04,3.68
"4808",5613400586,2556,2,2.3,2.18,3.68
"4806",5613400586,2556,3,1.75,2.29,3.68
"4803",5613400586,2557,1,1.32,1.92,3.68
"4811",5613400586,2557,2,1.58,1.94,3.68
"4812",5613400586,2557,3,3,1.98,3.68
"4851",5613401249,2556,1,2,2,3.64
"4849",5613401249,2556,2,2.2,2.3,3.64
"4839",5613401249,2557,1,2.38,2.33,3.64
"4843",5613401249,2557,2,2.11,2.27,3.64
"4840",5613401249,2557,3,3.75,2.39,3.64
"4879",5613403529,2556,1,2.48,2.48,2.58
"4871",5613403529,2556,2,2.64,2.56,2.58
"4873",5613403529,2556,3,2,2.45,2.58
"4875",5613403529,2557,1,0.94,2.05,2.58
"4877",5613403529,2557,2,2.41,2.21,2.58
"4878",5613403529,2557,3,4,2.33,2.58
"4902",5613402057,2556,1,1.24,1.24,2.58
"4896",5613402057,2556,2,1.66,1.75,2.58
"4898",5613402057,2556,3,1.5,1.72,2.58
"4899",5613402057,2557,1,1.83,1.76,2.58
"4895",5613402057,2557,2,1.58,1.88,2.58
"4906",5613402057,2557,3,2.75,1.96,2.58
"4974",5613400790,2556,1,2.84,2.84,3.17
"4972",5613400790,2556,2,2.77,2.8,3.17
"4968",5613400790,2557,1,1.35,2.32,3.17
"4967",5613400790,2557,2,1.83,2.21,3.17
"4976",5613400790,2557,3,4,2.32,3.17
"5032",5613403161,2556,1,1.68,1.68,3.56
"5038",5613403161,2556,2,1.77,1.9,3.56
"5036",5613403161,2556,3,0,1.9,3.56
"5034",5613403161,2557,1,1.9,1.9,3.56
"5031",5613403161,2557,2,2.29,2.12,3.56
"5041",5613403161,2557,3,3.13,2.19,3.56
"5062",5613404981,2556,1,2.86,2.86,3.67
"13302",5613404981,2556,1,2.86,2.86,3.66
"5056",5613404981,2556,2,2.45,2.65,3.67
"13296",5613404981,2556,2,2.45,2.65,3.66
"5060",5613404981,2557,1,2.65,2.65,3.67
"13300",5613404981,2557,1,2.65,2.65,3.66
"5055",5613404981,2557,2,3.14,2.77,3.67
"13295",5613404981,2557,2,3.14,2.77,3.66
"5106",5613400755,2556,1,3.12,3.12,3.29
"5107",5613400755,2556,2,2.92,3.02,3.29
"5109",5613400755,2556,3,3.38,3.08,3.29
"5104",5613400755,2557,1,2.32,2.83,3.29
"5103",5613400755,2557,2,1.92,2.64,3.29
"5105",5613400755,2557,3,3.5,2.7,3.29
"5140",5613401708,2556,1,2.68,2.68,3.56
"5154",5613401708,2556,2,2.6,2.64,3.56
"5152",5613401708,2556,3,2.75,2.66,3.56
"5139",5613401708,2557,1,2.08,2.47,3.56
"5144",5613401708,2557,2,1.84,2.36,3.56
"5141",5613401708,2557,3,3.63,2.43,3.56
"5176",5613401733,2556,1,2.17,2.17,2.97
"5175",5613401733,2556,2,0,1.19,2.97
"5180",5613404450,2556,1,2.71,2.71,3.76
"5181",5613404450,2556,2,2.53,2.62,3.76
"5182",5613404450,2557,1,1.64,2.25,3.76
"5179",5613404450,2557,2,2.56,2.32,3.76
"5189",5613404450,2557,3,3.7,2.41,3.76
"5221",5613402793,2556,1,2.25,2.25,3.24
"5225",5613402793,2556,2,2.31,2.28,3.24
"5212",5613402793,2557,1,0.66,1.72,3.24
"5215",5613402793,2557,2,1.09,1.71,3.24
"5211",5613402793,2557,3,2.84,1.91,3.24
"5279",5613403623,2556,1,2.92,2.92,3.66
"5294",5613403623,2556,2,2.93,2.93,3.66
"5291",5613403623,2556,3,3.5,3,3.66
"5287",5613403623,2557,1,2.7,2.91,3.66
"5280",5613403623,2557,2,2.65,2.85,3.66
"5307",5613404422,2556,1,3.65,3.65,3.93
"5308",5613404422,2556,2,3.87,3.77,3.93
"5334",5613403618,2556,1,2.39,2.39,2.9
"13842",5613403618,2556,1,2.39,2.39,2.88
"5316",5613403618,2556,2,2.71,2.56,2.9
"13824",5613403618,2556,2,2.71,2.56,2.88
"5317",5613403618,2556,3,2.75,2.59,2.9
"13825",5613403618,2556,3,2.75,2.59,2.88
"5319",5613403618,2557,1,1.5,2.25,2.9
"13827",5613403618,2557,1,1.5,2.25,2.88
"5315",5613403618,2557,2,4,2.33,2.9
"13823",5613403618,2557,2,4,2.33,2.88
"5326",5613403618,2557,3,2,2.3,2.9
"13834",5613403618,2557,3,2,2.3,2.88
"5363",5613400665,2556,1,2.53,2.53,2.72
"5359",5613400665,2556,2,2.32,2.43,2.72
"5360",5613400665,2556,3,3.4,2.56,2.72
"5384",5613404953,2556,1,2.43,2.43,2.77
"12836",5613404953,2556,1,2.43,2.43,2.79
"5386",5613404953,2556,2,1.77,2.12,2.77
"12838",5613404953,2556,2,1.77,2.12,2.79
"5388",5613404953,2556,3,1.5,2.07,2.77
"12840",5613404953,2556,3,1.5,2.07,2.79
"5371",5613404953,2557,1,2.84,2.31,2.77
"12823",5613404953,2557,1,2.84,2.31,2.79
"5377",5613404953,2557,2,3.06,2.5,2.77
"12829",5613404953,2557,2,3.06,2.5,2.79
"5372",5613404953,2557,3,2.75,2.52,2.77
"12824",5613404953,2557,3,2.75,2.52,2.79
"5451",5613405471,2556,1,1.83,1.83,2.74
"5446",5613405471,2556,2,1.66,1.74,2.74
"5443",5613405471,2556,3,0,1.58,2.74
"5464",5613402031,2556,1,2.22,2.22,3.44
"5455",5613402031,2556,2,2.14,2.18,3.44
"5458",5613402031,2557,1,0.58,1.62,3.44
"5462",5613402031,2557,2,2.22,1.83,3.44
"5493",5613401215,2556,1,2.18,2.18,2.77
"5480",5613401215,2556,2,2.66,2.41,2.77
"5482",5613401215,2557,1,1.59,2.13,2.77
"5479",5613401215,2557,2,2,2.2,2.77
"5488",5613401215,2557,3,3,2.36,2.77
"5527",5613403254,2556,1,2.15,2.15,2.98
"5512",5613403254,2556,2,2.37,2.47,2.98
"5514",5613403254,2556,3,1.5,2.32,2.98
"5516",5613403254,2557,1,0.67,1.89,2.98
"5511",5613403254,2557,2,1.88,2.06,2.98
"5520",5613403254,2557,3,3.25,2.15,2.98
"5631",5613405614,2556,1,2.32,2.32,2.7
"5629",5613405614,2556,2,2.65,2.49,2.7
"5626",5613405614,2557,1,3.09,2.68,2.7
"5619",5613405614,2557,2,2.44,2.61,2.7
"5620",5613405614,2557,3,2.5,2.61,2.7
"5645",5613400810,2556,1,3.74,3.74,3.26
"5646",5613400810,2556,2,3.59,3.66,3.26
"5642",5613400810,2557,1,3.32,3.54,3.26
"5635",5613400810,2557,2,3.5,3.53,3.26
"5636",5613400810,2557,3,2.5,3.49,3.26
"5661",5613404997,2556,1,2.95,2.95,3.77
"5663",5613404997,2556,2,2.34,2.64,3.77
"5651",5613404997,2557,1,2.28,2.5,3.77
"5656",5613404997,2557,2,2.31,2.46,3.77
"5653",5613404997,2557,3,2.5,2.46,3.77
"5689",5613404174,2556,1,2,2,2.76
"5685",5613404174,2556,2,2,2.19,2.76
"5684",5613404174,2557,1,1.16,1.81,2.76
"5683",5613404174,2557,2,2.37,2.06,2.76
"5693",5613404174,2557,3,2.9,2.12,2.76
"5729",5613401323,2556,1,3,3,3.15
"5716",5613401323,2556,2,2.95,2.98,3.15
"5718",5613401323,2557,1,1.44,2.38,3.15
"5717",5613401323,2557,2,2.34,2.37,3.15
"5715",5613401323,2557,3,2.5,2.47,3.15
"5748",5613403206,2556,1,2.33,2.33,2.67
"5749",5613403206,2556,2,2.47,2.39,2.67
"5747",5613403206,2557,1,1.8,2.16,2.67
"5754",5613403206,2557,2,2,2.2,2.67
"5758",5613403206,2557,3,2.88,2.24,2.67
"5820",5613402691,2556,1,2.81,2.81,3.19
"5818",5613402691,2556,2,3,2.91,3.19
"5814",5613402691,2557,1,2.98,2.93,3.19
"5811",5613402691,2557,2,2.93,2.93,3.19
"5836",5613401542,2556,1,2.32,2.32,2.87
"5835",5613401542,2556,2,1.92,2.32,2.87
"5845",5613401542,2557,1,1.25,1.95,2.87
"5841",5613401542,2557,2,2.39,2.15,2.87
"5837",5613401542,2557,3,2.75,2.2,2.87
"5869",5613401294,2556,1,3.06,3.06,3.01
"5885",5613401294,2556,2,2.56,2.81,3.01
"5875",5613401294,2557,1,3.34,2.99,3.01
"5876",5613401294,2557,2,3.05,3,3.01
"5867",5613401294,2557,3,0,3,3.01
"5915",5613404779,2556,1,2.15,2.15,3.05
"5903",5613404779,2556,2,2.45,2.3,3.05
"5901",5613404779,2556,3,2,2.26,3.05
"5899",5613404779,2557,1,1.59,2.05,3.05
"5908",5613404779,2557,2,2.69,2.19,3.05
"5906",5613404779,2557,3,3,2.25,3.05
"6023",5613404869,2556,1,2.73,2.73,3.85
"13187",5613404869,2556,1,2.73,2.73,3.86
"6007",5613404869,2556,2,2.48,2.6,3.85
"13171",5613404869,2556,2,2.48,2.6,3.86
"6009",5613404869,2556,3,3.6,2.72,3.85
"13173",5613404869,2556,3,3.6,2.72,3.86
"6008",5613404869,2557,1,2.66,2.7,3.85
"13172",5613404869,2557,1,2.66,2.7,3.86
"6011",5613404869,2557,2,2.57,2.67,3.85
"13175",5613404869,2557,2,2.57,2.67,3.86
"6010",5613404869,2557,3,4,2.73,3.85
"13174",5613404869,2557,3,4,2.73,3.86
"6059",5613402610,2556,1,2.03,2.03,3.11
"6043",5613402610,2556,2,2.4,2.2,3.11
"6045",5613402610,2556,3,1.4,2.1,3.11
"6044",5613402610,2557,1,2.34,2.17,3.11
"6047",5613402610,2557,2,3.63,2.36,3.11
"6046",5613402610,2557,3,3.17,2.46,3.11
"6092",5613405406,2556,1,2.7,2.7,2.73
"6080",5613405406,2556,2,2.45,2.57,2.73
"6079",5613405406,2557,1,2.25,2.48,2.73
"6085",5613405406,2557,2,2.77,2.56,2.73
"6089",5613405406,2557,3,3.5,2.63,2.73
"6112",5613404731,2556,1,1.8,1.8,2.79
"6111",5613404731,2556,2,1.47,1.8,2.79
"6120",5613403872,2557,1,1.45,2.23,3.25
"6122",5613403872,2557,2,2.29,2.34,3.25
"6119",5613403872,2557,3,3.25,2.41,3.25
"6155",5613404900,2556,1,1.86,1.86,2.79
"6157",5613404900,2556,2,2.12,2.18,2.79
"6163",5613404900,2556,3,0.5,2.08,2.79
"6150",5613404900,2557,1,1.16,1.92,2.79
"6152",5613404900,2557,2,1.32,1.92,2.79
"6149",5613404900,2557,3,1.75,1.9,2.79
"6185",5613405153,2556,1,2.24,2.24,3.31
"6186",5613405153,2556,2,1.95,2.1,3.31
"6187",5613405153,2557,1,1.89,2.03,3.31
"6190",5613405153,2557,2,1.8,2.05,3.31
"6192",5613405153,2557,3,3.5,2.1,3.31
"6218",5613403123,2556,1,1.74,1.74,3.48
"6220",5613403123,2556,2,1.56,1.81,3.48
"6222",5613403123,2556,3,2.75,1.95,3.48
"6217",5613403123,2557,1,1.5,1.9,3.48
"6227",5613403123,2557,2,2.48,2.06,3.48
"6219",5613403123,2557,3,3,2.22,3.48
"6253",5613403877,2556,1,0.89,0.89,3.05
"6265",5613405531,2556,1,2.25,2.25,2.96
"6255",5613405531,2556,2,2.87,2.53,2.96
"6257",5613405531,2556,3,0,2.53,2.96
"6259",5613405531,2557,1,1.72,2.22,2.96
"6263",5613405531,2557,2,3.2,2.3,2.96
"6290",5613404683,2556,1,2.97,2.97,3.47
"6285",5613404683,2556,2,2.74,2.85,3.47
"6286",5613404683,2556,3,3.44,2.96,3.47
"6284",5613404683,2557,1,2.44,2.78,3.47
"6292",5613404683,2557,2,2,2.65,3.47
"6283",5613404683,2557,3,3.25,2.69,3.47
"6321",5613403741,2556,1,3.21,3.21,0.33
"6323",5613403741,2556,2,3.21,3.21,0.33
"6319",5613403741,2557,1,3.4,3.28,0.33
"6320",5613403741,2557,2,3.37,3.3,0.33
"6348",5613402046,2556,1,2.47,2.47,3.11
"6347",5613402046,2556,2,1.86,2.16,3.11
"6345",5613402046,2556,3,2.4,2.19,3.11
"6343",5613402046,2557,1,1.77,2.08,3.11
"6352",5613402046,2557,2,2.47,2.18,3.11
"6356",5613402046,2557,3,2.5,2.21,3.11
"6380",5613405379,2556,1,3.25,3.25,3.42
"6381",5613405379,2556,2,3.39,3.32,3.42
"6383",5613405379,2556,3,3.5,3.35,3.42
"6379",5613405379,2557,1,3.3,3.33,3.42
"6389",5613405379,2557,2,3.16,3.29,3.42
"6392",5613405379,2557,3,3.5,3.31,3.42
"6428",5613401525,2556,1,2.6,2.6,2.51
"6426",5613401525,2556,2,2.08,2.31,2.51
"6415",5613401525,2556,3,2.1,2.28,2.51
"6417",5613401525,2557,1,1.38,2.03,2.51
"6416",5613401525,2557,2,1.48,1.89,2.51
"6443",5613402843,2556,1,1.98,1.98,3.69
"6444",5613402843,2556,2,1.67,1.82,3.69
"6445",5613402843,2556,3,2.3,1.88,3.69
"6468",5613405715,2556,1,2.83,2.83,3.35
"6457",5613405715,2556,2,2.58,2.7,3.35
"6458",5613405715,2556,3,0,2.7,3.35
"6456",5613405715,2557,1,2.22,2.52,3.35
"6463",5613405715,2557,2,2.4,2.49,3.35
"6455",5613405715,2557,3,2.5,2.49,3.35
"6493",5613405840,2556,1,2.12,2.12,3.29
"6492",5613405840,2556,2,1.53,1.99,3.29
"6491",5613405840,2557,1,1.63,1.96,3.29
"6497",5613405840,2557,2,2.79,2.16,3.29
"6494",5613405840,2557,3,1.75,2.13,3.29
"6536",5613405062,2556,1,2.73,2.73,3.23
"6523",5613405062,2556,2,2.98,2.86,3.23
"6526",5613405062,2557,1,2.21,2.62,3.23
"6525",5613405062,2557,2,2.2,2.52,3.23
"6533",5613405062,2557,3,3.5,2.59,3.23
"6569",5613402772,2556,1,2.87,2.87,3.61
"6573",5613402772,2556,2,2.48,2.67,3.61
"6571",5613402772,2556,3,2.5,2.65,3.61
"6555",5613402772,2557,1,2.3,2.53,3.61
"6563",5613402772,2557,2,2.03,2.42,3.61
"6556",5613402772,2557,3,4,2.53,3.61
"6592",5613403179,2556,1,2.93,2.93,2.83
"6593",5613403179,2556,2,2.47,2.72,2.83
"6591",5613403179,2557,1,2.86,2.77,2.83
"6597",5613403179,2557,2,2.68,2.75,2.83
"6629",5613405350,2556,1,2.68,2.68,2.7
"6620",5613405350,2556,2,2.39,2.53,2.7
"6617",5613405350,2556,3,3,2.6,2.7
"6615",5613405350,2557,1,1,2.21,2.7
"6624",5613405350,2557,2,1.65,2.14,2.7
"6621",5613405350,2557,3,2.5,2.17,2.7
"6660",5613405823,2556,1,2.64,2.64,2.5
"6659",5613405823,2556,2,2.7,2.67,2.5
"6655",5613405823,2557,1,1.28,2.15,2.5
"6651",5613405823,2557,2,1.19,1.98,2.5
"6676",5613402481,2556,1,2.73,2.73,3.28
"13596",5613402481,2556,1,2.73,2.73,3.3
"6680",5613402481,2556,2,2.53,2.62,3.28
"13600",5613402481,2556,2,2.53,2.62,3.3
"6678",5613402481,2556,3,0,2.62,3.28
"13598",5613402481,2556,3,0,2.62,3.3
"6675",5613402481,2557,1,1.5,2.25,3.28
"13595",5613402481,2557,1,1.5,2.25,3.3
"6684",5613402481,2557,2,1.96,2.17,3.28
"13604",5613402481,2557,2,1.96,2.17,3.3
"6683",5613402481,2557,3,2,2.24,3.28
"13603",5613402481,2557,3,2,2.24,3.3
"6714",5613403224,2556,1,3,3,3.27
"6711",5613403224,2556,2,2.33,2.63,3.27
"6713",5613403224,2556,3,4,2.83,3.27
"6725",5613405545,2556,1,2.95,2.95,2.74
"6723",5613405545,2556,2,2.56,2.76,2.74
"6731",5613405545,2557,1,3.2,2.92,2.74
"6727",5613405545,2557,2,3.06,2.96,2.74
"6749",5613401015,2556,1,2.1,2.1,2.55
"6750",5613401015,2556,2,2.06,2.29,2.55
"6747",5613401015,2557,1,0.79,1.67,2.55
"6756",5613401015,2557,2,2.12,1.87,2.55
"6748",5613401015,2557,3,2.19,1.98,2.55
"6811",5613405166,2556,1,2.36,2.36,3.69
"6813",5613405166,2556,2,2.7,2.53,3.69
"6828",5613400707,2556,1,2.45,2.45,2.85
"6820",5613400707,2556,2,2.24,2.35,2.85
"6822",5613400707,2557,1,1.43,1.99,2.85
"6819",5613400707,2557,2,2.55,2.15,2.85
"6869",5613405152,2556,1,2.81,2.81,3.24
"6870",5613405152,2556,2,2.74,2.78,3.24
"6871",5613405152,2557,1,1.13,2.15,3.24
"6867",5613405152,2557,2,2.58,2.37,3.24
"6868",5613405152,2557,3,2.5,2.37,3.24
"6913",5613403186,2556,1,2.13,2.13,2.71
"6901",5613403186,2556,2,2.54,2.3,2.71
"6899",5613403186,2557,1,1.75,2.1,2.71
"6900",5613403186,2557,2,1.87,2.12,2.71
"6910",5613403186,2557,3,3,2.15,2.71
"6965",5613404145,2556,1,2.47,2.47,2.7
"6966",5613404145,2556,2,2.18,2.33,2.7
"6968",5613404145,2556,3,2.25,2.32,2.7
"6964",5613404145,2557,1,1.2,2.01,2.7
"6973",5613404145,2557,2,2.8,2.29,2.7
"6963",5613404145,2557,3,2,2.27,2.7
"7011",5613405574,2556,1,2.97,2.97,2.72
"7000",5613405574,2556,2,2.58,2.76,2.72
"7001",5613405574,2557,1,1.73,2.38,2.72
"7005",5613405574,2557,2,2.06,2.31,2.72
"6999",5613405574,2557,3,3,2.45,2.72
"7033",5613405675,2556,1,2.48,2.48,3.28
"7034",5613405675,2556,2,2.7,2.59,3.28
"7032",5613405675,2556,3,3.4,2.69,3.28
"7037",5613405675,2557,1,2.75,2.71,3.28
"7031",5613405675,2557,2,2.71,2.82,3.28
"7102",5613404856,2556,1,1.71,1.71,3.11
"7097",5613404856,2556,2,1.87,1.96,3.11
"7098",5613404856,2556,3,1.25,2,3.11
"7087",5613404856,2557,1,1.85,1.95,3.11
"7091",5613404856,2557,2,2.29,2.14,3.11
"7088",5613404856,2557,3,3.25,2.23,3.11
"7135",5613401791,2556,1,2.2,2.2,3.72
"7133",5613401791,2556,2,2.34,2.26,3.72
"7131",5613401791,2556,3,1,2.07,3.72
"7127",5613401791,2557,1,1.58,1.91,3.72
"7123",5613401791,2557,2,1.35,1.83,3.72
"7124",5613401791,2557,3,2.25,1.94,3.72
"7169",5613403309,2556,1,2.91,2.91,2.81
"7166",5613403309,2556,2,2.45,2.66,2.81
"7162",5613403309,2557,1,2.19,2.49,2.81
"7159",5613403309,2557,2,1.95,2.35,2.81
"7195",5613401037,2556,1,2.28,2.28,2.93
"7185",5613401037,2556,2,1.98,2.13,2.93
"7183",5613401037,2557,1,1.84,2.03,2.93
"7190",5613401037,2557,2,2.98,2.29,2.93
"7186",5613401037,2557,3,2,2.28,2.93
"7230",5613404036,2556,1,2.78,2.78,3.79
"7216",5613404036,2556,2,2.81,2.8,3.79
"7219",5613404036,2556,3,3.1,2.83,3.79
"7221",5613404036,2557,1,2.27,2.66,3.79
"7215",5613404036,2557,2,2.34,2.58,3.79
"7217",5613404036,2557,3,3.25,2.62,3.79
"7252",5613403904,2556,1,2.27,2.27,2.7
"7253",5613403904,2556,2,2.28,2.28,2.7
"7255",5613403904,2556,3,0,2.1,2.7
"7251",5613403904,2557,1,1.75,2.09,2.7
"7260",5613403904,2557,2,2.16,2.11,2.7
"7258",5613403904,2557,3,2.75,2.24,2.7
"7324",5613404110,2556,1,2.67,2.67,2.86
"7325",5613404110,2556,2,2.98,2.85,2.86
"7326",5613404110,2557,1,1.16,2.21,2.86
"7323",5613404110,2557,2,2.14,2.29,2.86
"7348",5613401906,2556,1,2.7,2.7,3.17
"7349",5613401906,2556,2,2.91,2.82,3.17
"7351",5613401906,2557,1,1.32,2.25,3.17
"7355",5613401906,2557,2,1.78,2.22,3.17
"7347",5613401906,2557,3,3.2,2.28,3.17
"7395",5613404761,2556,1,2.78,2.78,2.77
"7380",5613404761,2556,2,2.18,2.72,2.77
"7382",5613404761,2556,3,3,3,2.77
"7384",5613404761,2557,1,2.21,2.73,2.77
"7379",5613404761,2557,2,1.08,2.3,2.77
"7391",5613404761,2557,3,2.8,2.33,2.77
"7454",5613405051,2556,1,1.5,1.5,3.2
"7453",5613405051,2556,2,1.57,1.53,3.2
"7451",5613405051,2557,1,0.63,1.24,3.2
"7475",5613401879,2556,1,2.57,2.57,3.25
"7486",5613401879,2556,2,2.73,2.66,3.25
"7485",5613401879,2557,1,2.73,2.68,3.25
"7480",5613401879,2557,2,2.9,2.74,3.25
"7476",5613401879,2557,3,3.75,2.82,3.25
"7507",5613404354,2556,1,2.4,2.4,3.34
"7508",5613404354,2556,2,2.65,2.78,3.34
"7510",5613404354,2556,3,2.5,2.73,3.34
"7512",5613404354,2557,1,0.6,2.14,3.34
"7513",5613404354,2557,2,1.29,1.97,3.34
"7537",5613402784,2556,1,2.5,2.5,2.63
"7538",5613402784,2556,2,2.33,2.42,2.63
"7535",5613402784,2557,1,2.72,2.55,2.63
"7531",5613402784,2557,2,2.27,2.48,2.63
"7527",5613402784,2557,3,3.1,2.52,2.63
"7605",5613404055,2556,1,2.77,2.77,3.61
"7592",5613404055,2556,2,2.34,2.57,3.61
"7593",5613404055,2557,1,2.74,2.63,3.61
"7591",5613404055,2557,2,2.39,2.57,3.61
"7601",5613404055,2557,3,2.7,2.58,3.61
"7638",5613402777,2556,1,2.98,2.98,3.05
"7636",5613402777,2556,2,3.14,3.06,3.05
"7634",5613402777,2556,3,3.1,3.06,3.05
"7623",5613402777,2557,1,3.84,3.3,3.05
"7626",5613402777,2557,2,3.7,3.4,3.05
"7624",5613402777,2557,3,3.75,3.43,3.05
"7667",5613406273,2556,1,2.09,2.09,2.28
"7665",5613406273,2556,2,2.1,2.09,2.28
"7660",5613406273,2556,3,1.5,2,2.28
"7659",5613406273,2557,1,1.24,1.75,2.28
"7669",5613406273,2557,2,2,1.88,2.28
"7688",5613404409,2556,1,1.55,1.55,2.84
"7689",5613404409,2556,2,1.77,1.69,2.84
"7691",5613404409,2556,3,1.25,1.91,2.84
"7692",5613404409,2557,1,2.4,2.06,2.84
"7687",5613404409,2557,2,1.69,2.06,2.84
"7699",5613404409,2557,3,1.75,2.03,2.84
"7723",5613403282,2556,1,2.85,2.85,3.3
"7724",5613403282,2556,2,2.45,2.65,3.3
"7726",5613403282,2557,1,2.23,2.5,3.3
"7730",5613403282,2557,2,2.95,2.62,3.3
"7753",5613403063,2556,1,2.69,2.69,3.42
"7749",5613403063,2556,2,2.77,2.73,3.42
"7750",5613403063,2556,3,2,2.67,3.42
"7748",5613403063,2557,1,2.56,2.63,3.42
"7756",5613403063,2557,2,1.85,2.43,3.42
"7747",5613403063,2557,3,2,2.42,3.42
"7795",5613404795,2556,1,1.72,1.72,2.7
"7783",5613404795,2556,2,1.83,1.95,2.7
"7790",5613404795,2557,1,1.43,1.79,2.7
"7784",5613404795,2557,2,2.45,1.99,2.7
"7785",5613404795,2557,3,1,1.94,2.7
"7803",5613402964,2556,1,2.29,2.29,3.45
"7799",5613402964,2556,2,2.15,2.22,3.45
"7802",5613402964,2556,3,0,2.22,3.45
"7812",5613402964,2557,1,2.25,2.23,3.45
"7807",5613402964,2557,2,2.11,2.2,3.45
"7800",5613402964,2557,3,2.25,2.2,3.45
"7835",5613403289,2556,1,0.2,0.2,2.95
"7842",5613405441,2556,1,2.3,2.3,3.39
"7840",5613405441,2556,2,2.45,2.38,3.39
"7838",5613405441,2556,3,1.4,2.25,3.39
"7837",5613405441,2557,1,2.84,2.44,3.39
"7845",5613405441,2557,2,2.68,2.49,3.39
"7843",5613405441,2557,3,3.75,2.59,3.39
"7894",5613405361,2556,1,2.91,2.91,2.82
"7883",5613405361,2556,2,2.53,2.72,2.82
"7882",5613405361,2557,1,2.03,2.47,2.82
"7888",5613405361,2557,2,2.5,2.48,2.82
"7881",5613405361,2557,3,0,2.48,2.82
"7977",5613402369,2557,1,1.46,2.29,2.78
"7979",5613402369,2557,2,1.22,1.99,2.78
"7983",5613402369,2557,3,3.5,2.04,2.78
"8001",5613405556,2556,1,2.09,2.09,2.6
"8002",5613405556,2556,2,1.87,1.98,2.6
"8003",5613405556,2556,3,1,1.98,2.6
"8014",5613402137,2556,1,1.87,1.87,2.84
"8013",5613402137,2556,2,2.2,2.05,2.84
"8022",5613402137,2556,3,1.7,2,2.84
"8020",5613402137,2557,1,0.92,1.66,2.84
"8016",5613402137,2557,2,2.56,1.95,2.84
"8017",5613402137,2557,3,3.5,2.07,2.84
"8122",5613400828,2556,1,2.15,2.15,3.1
"8123",5613400828,2556,2,1.97,2.07,3.1
"8121",5613400828,2556,3,1,1.98,3.1
"8125",5613400828,2557,1,0.65,1.48,3.1
"8150",5613403661,2556,1,1.92,1.92,3.01
"8137",5613403661,2556,2,2.4,2.17,3.01
"8140",5613403661,2556,3,0,2.17,3.01
"8142",5613403661,2557,1,1.41,1.89,3.01
"8139",5613403661,2557,2,1.55,1.84,3.01
"8170",5613405818,2556,1,3.14,3.14,2.82
"8166",5613405818,2556,2,2.8,2.97,2.82
"8174",5613405818,2557,1,2.86,2.93,2.82
"8165",5613405818,2557,2,2.88,2.92,2.82
"8194",5613404169,2556,1,2.2,2.2,2.53
"8192",5613404169,2556,2,2.1,2.14,2.53
"8190",5613404169,2556,3,2.25,2.16,2.53
"8189",5613404169,2557,1,0.75,1.76,2.53
"8199",5613404169,2557,2,2,1.81,2.53
"8195",5613404169,2557,3,4,1.92,2.53
"8262",5613403019,2556,1,3.29,3.29,3.56
"8263",5613403019,2556,2,3.08,3.19,3.56
"8267",5613403019,2556,3,3,3.16,3.56
"8261",5613403019,2557,1,2.93,3.09,3.56
"8265",5613403019,2557,2,3.18,3.11,3.56
"8302",5613405646,2556,1,2.97,2.97,3.04
"8294",5613405646,2556,2,2.83,2.89,3.04
"8289",5613405646,2557,1,2.4,2.72,3.04
"8293",5613405646,2557,2,2.34,2.61,3.04
"8295",5613405646,2557,3,2.75,2.72,3.04
"8323",5613401756,2556,1,3.04,3.04,3.27
"8325",5613401756,2556,2,2.68,2.85,3.27
"8327",5613401756,2557,1,2.65,2.78,3.27
"8321",5613401756,2557,2,3,2.84,3.27
"8355",5613405033,2556,1,2.62,2.62,3.16
"8357",5613405033,2556,2,2.78,2.7,3.16
"8345",5613405033,2557,1,2.85,2.76,3.16
"8350",5613405033,2557,2,3.19,3,3.16
"8347",5613405033,2557,3,3.25,3.02,3.16
"8390",5613404343,2556,1,2.75,2.75,3.28
"8379",5613404343,2556,2,2.73,2.74,3.28
"8380",5613404343,2557,1,2.7,2.73,3.28
"8378",5613404343,2557,2,3.14,2.83,3.28
"8377",5613404343,2557,3,3.5,2.88,3.28
"8411",5613403549,2556,1,2.82,2.82,3.3
"8413",5613403549,2556,2,2.11,2.43,3.3
"8415",5613403549,2556,3,1,2.32,3.3
"8409",5613403549,2557,1,2.18,2.28,3.3
"8410",5613403549,2557,2,2.24,2.36,3.3
"8417",5613403549,2557,3,3.5,2.41,3.3
"8448",5613405291,2556,1,1.5,1.5,2.8
"8447",5613405291,2556,2,0.67,1.08,2.8
"8445",5613405291,2556,3,0,0.99,2.8
"8458",5613403939,2556,1,2.75,2.75,3.81
"8457",5613403939,2556,2,2.98,2.87,3.81
"8460",5613403939,2557,1,2.53,2.75,3.81
"8462",5613403939,2557,2,2.94,2.8,3.81
"8506",5613405233,2556,1,1.68,1.68,2.93
"8507",5613405233,2556,2,1.37,1.66,2.93
"8508",5613405233,2556,3,2,1.85,2.93
"8510",5613405233,2557,1,1.21,1.65,2.93
"8511",5613405233,2557,2,2.25,1.79,2.93
"8505",5613405233,2557,3,2,1.88,2.93
"8559",5613404988,2556,1,2.39,2.39,3.65
"8554",5613404988,2556,2,2.1,2.26,3.65
"8541",5613404988,2557,1,2.32,2.28,3.65
"8542",5613404988,2557,2,2.13,2.24,3.65
"8591",5613400813,2556,1,2.34,2.34,3.02
"8600",5613400813,2556,2,1.23,1.94,3.02
"8598",5613400813,2556,3,1.25,1.99,3.02
"8595",5613400813,2557,1,0.9,1.68,3.02
"8589",5613400813,2557,2,0,1.34,3.02
"8625",5613405021,2556,1,3.2,3.2,3.08
"8619",5613405021,2556,2,2.98,3.08,3.08
"8617",5613405021,2557,1,3.3,3.16,3.08
"8621",5613405021,2557,2,2.82,3.07,3.08
"8649",5613401001,2556,1,1.81,1.81,2.8
"8630",5613401001,2556,2,1.89,2.02,2.8
"8629",5613401001,2556,3,2,2.21,2.8
"8633",5613401001,2557,1,0.6,1.7,2.8
"8638",5613401001,2557,2,2.33,1.97,2.8
"8639",5613401001,2557,3,3.5,2.04,2.8
"8667",5613403585,2556,1,2.68,2.68,2.87
"8665",5613403585,2556,2,2.14,2.43,2.87
"8670",5613403585,2556,3,2,2.39,2.87
"8671",5613403585,2557,1,1.5,2.05,2.87
"8666",5613403585,2557,2,2.04,2.05,2.87
"8673",5613403585,2557,3,3.75,2.17,2.87
"8752",5613405483,2556,1,2.39,2.39,3.16
"8737",5613405483,2556,2,2.18,2.29,3.16
"8742",5613405483,2556,3,3.34,2.5,3.16
"8738",5613405483,2557,1,1.85,2.3,3.16
"8746",5613405483,2557,2,2.66,2.38,3.16
"8743",5613405483,2557,3,1.75,2.42,3.16
"8786",5613403384,2556,1,2.8,2.8,3.13
"13008",5613403384,2556,1,2.8,2.8,3.16
"8783",5613403384,2556,2,2.64,2.72,3.13
"13005",5613403384,2556,2,2.64,2.72,3.16
"8780",5613403384,2557,1,2.5,2.64,3.13
"13002",5613403384,2557,1,2.5,2.64,3.16
"8777",5613403384,2557,2,2.77,2.67,3.13
"12999",5613403384,2557,2,2.77,2.67,3.16
"8773",5613403384,2557,3,2.75,2.68,3.13
"12995",5613403384,2557,3,2.75,2.68,3.16
"8812",5613403078,2556,1,2.53,2.53,2.83
"8807",5613403078,2556,2,2.25,2.39,2.83
"8809",5613403078,2556,3,0,2.39,2.83
"8806",5613403078,2557,1,1.08,1.91,2.83
"8805",5613403078,2557,2,1.85,1.97,2.83
"8816",5613403078,2557,3,3,2.05,2.83
"8854",5613405778,2556,1,2.42,2.42,3.12
"8841",5613405778,2556,2,2.54,2.47,3.12
"8843",5613405778,2557,1,2.79,2.6,3.12
"8847",5613405778,2557,2,2.88,2.67,3.12
"8851",5613405778,2557,3,2.75,2.78,3.12
"8906",5613405692,2556,1,3.07,3.07,2.68
"8907",5613405692,2556,2,2.74,2.88,2.68
"8909",5613405692,2557,1,3.38,3.06,2.68
"8905",5613405692,2557,2,3.29,3.12,2.68
"8963",5613405890,2556,1,2.42,2.42,3.58
"8961",5613405890,2556,2,2.69,2.56,3.58
"8965",5613405890,2557,1,1.84,2.29,3.58
"8969",5613405890,2557,2,2.38,2.31,3.58
"8962",5613405890,2557,3,3.07,2.47,3.58
"8994",5613402628,2557,1,1,1.85,2.71
"8993",5613402628,2557,2,1.72,1.82,2.71
"9000",5613402628,2557,3,2.5,1.93,2.71
"9024",5613402183,2556,1,2,2,2.74
"9025",5613402183,2556,2,2.2,2.1,2.74
"9027",5613402183,2556,3,2,2.17,2.74
"9034",5613402183,2557,1,2.77,2.35,2.74
"9023",5613402183,2557,2,2.03,2.27,2.74
"9031",5613402183,2557,3,2.5,2.38,2.74
"9061",5613401451,2556,1,2.84,2.84,2.81
"9047",5613401451,2556,2,2.45,2.64,2.81
"9050",5613401451,2557,1,3.42,2.9,2.81
"9049",5613401451,2557,2,3.08,2.94,2.81
"9054",5613401451,2557,3,2.75,2.92,2.81
"9082",5613406952,2556,1,1.45,1.45,3.26
"9079",5613406952,2556,2,0,0.98,3.26
"9089",5613401652,2556,1,2.6,2.6,2.71
"9087",5613401652,2556,2,1.92,2.24,2.71
"9093",5613401652,2557,1,1.03,1.9,2.71
"9095",5613401652,2557,2,1.61,1.93,2.71
"9088",5613401652,2557,3,3.5,2,2.71
"9115",5613402400,2556,1,3.14,3.14,3.71
"9108",5613402400,2556,2,3.34,3.24,3.71
"9109",5613402400,2557,1,3.12,3.19,3.71
"9107",5613402400,2557,2,3.05,3.16,3.71
"9131",5613401410,2557,1,2.22,2.29,2.98
"9133",5613401410,2557,2,2.16,2.26,2.98
"9157",5613401620,2556,1,2.25,2.25,3.04
"9158",5613401620,2556,2,2.5,2.39,3.04
"9155",5613401620,2556,3,3.3,2.49,3.04
"9153",5613401620,2557,1,1.62,2.2,3.04
"9151",5613401620,2557,2,2.13,2.27,3.04
"9162",5613401620,2557,3,2.75,2.3,3.04
"9187",5613403267,2556,1,2.23,2.23,3.89
"9190",5613403267,2556,2,2.03,2.13,3.89
"9191",5613403267,2556,3,3.25,2.3,3.89
"9189",5613403267,2557,1,1.28,1.96,3.89
"9188",5613403267,2557,2,2.38,2.03,3.89
"9194",5613403267,2557,3,4,2.11,3.89
"9228",5613405300,2556,1,1.59,1.59,2.62
"9226",5613405300,2556,2,1.63,1.75,2.62
"9223",5613405300,2556,3,1.25,1.81,2.62
"9224",5613405300,2557,1,0.77,1.49,2.62
"9239",5613405274,2556,1,2.5,2.5,3.17
"9240",5613405274,2556,2,1.18,1.78,3.17
"9242",5613400860,2556,1,2.74,2.74,3.54
"9247",5613400860,2556,2,2.13,2.39,3.54
"9245",5613400860,2557,1,1.21,1.93,3.54
"9241",5613400860,2557,2,2.1,2.05,3.54
"9243",5613400860,2557,3,2.67,2.21,3.54
"9269",5613403456,2556,1,2.27,2.27,3.55
"9267",5613403456,2556,2,2.48,2.38,3.55
"9261",5613403456,2556,3,3,2.47,3.55
"9262",5613403456,2557,1,2.27,2.42,3.55
"9270",5613403456,2557,2,2.37,2.41,3.55
"9278",5613403456,2557,3,3.25,2.47,3.55
"9298",5613404277,2556,1,2.25,2.25,3.15
"9297",5613404277,2556,2,0,1.02,3.15
"9304",5613404575,2556,1,2.33,2.33,3.5
"9302",5613404575,2556,2,2.73,2.53,3.5
"9307",5613404575,2557,1,0.85,2.16,3.5
"9310",5613404575,2557,2,0.85,1.86,3.5
"9301",5613404575,2557,3,2.75,1.94,3.5
"9333",5613404014,2556,1,3.67,3.67,3.39
"9335",5613404014,2556,2,3.64,3.66,3.39
"9341",5613402934,2556,1,2.17,2.17,2.73
"9344",5613402934,2556,2,2.25,2.22,2.73
"9346",5613402934,2556,3,2.4,2.24,2.73
"9343",5613402934,2557,1,2,2.16,2.73
"9349",5613402934,2557,2,2.08,2.14,2.73
"9342",5613402934,2557,3,3.2,2.21,2.73
"9384",5613403140,2556,1,2.21,2.21,3.6
"9378",5613403140,2556,2,2.22,2.22,3.6
"9380",5613403140,2556,3,1.25,2.24,3.6
"9377",5613403140,2557,1,1.73,2.06,3.6
"9386",5613403140,2557,2,2.25,2.1,3.6
"9390",5613403140,2557,3,3.5,2.16,3.6
"9417",5613404090,2556,1,1.57,1.57,2.54
"9414",5613404090,2556,2,1.53,1.7,2.54
"9416",5613404090,2556,3,3,1.82,2.54
"9413",5613404090,2557,1,1.15,1.62,2.54
"9422",5613404090,2557,2,1.77,1.65,2.54
"9425",5613404090,2557,3,3.5,1.77,2.54
"9486",5613407033,2556,1,1.88,1.88,2.51
"9492",5613407033,2556,2,0.9,1.27,2.51
"9485",5613407033,2556,3,2,1.5,2.51
"9488",5613407033,2557,1,2,1.77,2.51
"9487",5613407033,2557,2,0,1.5,2.51
"9505",5613402526,2556,1,2.56,2.56,3.64
"9512",5613402526,2556,2,2.47,2.52,3.64
"9514",5613402526,2557,1,1.98,2.31,3.64
"9506",5613402526,2557,2,1.69,2.18,3.64
"9507",5613402526,2557,3,3.75,2.3,3.64
"9551",5613401520,2556,1,3.16,3.16,2.74
"9549",5613401520,2556,2,2.75,2.93,2.74
"9537",5613401520,2557,1,1.93,2.59,2.74
"9541",5613401520,2557,2,2.69,2.61,2.74
"9540",5613401520,2557,3,3.75,2.7,2.74
"9570",5613405611,2556,1,1.22,1.22,3.16
"9569",5613405611,2556,2,0,0.54,3.16
"9573",5613406079,2556,1,3,3,3.64
"13563",5613406079,2556,1,3,3,3.63
"9584",5613406079,2556,2,2.67,2.84,3.64
"13574",5613406079,2556,2,2.67,2.84,3.63
"9580",5613406079,2557,1,2.59,2.75,3.64
"13570",5613406079,2557,1,2.59,2.75,3.63
"9576",5613406079,2557,2,2.9,2.78,3.64
"13566",5613406079,2557,2,2.9,2.78,3.63
"9574",5613406079,2557,3,3.5,2.84,3.64
"13564",5613406079,2557,3,3.5,2.84,3.63
"9606",5613403219,2556,1,3.2,3.2,3.37
"13700",5613403219,2556,1,3.2,3.2,3.35
"9607",5613403219,2556,2,2.89,3.05,3.37
"13701",5613403219,2556,2,2.89,3.05,3.35
"9605",5613403219,2557,1,2.57,2.87,3.37
"13699",5613403219,2557,1,2.57,2.87,3.35
"9612",5613403219,2557,2,2.35,2.72,3.37
"13706",5613403219,2557,2,2.35,2.72,3.35
"9608",5613403219,2557,3,4,2.79,3.37
"13702",5613403219,2557,3,4,2.79,3.35
"10332",5613406187,2556,1,3.03,3.03,3.17
"14302",5613406187,2556,1,3.03,3.03,3.19
"10323",5613406187,2556,2,3.03,3.03,3.17
"14293",5613406187,2556,2,3.03,3.03,3.19
"10324",5613406187,2557,1,2.55,2.85,3.17
"14294",5613406187,2557,1,2.55,2.85,3.19
"10326",5613406187,2557,2,1.75,2.57,3.17
"14296",5613406187,2557,2,1.75,2.57,3.19
"11110",5613402250,2556,1,2.22,2.22,2.74
"11108",5613402250,2556,2,2.18,2.2,2.74
"11105",5613402250,2556,3,1.25,2.23,2.74
"11214",5613405980,2556,1,2.95,2.95,3.65
"11216",5613405980,2556,2,2.54,2.76,3.65
"11218",5613405980,2556,3,3.4,2.85,3.65
"11213",5613405980,2557,1,1.9,2.53,3.65
"11222",5613405980,2557,2,2.35,2.59,3.65
"11220",5613405980,2557,3,2.75,2.6,3.65
"12141",5613406806,2556,1,1.94,1.94,2.14
"12142",5613406806,2556,2,1.33,1.79,2.14
"12144",5613406806,2557,1,0,1.19,2.14
"13407",5613401895,2556,1,3.83,3.83,3.58
"13405",5613401895,2556,2,3.35,3.57,3.58
"13403",5613401895,2557,1,3.34,3.49,3.58
"13409",5613401895,2557,2,3.05,3.38,3.58
"14071",5613406007,2556,1,2.39,2.39,2.96
"14076",5613406007,2556,2,2.13,2.26,2.96
"14068",5613406007,2556,3,1.5,2.15,2.96
"14063",5613406007,2557,1,1.8,2.03,2.96
"14069",5613406007,2557,2,2.81,2.17,2.96
"14064",5613406007,2557,3,1.69,2.21,2.96
"14192",5613406501,2556,1,2,2,1.79
"14190",5613406501,2556,2,1.89,1.94,1.79
"14189",5613406501,2556,3,1,1.95,1.79
"14205",5613406501,2557,1,2.18,2.02,1.79
"14201",5613406501,2557,2,2.38,2.11,1.79
"14195",5613406501,2557,3,2.5,2.14,1.79
"14226",5613406716,2556,1,1.29,1.29,3.15
"14225",5613406716,2556,2,1.5,1.54,3.15
"14245",5613406328,2556,1,2.67,2.67,0
"14243",5613406328,2556,2,2.42,2.52,0
"14242",5613406328,2556,3,3,2.56,0
"14236",5613406328,2557,1,2.11,2.4,0
"14235",5613406328,2557,2,1.65,2.21,0
"14233",5613406328,2557,3,2,2.21,0
"14282",5613406290,2556,1,2.55,2.55,2.82
"14283",5613406290,2556,2,1.45,2.03,2.82
"14281",5613406290,2556,3,1.88,2.13,2.82
"14315",5613406335,2556,1,2.3,2.3,2.57
"14313",5613406335,2556,2,2.28,2.29,2.57
"14308",5613406335,2557,1,2.03,2.19,2.57
"14305",5613406335,2557,2,2.07,2.25,2.57
"14329",5613406738,2556,1,1.08,1.08,2.67
"14330",5613406738,2556,2,2.42,2,2.67
"14331",5613406738,2556,3,1.75,1.97,2.67
"14368",5613406570,2557,1,2.23,2.07,3.23
"14367",5613406570,2557,2,2.4,2.17,3.23
"14383",5613406981,2556,1,2,2,3.4
"14390",5613406981,2556,2,1.71,1.85,3.4
"14386",5613406981,2557,1,2.08,1.94,3.4
"14384",5613406981,2557,2,2.8,2.07,3.4
"14408",5613406418,2556,1,0,0,2.83
"14414",5613406418,2556,2,0,0,2.83
"14409",5613406418,2557,1,1.68,1.68,2.83
"14407",5613406418,2557,2,1.06,1.36,2.83
"14456",5613406299,2556,1,1.45,1.45,2.91
"14455",5613406299,2556,2,0,0.85,2.91
"14460",5613407080,2556,1,0.73,0.73,2.88
"14463",5613407080,2556,2,1.2,1.3,2.88
"14459",5613407080,2556,3,0.5,1.26,2.88
"14476",5613406761,2556,1,2.53,2.53,2.55
"14479",5613406761,2556,2,1.93,2.28,2.55
"14471",5613406761,2557,1,2,2.18,2.55
"14481",5613406761,2557,2,2.71,2.31,2.55
"14472",5613406761,2557,3,3.75,2.43,2.55
"14505",5613406225,2556,1,1.27,1.27,2.77
"14504",5613406225,2556,2,0.16,0.92,2.77
"14503",5613406225,2556,3,0,0.92,2.77
"14522",5613406244,2556,1,2.47,2.47,2.79
"14514",5613406244,2556,2,2.25,2.37,2.79
"14509",5613406244,2557,1,1.67,2.08,2.79
"14513",5613406244,2557,2,2,2.06,2.79
"14510",5613406244,2557,3,0,2.06,2.79
"14530",5613406891,2556,1,2.67,2.67,3.11
"14532",5613406891,2556,2,2.53,2.59,3.11
"14526",5613406891,2557,1,2.59,2.59,3.11
"14525",5613406891,2557,2,2.89,2.69,3.11
"14549",5613406313,2556,1,1.4,1.4,3.22
"14552",5613406313,2556,2,1.4,1.54,3.22
"14554",5613406313,2556,3,2.84,1.84,3.22
"14598",5613406220,2556,1,2.08,2.08,2.65
"14600",5613406220,2556,2,0.84,1.57,2.65
"14597",5613406220,2557,1,2.2,1.99,2.65
"14604",5613406220,2557,2,2.08,2.14,2.65
"14631",5613406575,2556,1,2.87,2.87,2.37
"14622",5613406575,2556,2,2.55,2.7,2.37
"14624",5613406575,2557,1,2.22,2.53,2.37
"14621",5613406575,2557,2,2.35,2.49,2.37
"14669",5613406856,2556,1,1.67,1.67,1.78
"14670",5613406856,2556,2,1.95,2,1.78
"14679",5613407087,2556,1,0.74,0.74,2.52
"14675",5613407087,2556,2,1.65,1.52,2.52
"14673",5613407087,2556,3,1.5,1.83,2.52
"14674",5613407087,2557,1,0.9,1.52,2.52
"14725",5613406601,2556,1,0,0,2.63
"14726",5613406601,2556,2,0,0,2.63
"14735",5613407021,2556,1,2.03,2.03,2.21
"14730",5613407021,2556,2,1.66,1.98,2.21
"14738",5613407021,2557,1,2.45,2.12,2.21
"14729",5613407021,2557,2,1.35,2.18,2.21
"14774",5613406349,2556,1,0.81,0.81,2.77
"14773",5613406349,2556,2,0,0.48,2.77
