["","GPA","entry2553_GPAX"],[
"1",2.44,3.71],[
"2",2.74,3.71],[
"3",1.69,3.71],[
"4",0.95,3.71],[
"5",2,3.71],[
"6",2.39,3.71],[
"7",2.92,3.71],[
"8",2.44,3.71],[
"9",2,3.71],[
"10",3.07,3.08],[
"11",3,3.08],[
"12",2.4,3.08],[
"13",2.09,3.08],[
"14",2.4,3.08],[
"15",1.88,3.08],[
"16",2.36,3.08],[
"17",2.42,3.08],[
"18",2.29,3.53],[
"19",2.65,3.53],[
"20",1.32,3.53],[
"21",1.91,3.53],[
"22",1.6,3.53],[
"23",2.2,3.53],[
"24",1.94,3.53],[
"25",2,3.53],[
"26",2.35,3.53],[
"27",2.04,3.37],[
"28",0.14,3.37],[
"29",2.07,3.07],[
"30",2.27,3.07],[
"31",1.86,3.07],[
"32",2.1,3.07],[
"33",1.25,3.07],[
"34",1.82,3.07],[
"35",2.15,3.07],[
"36",1.59,3.07],[
"37",1.08,3.07],[
"38",1.67,3.07],[
"39",2.19,3],[
"40",2.21,3],[
"41",1.84,3],[
"42",2.58,3],[
"43",1.87,3],[
"44",2.9,3],[
"45",2.68,3],[
"46",2.5,3],[
"47",3.1,2.89],[
"48",3.14,2.89],[
"49",3,2.89],[
"50",2.98,2.89],[
"51",2.93,2.89],[
"52",4,2.89],[
"53",3.03,2.89],[
"54",2.36,2.89],[
"55",2.75,2.89],[
"56",2.38,2.89],[
"57",2.44,2.94],[
"58",2.62,2.94],[
"59",2.72,2.94],[
"60",3.05,2.94],[
"61",3,2.94],[
"62",2.98,2.94],[
"63",2.7,2.94],[
"64",3.33,2.53],[
"65",3.43,2.53],[
"66",2.5,2.53],[
"67",2.25,2.53],[
"68",2.5,2.53],[
"69",2.58,2.53],[
"70",1.8,2.53],[
"71",2.93,2.53],[
"72",2.64,2.53],[
"73",2,2.53],[
"74",2.74,3.34],[
"75",2.6,3.34],[
"76",2.58,3.34],[
"77",3,3.34],[
"78",3.63,3.34],[
"79",2.58,3.34],[
"80",3.08,3.34],[
"81",3.44,3.34],[
"82",2.95,3.42],[
"83",2.8,3.42],[
"84",2.25,3.42],[
"85",2.45,3.42],[
"86",2.45,3.42],[
"87",2.18,3.42],[
"88",2.4,3.42],[
"89",2.66,3.61],[
"90",2.45,3.61],[
"91",1,3.61],[
"92",1.4,3.61],[
"93",1.93,3.61],[
"94",0,3.61],[
"95",1.09,3.61],[
"96",2.14,3.61],[
"97",2.07,3.61],[
"98",2.09,3.61],[
"99",1.75,3.61],[
"100",1.84,3.61],[
"101",0,3.61],[
"102",2.06,2.35],[
"103",1.87,2.35],[
"104",0.82,2.35],[
"105",2.77,2.35],[
"106",2.84,2.35],[
"107",2.27,2.35],[
"108",1.69,2.35],[
"109",1.24,2.35],[
"110",0,2.35],[
"111",0.5,2.35],[
"112",0,2.35],[
"113",0,2.35],[
"114",2.45,3.07],[
"115",2.68,3.07],[
"116",1.84,3.07],[
"117",1.75,3.07],[
"118",1.5,3.07],[
"119",2.11,3.07],[
"120",2.41,3.07],[
"121",3.21,3.07],[
"122",2.56,2.97],[
"123",2.53,2.97],[
"124",3.08,2.97],[
"125",3.15,2.97],[
"126",3,2.97],[
"127",2.37,2.31],[
"128",2.53,2.31],[
"129",2.43,2.31],[
"130",2.74,2.31],[
"131",2.74,2.31],[
"132",3.1,2.31],[
"133",3.67,2.31],[
"134",3.63,2.31],[
"135",2.47,3.09],[
"136",2.47,3.2],[
"137",2.4,3.09],[
"138",2.4,3.2],[
"139",1.23,3.09],[
"140",1.23,3.2],[
"141",0.8,3.09],[
"142",0.8,3.2],[
"143",1.5,3.09],[
"144",1.5,3.2],[
"145",2.25,3.09],[
"146",2.25,3.2],[
"147",2.73,3.09],[
"148",2.73,3.2],[
"149",3.25,3.09],[
"150",3.25,3.2],[
"151",2.79,3.09],[
"152",2.79,3.2],[
"153",2.75,2.64],[
"154",2.42,2.64],[
"155",1.74,2.64],[
"156",1.88,2.64],[
"157",2,2.64],[
"158",2.3,2.64],[
"159",1.5,2.64],[
"160",2.22,2.64],[
"161",2.19,2.64],[
"162",0,2.64],[
"163",0.78,2.86],[
"164",3.79,3.4],[
"165",3.58,3.4],[
"166",3.7,3.4],[
"167",3.45,3.4],[
"168",3.79,3.4],[
"169",3.5,3.4],[
"170",3.55,3.4],[
"171",2.79,3.61],[
"172",2.98,3.61],[
"173",3.36,3.61],[
"174",3.61,3.61],[
"175",3.1,3.61],[
"176",3.29,3.61],[
"177",1.95,2.79],[
"178",2.2,2.79],[
"179",1.64,2.79],[
"180",2.15,2.79],[
"181",2.5,2.79],[
"182",2.12,2.79],[
"183",2.42,2.79],[
"184",2.82,2.79],[
"185",2.32,3.78],[
"186",2.3,3.78],[
"187",1.73,3.78],[
"188",2.07,3.78],[
"189",3,3.78],[
"190",2.78,3.78],[
"191",2.3,3.78],[
"192",2.89,3.78],[
"193",2.2,3.78],[
"194",0.92,2.72],[
"195",0.62,2.72],[
"196",2.62,2.55],[
"197",1.48,2.55],[
"198",1.25,2.55],[
"199",0.63,2.55],[
"200",1.3,2.55],[
"201",1.95,3.28],[
"202",2.43,3.28],[
"203",1.75,3.28],[
"204",2,3.28],[
"205",2,3.28],[
"206",2.75,3.28],[
"207",2.26,3.28],[
"208",2.24,3.28],[
"209",2.37,3.28],[
"210",2.92,3.13],[
"211",2.86,3.13],[
"212",2,3.13],[
"213",2.1,3.13],[
"214",2.23,3.13],[
"215",2.25,3.13],[
"216",2.2,3.13],[
"217",1.39,3.13],[
"218",2.42,3.13],[
"219",1.03,2.65],[
"220",1.39,2.65],[
"221",0,2.65],[
"222",2.67,3.32],[
"223",3.05,3.32],[
"224",2.5,3.32],[
"225",2.5,3.32],[
"226",3,3.32],[
"227",2,3.32],[
"228",2.09,3.32],[
"229",3.06,3.32],[
"230",3.29,3.32],[
"231",2.53,2.56],[
"232",2.86,2.56],[
"233",2,2.56],[
"234",2.15,2.56],[
"235",2,2.56],[
"236",2.09,2.56],[
"237",2.73,2.56],[
"238",2.79,2.56],[
"239",2.34,2.56],[
"240",2.32,2.93],[
"241",2.42,2.93],[
"242",1.8,2.93],[
"243",2.5,2.93],[
"244",2,2.93],[
"245",1.96,2.93],[
"246",2.46,2.93],[
"247",1.84,1.57],[
"248",1.92,1.57],[
"249",0,1.57],[
"250",0.27,2.57],[
"251",0,2.57],[
"252",1.87,3.16],[
"253",2,3.16],[
"254",0.83,3.16],[
"255",2.34,3.16],[
"256",2.22,3.3],[
"257",1.95,3.3],[
"258",1.66,3.3],[
"259",2.6,3.3],[
"260",2.25,3.3],[
"261",1.84,3.3],[
"262",2.53,3.3],[
"263",2.83,3.3],[
"264",1.97,3.31],[
"265",2.69,3.31],[
"266",1.97,3.31],[
"267",1.27,3.31],[
"268",1.75,3.31],[
"269",0.86,3.31],[
"270",1,3.31],[
"271",1.09,3.31],[
"272",1.58,3.31],[
"273",0.34,3.31],[
"274",2.29,3.34],[
"275",2.25,3.34],[
"276",2.08,3.34],[
"277",2.63,3.34],[
"278",2.75,3.34],[
"279",2.5,3.34],[
"280",3.18,3.34],[
"281",2.42,3.47],[
"282",1.78,3.47],[
"283",1.69,3.47],[
"284",2.53,3.47],[
"285",3.17,3.47],[
"286",2.68,3.47],[
"287",2.16,3.47],[
"288",1.62,3.47],[
"289",1.79,3.47],[
"290",2.16,2.85],[
"291",2.43,2.85],[
"292",1,2.85],[
"293",1.66,2.85],[
"294",1.89,2.85],[
"295",2,2.85],[
"296",1.78,2.85],[
"297",1.76,2.85],[
"298",1.39,2.85],[
"299",0.2,2.85],[
"300",1.75,2.85],[
"301",1.7,2.85],[
"302",1,2.85],[
"303",0,2.85],[
"304",3.03,2.99],[
"305",3.28,2.99],[
"306",2.03,2.99],[
"307",2.07,2.99],[
"308",2.08,2.99],[
"309",2.25,2.99],[
"310",3.18,2.99],[
"311",2.97,3.61],[
"312",3.27,3.61],[
"313",1.85,3.61],[
"314",2.39,3.61],[
"315",1,3.61],[
"316",1.88,3.61],[
"317",1.4,3.61],[
"318",1.12,3.61],[
"319",1.29,3.61],[
"320",1,3.61],[
"321",1.1,3.61],[
"322",1.38,3.61],[
"323",2.88,3.11],[
"324",3.09,3.11],[
"325",4,3.11],[
"326",3,3.11],[
"327",3.45,3.11],[
"328",2.5,3.11],[
"329",3.66,3.11],[
"330",3.53,3.11],[
"331",2,2.84],[
"332",2.85,2.84],[
"333",0.5,2.84],[
"334",1.19,2.84],[
"335",2,2.95],[
"336",2.34,2.95],[
"337",2.32,2.95],[
"338",2.21,2.95],[
"339",2.5,2.95],[
"340",2.43,2.95],[
"341",2.18,2.95],[
"342",2.85,2.95],[
"343",2.5,3.42],[
"344",2.64,3.42],[
"345",2.3,3.42],[
"346",2.08,3.42],[
"347",2.78,3.42],[
"348",2.48,3.42],[
"349",4,3.42],[
"350",0.97,2.61],[
"351",1.18,2.61],[
"352",0,2.61],[
"353",2.29,2.78],[
"354",2.8,2.78],[
"355",2.75,2.78],[
"356",2.55,2.78],[
"357",2.16,2.78],[
"358",2.25,2.78],[
"359",2.9,2.78],[
"360",1.8,2.78],[
"361",2.75,2.78],[
"362",2.83,3.41],[
"363",2.27,3.41],[
"364",2.65,3.41],[
"365",2.84,3.41],[
"366",1.79,3.41],[
"367",2.76,3.41],[
"368",3.21,3.41],[
"369",2.84,3.7],[
"370",3.12,3.7],[
"371",2.35,3.7],[
"372",2.41,3.7],[
"373",3.75,3.7],[
"374",2.83,3.7],[
"375",2.23,3.7],[
"376",2.82,3.7],[
"377",2.25,2.54],[
"378",2.89,2.54],[
"379",1.97,2.54],[
"380",1.35,2.54],[
"381",1.67,2.54],[
"382",0.95,2.54],[
"383",0,2.54],[
"384",2.44,2.75],[
"385",2.27,2.75],[
"386",2.85,2.75],[
"387",2.66,2.75],[
"388",3.75,2.75],[
"389",2.8,2.75],[
"390",2.65,2.75],[
"391",2.95,2.75],[
"392",3.12,3.2],[
"393",3.34,3.2],[
"394",3.65,3.2],[
"395",3.5,3.2],[
"396",2.64,3.2],[
"397",3.05,3.2],[
"398",3.35,3.2],[
"399",2.48,2.82],[
"400",2.45,2.82],[
"401",1.5,2.82],[
"402",1.09,2.82],[
"403",2,2.82],[
"404",2.19,2.82],[
"405",1.93,2.82],[
"406",1.66,2.82],[
"407",2.15,2.82],[
"408",0.82,3.14],[
"409",3.1,3.14],[
"410",3.75,3.14],[
"411",1.97,3.28],[
"412",2.77,3.28],[
"413",0.16,3.28],[
"414",1.5,3.28],[
"415",2.47,3.48],[
"416",2.87,3.48],[
"417",4,3.48],[
"418",1.5,3.48],[
"419",0.5,3.48],[
"420",2.25,3.48],[
"421",1,3.48],[
"422",1.3,3.48],[
"423",0,3.48],[
"424",0,3.48],[
"425",2.13,3.12],[
"426",2.35,3.12],[
"427",3.5,3.12],[
"428",2.84,3.12],[
"429",3.3,3.12],[
"430",3.75,3.12],[
"431",2.82,3.12],[
"432",3.18,3.12],[
"433",2.28,2.87],[
"434",2.03,2.87],[
"435",2,2.87],[
"436",1.47,2.87],[
"437",1.95,3.3],[
"438",1.6,3.3],[
"439",2.29,3.3],[
"440",1.8,3.3],[
"441",2.11,3.3],[
"442",2.75,3.3],[
"443",3.32,3.3],[
"444",2.25,2.93],[
"445",2.64,2.93],[
"446",1,2.93],[
"447",1.64,2.93],[
"448",0.69,2.93],[
"449",0,2.93],[
"450",1.88,2.65],[
"451",1.79,2.65],[
"452",2.75,2.65],[
"453",2.23,2.65],[
"454",2.69,2.65],[
"455",2.17,2.65],[
"456",2.25,2.65],[
"457",2.37,2.65],[
"458",3.33,2.65],[
"459",2.5,2.65],[
"460",2.11,3.29],[
"461",2.07,3.29],[
"462",2,3.29],[
"463",1.42,3.29],[
"464",2.1,3.29],[
"465",1.23,3.29],[
"466",2.72,3.29],[
"467",2.71,3.29],[
"468",2.5,3.29],[
"469",1.98,2.29],[
"470",1.9,2.29],[
"471",2.75,2.29],[
"472",2.7,2.29],[
"473",2.63,2.29],[
"474",0,2.29],[
"475",1.75,2.29],[
"476",1.93,2.29],[
"477",2,2.29],[
"478",2.95,2.29],[
"479",1.5,2.29],[
"480",2.5,3.08],[
"481",2.06,3.08],[
"482",2.28,3.08],[
"483",2.35,3.08],[
"484",2.9,3.08],[
"485",2.95,3.08],[
"486",3.33,3.08],[
"487",1.25,3.08],[
"488",0.58,2.57],[
"489",1.36,2.57],[
"490",2.25,3.17],[
"491",2.28,3.17],[
"492",2.04,3.17],[
"493",1.64,3.17],[
"494",2.25,3.17],[
"495",2.15,3.17],[
"496",2.15,3.17],[
"497",2.35,3.17],[
"498",2.64,3.17],[
"499",2.36,3.28],[
"500",2.5,3.28],[
"501",2.75,3.28],[
"502",2.06,3.15],[
"503",1.92,3.15],[
"504",2.22,3.4],[
"505",2.15,3.4],[
"506",2.43,3.4],[
"507",3.03,3.4],[
"508",2.75,3.4],[
"509",3.02,3.4],[
"510",3.12,3.4],[
"511",1.17,2.62],[
"512",1.67,2.62],[
"513",1.5,2.62],[
"514",1.62,2.62],[
"515",2.75,2.62],[
"516",2.82,2.62],[
"517",1.7,2.62],[
"518",2,2.62],[
"519",2.14,2.75],[
"520",1.92,2.75],[
"521",1.21,2.75],[
"522",1.5,2.75],[
"523",2.8,3.82],[
"524",2.71,3.82],[
"525",2,3.82],[
"526",2.16,3.82],[
"527",4,3.82],[
"528",2.29,3.82],[
"529",2.64,3.82],[
"530",2.68,3.82],[
"531",2.06,2.95],[
"532",2.58,2.95],[
"533",2.07,2.95],[
"534",1.93,2.95],[
"535",3.25,2.95],[
"536",2.7,2.95],[
"537",2.69,2.95],[
"538",3.03,2.95],[
"539",2.44,3.05],[
"540",2.65,3.05],[
"541",2,3.05],[
"542",2.08,3.05],[
"543",2.13,3.05],[
"544",1.5,3.05],[
"545",1.9,3.05],[
"546",2.69,3.05],[
"547",2.4,3.05],[
"548",1.09,3.05],[
"549",0,3.05],[
"550",2.61,2.56],[
"551",2.33,2.56],[
"552",2.29,2.56],[
"553",2.09,2.56],[
"554",1.5,2.56],[
"555",1.96,2.56],[
"556",2.84,2.56],[
"557",2.96,2.56],[
"558",3.37,3.69],[
"559",3.34,3.69],[
"560",2.4,3.69],[
"561",1.62,3.69],[
"562",2.89,3.69],[
"563",2.42,3.69],[
"564",2.69,3.69],[
"565",2.1,3.69],[
"566",2.59,3.47],[
"567",2.14,3.47],[
"568",2.13,3.47],[
"569",2.29,3.47],[
"570",1.75,3.47],[
"571",2.61,3.47],[
"572",1.71,3.47],[
"573",0.66,3.47],[
"574",1.75,3.47],[
"575",1.13,3.47],[
"576",1.84,3.47],[
"577",2,3.47],[
"578",1.67,2.62],[
"579",2.39,2.62],[
"580",2,2.62],[
"581",0.97,2.62],[
"582",1.56,2.62],[
"583",0,2.62],[
"584",0,2.62],[
"585",1.84,3.62],[
"586",2.53,3.62],[
"587",1.5,3.62],[
"588",0.75,3.62],[
"589",1,3.62],[
"590",3,3.62],[
"591",0,3.62],[
"592",3.63,3.62],[
"593",1.5,3.62],[
"594",1.35,3.62],[
"595",1.66,3.62],[
"596",1,3.62],[
"597",0.96,3.43],[
"598",0.5,3.43],[
"599",1.89,2.93],[
"600",2.37,2.93],[
"601",2.22,2.93],[
"602",1.69,2.93],[
"603",2.5,2.86],[
"604",1.1,2.86],[
"605",2.15,2.86],[
"606",1.9,2.86],[
"607",1.25,2.86],[
"608",1.73,2.86],[
"609",1.58,2.86],[
"610",0.75,2.86],[
"611",2.3,3.49],[
"612",2.15,3.49],[
"613",2,3.49],[
"614",2.25,3.49],[
"615",2,3.49],[
"616",2.28,3.49],[
"617",1.74,3.49],[
"618",2.22,3.49],[
"619",2.29,3.49],[
"620",2.3,3.49],[
"621",3.27,3.31],[
"622",2.91,3.31],[
"623",3.3,3.31],[
"624",2.73,3.31],[
"625",3.08,3.31],[
"626",0,3.45],[
"627",2.89,3.29],[
"628",2.93,3.29],[
"629",2.71,3.29],[
"630",2.19,3.29],[
"631",2.48,3.29],[
"632",1.8,3.29],[
"633",2.6,3.29],[
"634",1.94,2.64],[
"635",1.94,2.61],[
"636",2.22,2.64],[
"637",2.22,2.61],[
"638",2.85,2.74],[
"639",2.69,2.74],[
"640",2.25,2.74],[
"641",2.7,2.74],[
"642",2.6,2.74],[
"643",2.83,2.74],[
"644",2.48,3.18],[
"645",2.89,3.18],[
"646",2.5,3.18],[
"647",2.15,3.18],[
"648",2.2,3.18],[
"649",1.5,3.18],[
"650",1.98,3.18],[
"651",1.83,3.18],[
"652",2.42,3.18],[
"653",2.5,2.98],[
"654",2.7,2.98],[
"655",2,2.98],[
"656",2.25,2.98],[
"657",1.5,2.98],[
"658",1.88,2.98],[
"659",2.59,2.98],[
"660",2.64,2.98],[
"661",1.8,2.98],[
"662",1,2.98],[
"663",3.16,3.61],[
"664",3.03,3.61],[
"665",2.74,3.61],[
"666",3.05,3.61],[
"667",2,3.61],[
"668",3.24,3.61],[
"669",3.4,3.61],[
"670",3.35,3.61],[
"671",2.92,3.18],[
"672",3.28,3.18],[
"673",2.66,3.18],[
"674",2.55,3.18],[
"675",2.68,3.18],[
"676",3.19,3.18],[
"677",3.29,3.18],[
"678",3.3,3.18],[
"679",2.14,2.89],[
"680",2.68,2.89],[
"681",2.75,2.89],[
"682",2.37,2.89],[
"683",3.5,2.89],[
"684",2.9,2.89],[
"685",2.6,2.89],[
"686",2.83,2.89],[
"687",1.75,2.89],[
"688",2.23,3.34],[
"689",2.34,3.34],[
"690",1.87,3.34],[
"691",1.93,3.34],[
"692",1,3.34],[
"693",1.92,3.34],[
"694",2.05,3.34],[
"695",1.85,3.34],[
"696",1.98,3.3],[
"697",2.95,3.3],[
"698",2.72,3.3],[
"699",2.67,3.3],[
"700",2.25,3.3],[
"701",2.5,3.3],[
"702",3,3.3],[
"703",2.98,3.3],[
"704",2.9,2.72],[
"705",2.38,2.72],[
"706",2.36,2.72],[
"707",2.17,2.72],[
"708",1.75,2.72],[
"709",2.45,2.72],[
"710",2.91,2.72],[
"711",1.38,2.72],[
"712",1.1,3.39],[
"713",1.11,3.39],[
"714",2.92,3.51],[
"715",2.5,3.51],[
"716",1.45,3.51],[
"717",1.73,3.51],[
"718",3,3.51],[
"719",1.42,3.51],[
"720",1.93,3.51],[
"721",1.8,3.51],[
"722",1.65,3.51],[
"723",2,3.51],[
"724",3.07,2.52],[
"725",2.9,2.52],[
"726",3.05,2.52],[
"727",2.83,2.52],[
"728",3.15,2.52],[
"729",2.85,2.52],[
"730",3.13,2.52],[
"731",1.81,3.44],[
"732",1.94,3.44],[
"733",1.86,3.44],[
"734",1.48,3.44],[
"735",1.75,3.44],[
"736",1.11,3.44],[
"737",2.09,3.44],[
"738",1,3.44],[
"739",2.15,3.44],[
"740",1.37,3.44],[
"741",3.37,3.74],[
"742",3.23,3.74],[
"743",3.69,3.74],[
"744",3.79,3.74],[
"745",3.91,3.74],[
"746",3.82,3.74],[
"747",4,3.74],[
"748",3.74,3.74],[
"749",2.24,3.26],[
"750",2.5,3.26],[
"751",2.35,3.26],[
"752",1.83,3.26],[
"753",4,3.26],[
"754",2.23,3.26],[
"755",2.15,3.26],[
"756",2.3,3.26],[
"757",2.88,3.26],[
"758",2.67,3.11],[
"759",2.77,3.11],[
"760",2,3.11],[
"761",1.56,3.11],[
"762",2.28,3.11],[
"763",2,3.11],[
"764",2.68,3.11],[
"765",2.72,3.11],[
"766",2.39,3.11],[
"767",3.38,3.11],[
"768",2.64,3.09],[
"769",2.77,3.09],[
"770",2.7,3.09],[
"771",2.24,3.09],[
"772",2.61,3.09],[
"773",1.75,3.09],[
"774",2.15,3.09],[
"775",3.16,2.6],[
"776",3,2.6],[
"777",2.93,2.6],[
"778",2.65,2.6],[
"779",2.06,2.6],[
"780",2.65,2.6],[
"781",3.07,2.6],[
"782",3.29,3.7],[
"783",3.43,3.7],[
"784",3.12,3.7],[
"785",3.36,3.7],[
"786",3.64,3.7],[
"787",3.29,3.7],[
"788",4,3.7],[
"789",2.67,3.33],[
"790",2.64,3.33],[
"791",1.93,3.33],[
"792",1.55,3.33],[
"793",1.75,3.33],[
"794",2.45,3.33],[
"795",2.17,3.33],[
"796",2.55,3.33],[
"797",3.5,3.97],[
"798",3.63,3.97],[
"799",3.5,3.97],[
"800",3.55,3.97],[
"801",3.46,3.97],[
"802",3.55,3.97],[
"803",3.93,3.97],[
"804",2.81,3.4],[
"805",2.24,3.4],[
"806",2,3.4],[
"807",1.07,3.4],[
"808",0.13,3.4],[
"809",3.2,3.06],[
"810",2.86,3.06],[
"811",2.93,3.06],[
"812",2.59,3.06],[
"813",2,3.06],[
"814",2.23,3.06],[
"815",3.08,3.06],[
"816",2.74,3.06],[
"817",1.67,3.61],[
"818",2.08,3.61],[
"819",0,3.61],[
"820",1.9,3.61],[
"821",0.5,3.61],[
"822",1.94,2.22],[
"823",1.57,2.22],[
"824",1.5,2.22],[
"825",2.48,2.22],[
"826",2.46,2.22],[
"827",3.36,2.22],[
"828",3.29,2.22],[
"829",2.95,3.62],[
"830",2.85,3.62],[
"831",2.36,3.62],[
"832",1.92,3.62],[
"833",1.62,3.62],[
"834",2.77,3.62],[
"835",2.41,3.62],[
"836",2.75,3.62],[
"837",0.79,2.87],[
"838",1.4,2.87],[
"839",1.84,2.62],[
"840",2.39,2.62],[
"841",3,2.62],[
"842",1.84,2.62],[
"843",1.6,2.62],[
"844",2.37,2.62],[
"845",2.22,2.62],[
"846",3.23,3.62],[
"847",2.89,3.62],[
"848",2.71,3.62],[
"849",2.58,3.62],[
"850",3.62,3.62],[
"851",2.86,3.62],[
"852",4,3.62],[
"853",1.5,3.05],[
"854",2.1,3.05],[
"855",1.75,3.05],[
"856",2.07,3.05],[
"857",2.73,3.05],[
"858",4,3.05],[
"859",1.93,3.05],[
"860",1.88,3.05],[
"861",2.79,3.05],[
"862",1.88,3.05],[
"863",3.16,3.23],[
"864",3.33,3.23],[
"865",2.78,3.23],[
"866",2.6,3.23],[
"867",2.93,3.23],[
"868",2.68,3.23],[
"869",3.33,3.23],[
"870",1.6,3.41],[
"871",0,3.41],[
"872",2.81,3.47],[
"873",3.24,3.47],[
"874",3.5,3.47],[
"875",3.22,3.47],[
"876",3.25,3.47],[
"877",2.5,3.47],[
"878",3.25,3.47],[
"879",3.69,3.47],[
"880",2.6,3.39],[
"881",2.47,3.39],[
"882",2.85,3.05],[
"883",2.75,3.05],[
"884",3.22,3.05],[
"885",2.67,3.05],[
"886",2.98,3.05],[
"887",3.05,3.05],[
"888",3.46,3.05],[
"889",2.95,3.67],[
"890",2.79,3.67],[
"891",3.22,3.67],[
"892",3,3.67],[
"893",2.64,3.67],[
"894",2.69,3.67],[
"895",3.06,3.67],[
"896",2.37,3.47],[
"897",2.62,3.47],[
"898",1.73,3.47],[
"899",1.64,3.47],[
"900",4,3.47],[
"901",2.85,3.47],[
"902",2.48,3.47],[
"903",2.25,3.47],[
"904",1.27,3.24],[
"905",1.72,3.24],[
"906",0.45,3.24],[
"907",0.62,3.24],[
"908",2,3.24],[
"909",2,3.54],[
"910",0.97,3.54],[
"911",0,2.94],[
"912",0.67,2.94],[
"913",1,2.94],[
"914",0.75,2.94],[
"915",2.37,3.19],[
"916",2.34,3.19],[
"917",1.41,3.19],[
"918",1.56,3.19],[
"919",2.5,3.19],[
"920",1.82,3.19],[
"921",1.3,3.19],[
"922",1.26,3.19],[
"923",1.94,3.19],[
"924",0,3.19],[
"925",2.27,3.08],[
"926",1.95,3.08],[
"927",1.85,3.08],[
"928",2.8,3.08],[
"929",2.14,3.08],[
"930",1.94,3.08],[
"931",2.33,3.08],[
"932",2.9,3.08],[
"933",2.59,3.63],[
"934",2.72,3.63],[
"935",2.14,3.63],[
"936",2.03,3.63],[
"937",3.67,3.63],[
"938",2.35,3.63],[
"939",2.34,3.63],[
"940",3.1,3.63],[
"941",2.19,2.89],[
"942",2.18,2.89],[
"943",1.57,2.89],[
"944",1.5,2.89],[
"945",2,2.89],[
"946",1.4,2.89],[
"947",1.43,2.89],[
"948",2,2.89],[
"949",2.08,2.89],[
"950",1.68,2.89],[
"951",0.97,2.89],[
"952",2.3,2.89],[
"953",2.17,2.71],[
"954",2.23,2.71],[
"955",1,2.71],[
"956",1.23,2.71],[
"957",2,2.71],[
"958",0.65,2.71],[
"959",0.88,2.71],[
"960",0.78,2.14],[
"961",1.74,2.14],[
"962",0,2.14],[
"963",2.82,3.41],[
"964",2.53,3.41],[
"965",2.09,3.41],[
"966",1.68,3.41],[
"967",2.48,3.41],[
"968",2.1,3.41],[
"969",2.9,3.41],[
"970",2.87,2.69],[
"971",2.81,2.69],[
"972",4,2.69],[
"973",3.08,2.69],[
"974",3,2.69],[
"975",3.5,2.69],[
"976",3.19,2.69],[
"977",3.67,2.69],[
"978",3.93,2.69],[
"979",3.14,3.88],[
"980",3.06,3.88],[
"981",2.75,3.88],[
"982",2.75,3.88],[
"983",3.18,3.88],[
"984",2.72,3.88],[
"985",3.05,3.88],[
"986",2.32,2.86],[
"987",2.2,2.86],[
"988",2,2.86],[
"989",2.05,2.86],[
"990",1.79,2.86],[
"991",2,2.86],[
"992",2.37,2.86],[
"993",2.19,2.86],[
"994",4,2.86],[
"995",2.4,2.86],[
"996",1.3,2.33],[
"997",0,2.33],[
"998",1.97,3.14],[
"999",2.33,3.14],[
"1000",2.25,3.14],[
"1001",1.71,3.14],[
"1002",1.93,3.14],[
"1003",2.84,3.14],[
"1004",2.59,3.14],[
"1005",2.31,3.14],[
"1006",1.85,3.14],[
"1007",2,2.52],[
"1008",2.33,2.52],[
"1009",0.79,2.52],[
"1010",2.27,2.52],[
"1011",2.5,2.52],[
"1012",1.93,2.52],[
"1013",2.03,2.52],[
"1014",1.88,2.52],[
"1015",2.13,2.52],[
"1016",1.85,2.61],[
"1017",0.18,2.61],[
"1018",1.6,3.23],[
"1019",2,3.23],[
"1020",2.84,3.23],[
"1021",1.89,3.23],[
"1022",2.46,3.23],[
"1023",2.55,3.23],[
"1024",2.25,3.23],[
"1025",1.88,2.97],[
"1026",1.75,2.97],[
"1027",1.69,2.97],[
"1028",2.72,2.97],[
"1029",3.5,2.97],[
"1030",1.46,2.97],[
"1031",2.24,2.97],[
"1032",2.23,2.97],[
"1033",2.18,2.97],[
"1034",1.44,2.35],[
"1035",1.48,2.35],[
"1036",1.5,2.35],[
"1037",1.31,2.77],[
"1038",2.23,3.2],[
"1039",1.9,3.2],[
"1040",1.75,3.2],[
"1041",1.74,3.2],[
"1042",2.29,3.2],[
"1043",2.32,3.2],[
"1044",1.64,3.2],[
"1045",2.23,3.2],[
"1046",3.14,3.2],[
"1047",2.95,3.2],[
"1048",2.34,2.84],[
"1049",1.98,2.84],[
"1050",2,2.84],[
"1051",1.42,2.84],[
"1052",1.69,2.84],[
"1053",2,2.84],[
"1054",1.44,2.84],[
"1055",1.19,2.84],[
"1056",2.19,2.84],[
"1057",0,2.84],[
"1058",1.1,2.84],[
"1059",2.06,2.84],[
"1060",0.27,2.26],[
"1061",0,2.26],[
"1062",1.87,2.8],[
"1063",3.03,2.8],[
"1064",2.84,2.8],[
"1065",2.21,3.44],[
"1066",1.95,3.44],[
"1067",2.27,3.44],[
"1068",2.5,3.44],[
"1069",1.25,3.44],[
"1070",2.42,3.44],[
"1071",2.43,3.44],[
"1072",3.18,3.44],[
"1073",3.25,3.44],[
"1074",2.53,3.36],[
"1075",2.38,3.36],[
"1076",3,3.36],[
"1077",1.03,3.36],[
"1078",1.79,3.36],[
"1079",3.5,3.36],[
"1080",2.38,3.36],[
"1081",1.95,3.36],[
"1082",1.97,3.36],[
"1083",1.87,3.36],[
"1084",0,3.36],[
"1085",2.75,3.25],[
"1086",3.2,3.25],[
"1087",3,3.25],[
"1088",2.86,3.25],[
"1089",1.87,3.25],[
"1090",3,3.25],[
"1091",3.32,3.25],[
"1092",2.59,2.75],[
"1093",2.5,2.75],[
"1094",1.95,2.75],[
"1095",1.93,2.75],[
"1096",3,2.75],[
"1097",2.75,2.75],[
"1098",2.34,2.75],[
"1099",2.18,2.75],[
"1100",3.22,3.82],[
"1101",2.88,3.82],[
"1102",3.39,3.82],[
"1103",3.15,3.82],[
"1104",3.78,3.82],[
"1105",3.5,3.82],[
"1106",3.31,3.82],[
"1107",2.09,2.88],[
"1108",2.96,2.88],[
"1109",3.08,2.88],[
"1110",3.18,2.88],[
"1111",3.5,2.88],[
"1112",2.98,2.88],[
"1113",3.33,2.88],[
"1114",4,3.86],[
"1115",3.86,3.86],[
"1116",4,3.86],[
"1117",3.85,3.86],[
"1118",4,3.86],[
"1119",3.84,3.86],[
"1120",3.93,3.86],[
"1121",1.64,2.65],[
"1122",0.92,2.65],[
"1123",2.24,2.89],[
"1124",1.7,2.89],[
"1125",1.44,2.89],[
"1126",1.74,2.89],[
"1127",1,2.89],[
"1128",1.64,2.76],[
"1129",2.07,2.83],[
"1130",2.3,2.83],[
"1131",2.08,2.83],[
"1132",2.5,2.83],[
"1133",1.5,2.83],[
"1134",2.16,2.83],[
"1135",2.93,2.83],[
"1136",3.11,2.83],[
"1137",1.59,2.8],[
"1138",0.82,2.8],[
"1139",2.84,3.51],[
"1140",3.28,3.51],[
"1141",3.61,3.51],[
"1142",3.18,3.51],[
"1143",3.79,3.51],[
"1144",3.34,3.51],[
"1145",3.78,3.51],[
"1146",2.06,3.31],[
"1147",2.16,3.31],[
"1148",1.53,3.31],[
"1149",2.4,3.31],[
"1150",2.67,3.31],[
"1151",2.29,3.31],[
"1152",2.11,3.31],[
"1153",2.44,3.31],[
"1154",2.72,3.31],[
"1155",2.82,3.3],[
"1156",3.18,3.3],[
"1157",2.25,3.3],[
"1158",3.22,3.3],[
"1159",3.68,3.3],[
"1160",3,3.3],[
"1161",3.82,3.3],[
"1162",3.55,3.3],[
"1163",2.23,2.93],[
"1164",2.12,2.93],[
"1165",2.4,2.93],[
"1166",2.58,2.93],[
"1167",0.93,2.93],[
"1168",1.37,2.93],[
"1169",0.97,2.93],[
"1170",1.63,2.93],[
"1171",1.5,2.93],[
"1172",0,2.93],[
"1173",1.57,2.93],[
"1174",1.92,2.93],[
"1175",2.34,2.93],[
"1176",1.66,2.93],[
"1177",2.59,2.93],[
"1178",2.25,2.93],[
"1179",1.46,2.93],[
"1180",2.28,2.93],[
"1181",2.16,2.93],[
"1182",3.64,3.57],[
"1183",3.48,3.57],[
"1184",3.35,3.57],[
"1185",2.91,3.57],[
"1186",3,3.57],[
"1187",2.43,3.57],[
"1188",2.95,3.57],[
"1189",2.47,3.02],[
"1190",2.75,3.02],[
"1191",1.45,3.02],[
"1192",1.25,3.02],[
"1193",3.25,3.02],[
"1194",1.77,3.02],[
"1195",1.58,3.02],[
"1196",1.69,3.02],[
"1197",0.79,3.02],[
"1198",1.75,3.02],[
"1199",2.81,3.29],[
"1200",2.79,3.29],[
"1201",1.85,3.29],[
"1202",1.74,3.29],[
"1203",1.5,3.29],[
"1204",2.35,3.29],[
"1205",2.08,3.29],[
"1206",1.92,3.29],[
"1207",2.14,3.29],[
"1208",1.54,2.51],[
"1209",1.3,2.51],[
"1210",2.2,2.51],[
"1211",1.97,2.51],[
"1212",0,2.51],[
"1213",0.7,2.51],[
"1214",2.09,2.51],[
"1215",1.69,2.51],[
"1216",2.29,2.51],[
"1217",1.17,2.51],[
"1218",2.64,3.38],[
"1219",1.95,3.38],[
"1220",1.79,3.38],[
"1221",1.75,3.38],[
"1222",0.69,3.38],[
"1223",1.18,3.38],[
"1224",2.53,3.69],[
"1225",2.54,3.69],[
"1226",1.84,3.69],[
"1227",1.74,3.69],[
"1228",3.5,3.69],[
"1229",2.2,3.69],[
"1230",1.96,3.69],[
"1231",2.57,3.69],[
"1232",1.92,3.69],[
"1233",2.77,3.7],[
"1234",3.06,3.7],[
"1235",3,3.7],[
"1236",3.22,3.7],[
"1237",3.17,3.7],[
"1238",3.34,3.7],[
"1239",3.33,3.7],[
"1240",2.48,2.49],[
"1241",2.39,2.49],[
"1242",2.22,2.49],[
"1243",2.15,2.49],[
"1244",2.5,2.49],[
"1245",2,2.49],[
"1246",2.65,2.49],[
"1247",2.79,2.49],[
"1248",1.66,2.56],[
"1249",1.35,2.56],[
"1250",2.5,2.56],[
"1251",2.15,2.56],[
"1252",1.69,2.56],[
"1253",1.66,2.56],[
"1254",1.82,2.56],[
"1255",1.5,2.92],[
"1256",2,2.92],[
"1257",1.09,2.92],[
"1258",1.77,2.79],[
"1259",2.53,2.79],[
"1260",2.25,2.79],[
"1261",2.32,2.79],[
"1262",1.5,2.79],[
"1263",3.75,2.79],[
"1264",2.78,2.79],[
"1265",2.15,2.79],[
"1266",2.32,2.79],[
"1267",2.04,2.79],[
"1268",3.29,2.93],[
"1269",3.42,2.93],[
"1270",3.15,2.93],[
"1271",3.58,2.93],[
"1272",3.66,2.93],[
"1273",3.79,2.93],[
"1274",3.73,2.93],[
"1275",2.47,2.91],[
"1276",2.23,2.91],[
"1277",2,2.91],[
"1278",2.53,2.91],[
"1279",1.48,2.91],[
"1280",1.47,2.91],[
"1281",1.8,2.91],[
"1282",1.79,2.91],[
"1283",0,2.91],[
"1284",1.84,2.91],[
"1285",2.17,2.59],[
"1286",2.87,2.59],[
"1287",0,2.59],[
"1288",2.5,2.59],[
"1289",2.15,2.59],[
"1290",2.25,2.59],[
"1291",3.19,2.59],[
"1292",3.21,2.59],[
"1293",2.45,3.48],[
"1294",2.74,3.48],[
"1295",2.65,3.48],[
"1296",2.72,3.48],[
"1297",3.19,3.48],[
"1298",3.36,3.48],[
"1299",3.37,3.48],[
"1300",1.21,3.24],[
"1301",0,3.24],[
"1302",2.37,3.42],[
"1303",2.2,3.42],[
"1304",2.03,3.42],[
"1305",1.19,3.42],[
"1306",3.34,3.42],[
"1307",1.88,3.42],[
"1308",2.1,3.42],[
"1309",2.22,3.42],[
"1310",1.47,3.42],[
"1311",2.15,3.42],[
"1312",1.19,1.85],[
"1313",1,1.85],[
"1314",0,1.85],[
"1315",2.69,3.41],[
"1316",2.98,3.41],[
"1317",2.22,3.41],[
"1318",3.33,3.41],[
"1319",2.88,3.41],[
"1320",3.22,3.41],[
"1321",2.48,2.7],[
"1322",2.5,2.7],[
"1323",2.7,2.7],[
"1324",2.35,2.7],[
"1325",1.43,2.99],[
"1326",1.95,2.99],[
"1327",1,2.99],[
"1328",2.07,2.99],[
"1329",0.75,2.99],[
"1330",2.23,2.99],[
"1331",0.97,2.99],[
"1332",0,2.99],[
"1333",3.29,2.67],[
"1334",3.4,2.67],[
"1335",3.03,2.67],[
"1336",2.5,2.67],[
"1337",3.4,2.67],[
"1338",3.36,2.67],[
"1339",4,2.67],[
"1340",3.73,2.67],[
"1341",3.7,3.68],[
"1342",3.92,3.68],[
"1343",3.8,3.68],[
"1344",4,3.68],[
"1345",3.91,3.68],[
"1346",3.94,3.68],[
"1347",4,3.68],[
"1348",2.8,3.04],[
"1349",2.8,3.04],[
"1350",2,3.04],[
"1351",2.93,3.04],[
"1352",2.42,3.04],[
"1353",3,3.04],[
"1354",2.5,3.04],[
"1355",2.92,3.04],[
"1356",3.19,3.04],[
"1357",2.39,2.98],[
"1358",2.14,2.98],[
"1359",4,2.98],[
"1360",2.25,2.98],[
"1361",2.08,2.98],[
"1362",3.25,2.98],[
"1363",2.44,2.98],[
"1364",3.36,2.98],[
"1365",3.53,2.98],[
"1366",1.84,3.07],[
"1367",0.46,3.07],[
"1368",1.62,2.48],[
"1369",1,2.48],[
"1370",0,2.48],[
"1371",0,2.46],[
"1372",0,2.46],[
"1373",1.13,1.52],[
"1374",1.56,1.52],[
"1375",0,1.52],[
"1376",2.45,2.74],[
"1377",2.37,2.74],[
"1378",2.74,2.74],[
"1379",2.8,2.74],[
"1380",2.88,2.74],[
"1381",2.79,2.74],[
"1382",3.35,2.74],[
"1383",1.92,3.65],[
"1384",1.84,3.65],[
"1385",3,3.65],[
"1386",2.92,3.65],[
"1387",2.95,3.65],[
"1388",3.5,3.65],[
"1389",2.57,3.65],[
"1390",2.58,3.65],[
"1391",0.15,2.8],[
"1392",0,2.8],[
"1393",1.92,3.1],[
"1394",1.64,3.1],[
"1395",2.12,3.1],[
"1396",2.59,3.1],[
"1397",2.05,3.1],[
"1398",1.75,3.1],[
"1399",2.03,3.1],[
"1400",1.8,3.1],[
"1401",0,3.1],[
"1402",1.22,3.1],[
"1403",1.13,3.1],[
"1404",0.5,3.1],[
"1405",2.59,3.44],[
"1406",2.5,3.44],[
"1407",2.72,3.44],[
"1408",2.65,3.44],[
"1409",2.89,3.44],[
"1410",2.95,3.44],[
"1411",3.7,3.44],[
"1412",3.03,2.9],[
"1413",3.17,2.9],[
"1414",2,2.9],[
"1415",2.29,2.9],[
"1416",3,2.9],[
"1417",1.75,2.9],[
"1418",1.75,2.9],[
"1419",2.91,2.9],[
"1420",3.08,2.9],[
"1421",3.2,3.49],[
"1422",2.98,3.49],[
"1423",1.5,3.49],[
"1424",3.08,3.49],[
"1425",3.39,3.49],[
"1426",2.75,3.49],[
"1427",3.19,3.49],[
"1428",3.33,3.49],[
"1429",1.98,2.72],[
"1430",1.98,2.57],[
"1431",1.89,2.72],[
"1432",1.89,2.57],[
"1433",1.5,2.72],[
"1434",1.5,2.57],[
"1435",2.1,2.72],[
"1436",2.1,2.57],[
"1437",2.47,3.11],[
"1438",3.03,3.11],[
"1439",2.56,3.11],[
"1440",2.63,3.11],[
"1441",3.5,3.11],[
"1442",2.81,3.11],[
"1443",3.14,3.11],[
"1444",3.12,3.11],[
"1445",3.53,3.66],[
"1446",3.53,3.66],[
"1447",3.37,3.66],[
"1448",2.9,3.66],[
"1449",3.59,3.66],[
"1450",3.38,3.66],[
"1451",3.18,3.66],[
"1452",3.42,3.66],[
"1453",2.67,3.7],[
"1454",2.89,3.7],[
"1455",2.25,3.7],[
"1456",2.15,3.7],[
"1457",2.75,3.7],[
"1458",2.21,3.7],[
"1459",2.81,3.7],[
"1460",3.06,3.7],[
"1461",3.25,3.7],[
"1462",1.24,2.97],[
"1463",2.03,2.97],[
"1464",2.29,3.43],[
"1465",2.18,3.43],[
"1466",4,3.43],[
"1467",1.63,3.43],[
"1468",0.81,3.43],[
"1469",3.5,3.43],[
"1470",0,3.43],[
"1471",2.65,3.43],[
"1472",2.3,3.43],[
"1473",2.47,3.43],[
"1474",1.75,3.43],[
"1475",1.43,3.43],[
"1476",1.73,2.51],[
"1477",2.65,2.51],[
"1478",2.25,2.51],[
"1479",1.83,2.51],[
"1480",3.5,2.51],[
"1481",2.18,2.51],[
"1482",2.05,2.51],[
"1483",2.18,2.51],[
"1484",1.5,2.51],[
"1485",3.29,2.89],[
"1486",3.4,2.89],[
"1487",3.38,2.89],[
"1488",3.33,2.89],[
"1489",2.65,2.89],[
"1490",2.9,2.89],[
"1491",3.24,2.89],[
"1492",2.04,2.58],[
"1493",1.4,2.58],[
"1494",1.66,2.58],[
"1495",0.89,2.58],[
"1496",0.5,2.59],[
"1497",0,2.59],[
"1498",1.84,2.57],[
"1499",2.17,2.57],[
"1500",1.75,2.57],[
"1501",2.25,2.57],[
"1502",2.89,2.57],[
"1503",2.78,2.57],[
"1504",3.2,2.57],[
"1505",2.16,2.79],[
"1506",2.75,2.79],[
"1507",2.37,2.79],[
"1508",2.58,3.44],[
"1509",2.15,3.44],[
"1510",1.65,3.44],[
"1511",1.7,3.44],[
"1512",1.73,3.44],[
"1513",2.79,3.44],[
"1514",2.25,3.44],[
"1515",1.4,3.44],[
"1516",2,3.44],[
"1517",3.73,2.86],[
"1518",3.84,2.86],[
"1519",3.82,2.86],[
"1520",3.27,2.86],[
"1521",3.17,3.48],[
"1522",2.88,3.48],[
"1523",2.24,3.48],[
"1524",1.95,3.48],[
"1525",2.75,3.48],[
"1526",2.2,3.48],[
"1527",2.32,3.48],[
"1528",3.12,3.48],[
"1529",2.4,3.48],[
"1530",2.37,3.12],[
"1531",2.7,3.12],[
"1532",2.5,3.12],[
"1533",2.77,3.12],[
"1534",2.21,3.12],[
"1535",3.09,3.12],[
"1536",1,3.12],[
"1537",1.44,2.16],[
"1538",2.2,2.16],[
"1539",3.5,2.16],[
"1540",3,2.16],[
"1541",2.87,2.16],[
"1542",0,2.16],[
"1543",2,2.16],[
"1544",1.89,2.16],[
"1545",2.08,2.16],[
"1546",1.37,2.16],[
"1547",0.5,2.16],[
"1548",0.4,2.16],[
"1549",1.5,2.16],[
"1550",1,2.16],[
"1551",3.41,3.19],[
"1552",3.3,3.19],[
"1553",2.48,3.19],[
"1554",2.38,3.19],[
"1555",2.98,3.19],[
"1556",2.74,3.19],[
"1557",2.65,3.19],[
"1558",2.5,3.14],[
"1559",2.83,3.14],[
"1560",2,3.14],[
"1561",2.2,3.14],[
"1562",2.58,3.14],[
"1563",2.4,3.03],[
"1564",2.39,3.03],[
"1565",1.59,3.03],[
"1566",1.09,3.03],[
"1567",2.25,3.03],[
"1568",1,3.03],[
"1569",1.08,3.03],[
"1570",2,3.03],[
"1571",1.85,2.48],[
"1572",2,2.48],[
"1573",1.5,2.48],[
"1574",1.62,2.48],[
"1575",2.57,2.48],[
"1576",2.62,2.48],[
"1577",2.75,2.48],[
"1578",1,2.48],[
"1579",2.5,2.9],[
"1580",2.35,2.9],[
"1581",1.48,2.9],[
"1582",2.27,2.9],[
"1583",2,2.9],[
"1584",2,2.9],[
"1585",2.44,2.9],[
"1586",2.43,2.9],[
"1587",2.5,2.9],[
"1588",1.94,3.56],[
"1589",1.94,0],[
"1590",2.62,3.56],[
"1591",2.62,0],[
"1592",2.25,3.56],[
"1593",2.25,0],[
"1594",2.17,3.56],[
"1595",2.17,0],[
"1596",1.64,3.56],[
"1597",1.64,0],[
"1598",2,3.56],[
"1599",2,0],[
"1600",2.58,3.56],[
"1601",2.58,0],[
"1602",1.4,3.56],[
"1603",1.4,0],[
"1604",2.94,2.96],[
"1605",3.13,2.96],[
"1606",2.92,2.96],[
"1607",2.92,2.96],[
"1608",3.75,2.96],[
"1609",2.23,2.96],[
"1610",2.86,2.96],[
"1611",2.9,2.96],[
"1612",2.27,2.77],[
"1613",2.71,2.77],[
"1614",2.09,2.77],[
"1615",1.93,2.77],[
"1616",3,2.77],[
"1617",2.52,2.77],[
"1618",2.28,2.77],[
"1619",2.43,2.77],[
"1620",1.83,3.54],[
"1621",2.06,3.54],[
"1622",2.31,3.54],[
"1623",2.15,3.54],[
"1624",2.66,3.54],[
"1625",2.23,3.54],[
"1626",2.65,3.54],[
"1627",1.73,3.54],[
"1628",2,3.54],[
"1629",3.56,3.82],[
"1630",3.89,3.82],[
"1631",3.77,3.82],[
"1632",3.48,3.82],[
"1633",3.5,3.82],[
"1634",3.24,3.82],[
"1635",3.7,3.82],[
"1636",3.75,3.82],[
"1637",2.34,3.31],[
"1638",2.42,3.31],[
"1639",0.5,3.31],[
"1640",1.89,3.31],[
"1641",1.79,3.31],[
"1642",2,3.31],[
"1643",1.5,3.31],[
"1644",1.59,3.31],[
"1645",2.03,3.31],[
"1646",1.85,3.31],[
"1647",2.1,2.99],[
"1648",2.85,2.99],[
"1649",2.58,2.99],[
"1650",2.29,2.99],[
"1651",2.5,2.99],[
"1652",2.09,2.99],[
"1653",3,2.99],[
"1654",3.13,2.99],[
"1655",2.93,3.67],[
"1656",2.53,3.67],[
"1657",2.59,3.67],[
"1658",2.25,3.67],[
"1659",2,3.67],[
"1660",2.71,3.67],[
"1661",2.96,3.67],[
"1662",3.69,3.67],[
"1663",2.92,3.13],[
"1664",2.84,3.13],[
"1665",2.64,3.13],[
"1666",2.53,3.13],[
"1667",3.25,3.13],[
"1668",2.2,3.13],[
"1669",2.16,3.13],[
"1670",2.45,3.13],[
"1671",2.82,3.57],[
"1672",2.88,3.57],[
"1673",1.93,3.57],[
"1674",1.81,3.57],[
"1675",3,3.57],[
"1676",2.65,3.57],[
"1677",1.43,3.57],[
"1678",2.25,3.57],[
"1679",2.82,3.57],[
"1680",2.29,2.88],[
"1681",2.5,2.88],[
"1682",2.25,2.88],[
"1683",2,2.88],[
"1684",2.5,2.88],[
"1685",2.5,2.88],[
"1686",3.05,2.88],[
"1687",3.37,2.88],[
"1688",3.75,4],[
"1689",3.86,4],[
"1690",3.59,4],[
"1691",3.36,4],[
"1692",3.33,4],[
"1693",3.12,4],[
"1694",1.84,3.16],[
"1695",2.7,3.16],[
"1696",2.5,3.16],[
"1697",1.73,3.16],[
"1698",2.71,3.16],[
"1699",2.82,3.16],[
"1700",3.41,3.63],[
"1701",3.68,3.63],[
"1702",3.41,3.63],[
"1703",3.15,3.63],[
"1704",3.2,3.63],[
"1705",3.03,3.63],[
"1706",3.48,3.63],[
"1707",2.72,3],[
"1708",2.55,3],[
"1709",1.08,3],[
"1710",1.59,3],[
"1711",1.8,3],[
"1712",2.25,3],[
"1713",2.05,3],[
"1714",2.13,3],[
"1715",2.79,3],[
"1716",2.71,3.11],[
"1717",2.4,3.11],[
"1718",1.83,3.11],[
"1719",0.68,3.11],[
"1720",0,3.11],[
"1721",1.75,3.11],[
"1722",2.33,3.11],[
"1723",1.29,3.11],[
"1724",2,3.11],[
"1725",2.75,3.5],[
"1726",2.83,3.5],[
"1727",2.06,3.5],[
"1728",1.73,3.5],[
"1729",3.25,3.5],[
"1730",2.05,3.5],[
"1731",2.46,3.5],[
"1732",2.53,3.5],[
"1733",2.5,3.5],[
"1734",2.81,3.42],[
"1735",2.62,3.42],[
"1736",2.06,3.42],[
"1737",2.35,3.42],[
"1738",2.5,3.42],[
"1739",3.05,3.42],[
"1740",2.74,3.42],[
"1741",3.21,3.42],[
"1742",1.79,2.74],[
"1743",0,2.74],[
"1744",2.34,3.2],[
"1745",2.39,3.2],[
"1746",1.89,3.2],[
"1747",1.1,3.2],[
"1748",1.75,3.2],[
"1749",1.66,3.2],[
"1750",1.19,3.2],[
"1751",2.5,3.2],[
"1752",1.75,3.2],[
"1753",1.79,3.2],[
"1754",1,3.2],[
"1755",1.28,3.2],[
"1756",1.89,2.15],[
"1757",1.98,2.15],[
"1758",1.2,2.15],[
"1759",2.39,3.45],[
"1760",2.89,3.45],[
"1761",2.43,3.45],[
"1762",3,3.45],[
"1763",2.23,3.45],[
"1764",2.62,3.45],[
"1765",3.45,3.45],[
"1766",2.67,3.07],[
"1767",2.77,3.07],[
"1768",2.34,3.07],[
"1769",2.29,3.07],[
"1770",2.03,3.07],[
"1771",2.59,3.07],[
"1772",2.84,3.07],[
"1773",2.3,3.07],[
"1774",2.13,3.06],[
"1775",1.5,3.06],[
"1776",1.25,3.06],[
"1777",1.93,3.06],[
"1778",1.5,3.06],[
"1779",3.06,3.35],[
"1780",3.53,3.35],[
"1781",2.45,3.35],[
"1782",1.59,3.35],[
"1783",4,3.35],[
"1784",2.59,3.35],[
"1785",2.29,3.35],[
"1786",2.18,3.35],[
"1787",3.35,3.35],[
"1788",1.62,3.31],[
"1789",2.37,3.31],[
"1790",1.5,3.31],[
"1791",1.68,3.31],[
"1792",1.98,3.31],[
"1793",1.5,3.31],[
"1794",2.53,3.31],[
"1795",1.27,3.31],[
"1796",2.37,3.31],[
"1797",1.84,3.31],[
"1798",1.92,3.01],[
"1799",1.94,3.01],[
"1800",1.78,3.01],[
"1801",2.03,3.01],[
"1802",0.75,3.01],[
"1803",1.41,3.01],[
"1804",1.83,3.01],[
"1805",0.17,3.01],[
"1806",0.5,3.01],[
"1807",0.84,3.01],[
"1808",3.32,3.75],[
"1809",3.42,3.75],[
"1810",3.46,3.75],[
"1811",3.15,3.75],[
"1812",3.94,3.75],[
"1813",3.48,3.75],[
"1814",0,3.75],[
"1815",3.77,3.75],[
"1816",3.87,3.75],[
"1817",2.79,3.42],[
"1818",2.7,3.42],[
"1819",1.75,3.42],[
"1820",1.42,3.42],[
"1821",2,3.42],[
"1822",1.5,3.42],[
"1823",1.4,3.42],[
"1824",2.55,3.42],[
"1825",2.64,3.34],[
"1826",2.15,3.34],[
"1827",2.24,3.34],[
"1828",2.34,3.34],[
"1829",3.15,3.34],[
"1830",3.13,3.34],[
"1831",3.14,3.62],[
"1832",3.1,3.62],[
"1833",0,3.62],[
"1834",1.87,3.62],[
"1835",1.5,3.62],[
"1836",3,3.62],[
"1837",2.63,3.62],[
"1838",2.6,3.62],[
"1839",2.2,3.62],[
"1840",2.85,3.09],[
"1841",2.85,2.96],[
"1842",2.98,3.09],[
"1843",2.98,2.96],[
"1844",2.6,3.54],[
"1845",2.45,3.54],[
"1846",1.8,3.54],[
"1847",1.8,3.54],[
"1848",2.18,3.54],[
"1849",1.53,3.54],[
"1850",2.35,3.54],[
"1851",1.7,3.54],[
"1852",2.06,2.94],[
"1853",1.62,2.94],[
"1854",2.33,2.94],[
"1855",2.27,2.94],[
"1856",1.75,2.94],[
"1857",1.94,2.94],[
"1858",1.48,2.94],[
"1859",1.5,2.94],[
"1860",1.91,2.94],[
"1861",1,2.94],[
"1862",0.97,2.57],[
"1863",0.97,2.59],[
"1864",1.86,2.57],[
"1865",1.86,2.59],[
"1866",0,2.57],[
"1867",0,2.59],[
"1868",1.84,2.57],[
"1869",1.84,2.59],[
"1870",3.4,2.57],[
"1871",3.4,2.59],[
"1872",1.62,2.57],[
"1873",1.62,2.59],[
"1874",1.25,2.57],[
"1875",1.25,2.59],[
"1876",1.92,2.57],[
"1877",1.92,2.59],[
"1878",2.13,2.57],[
"1879",2.13,2.59],[
"1880",1,2.57],[
"1881",1,2.59],[
"1882",2.17,2.89],[
"1883",1.95,2.89],[
"1884",2.16,2.89],[
"1885",1.04,2.89],[
"1886",4,2.89],[
"1887",2.5,2.89],[
"1888",0,2.89],[
"1889",0,2.89],[
"1890",2.97,3.77],[
"1891",3.25,3.77],[
"1892",2.69,3.77],[
"1893",2.35,3.77],[
"1894",3.29,3.77],[
"1895",2.79,3.77],[
"1896",2.55,3.77],[
"1897",1.29,2.01],[
"1898",1.74,2.01],[
"1899",2.25,2.01],[
"1900",1.65,2.01],[
"1901",2.95,2.93],[
"1902",3,2.93],[
"1903",2.78,2.93],[
"1904",2.25,2.93],[
"1905",3.13,2.93],[
"1906",2.28,2.93],[
"1907",3,2.93],[
"1908",1.84,2.37],[
"1909",2.4,2.37],[
"1910",1.57,2.37],[
"1911",1.95,2.37],[
"1912",1.75,2.37],[
"1913",1.71,2.37],[
"1914",1.81,2.37],[
"1915",2.14,2.37],[
"1916",1.38,2.37],[
"1917",1.5,2.37],[
"1918",0.5,2.37],[
"1919",0.5,2.37],[
"1920",0,2.37],[
"1921",3.37,3.35],[
"1922",2.85,3.35],[
"1923",3.5,3.35],[
"1924",3.29,3.35],[
"1925",3.4,3.35],[
"1926",1.61,3.43],[
"1927",3.07,3.7],[
"1928",3.13,3.7],[
"1929",2.96,3.7],[
"1930",2.12,3.7],[
"1931",2.3,3.7],[
"1932",2.23,3.7],[
"1933",2.98,3.7],[
"1934",3.29,2.56],[
"1935",3.21,2.56],[
"1936",2.66,2.56],[
"1937",2.78,2.56],[
"1938",3.25,2.56],[
"1939",3.11,2.56],[
"1940",3.05,2.56],[
"1941",3.24,2.56]
